date,earliestStartTime,latestEndTime,trainingPersonId
2024-07-02,2024-07-02 08:18:32,2024-07-02 17:33:39,426efe3c10ac11ec8871b07b25146e9e
2024-07-02,2024-07-02 08:19:17,2024-07-02 17:33:39,3265043810a911ec8871b07b25146e9e
2024-07-02,2024-07-02 10:47:56,2024-07-02 17:36:59,8a43a8ba10a911ec8871b07b25146e9e
2024-07-02,2024-07-02 09:57:34,2024-07-02 17:36:59,2a00070d10a911ec8871b07b25146e9e
2024-07-03,2024-07-03 10:27:16,2024-07-03 16:59:58,9e5149b810a911ec8871b07b25146e9e
2024-07-03,2024-07-03 09:54:45,2024-07-03 16:59:58,cdea1a7c10a811ec8871b07b25146e9e
2024-07-03,2024-07-03 09:31:12,2024-07-03 17:33:19,f5a6a2dd10a711ec8871b07b25146e9e
2024-07-03,2024-07-03 14:32:28,2024-07-03 17:33:19,3716c7f96dca11ecb369fa164011f743
2024-07-03,2024-07-03 08:21:53,2024-07-03 17:33:39,3265043810a911ec8871b07b25146e9e
2024-07-03,2024-07-03 10:28:37,2024-07-03 17:33:39,45edfc1510a911ec8871b07b25146e9e
2024-07-03,2024-07-03 08:02:40,2024-07-03 17:36:38,8a43a8ba10a911ec8871b07b25146e9e
2024-07-03,2024-07-03 09:47:13,2024-07-03 17:36:38,8cadbd5910a911ec8871b07b25146e9e
2024-07-03,2024-07-03 07:55:15,2024-07-03 17:48:39,481d60bb10a911ec8871b07b25146e9e
2024-07-03,2024-07-03 07:27:25,2024-07-03 17:48:39,434bc18a10a911ec8871b07b25146e9e
2024-07-03,2024-07-03 09:15:16,2024-07-03 18:07:59,865508b410ab11ec8871b07b25146e9e
2024-07-03,2024-07-03 09:19:14,2024-07-03 18:07:59,156bca6d10a811ec8871b07b25146e9e
2024-07-03,2024-07-03 11:37:22,2024-07-03 22:14:38,4a3a8c5510ab11ec8871b07b25146e9e
2024-07-03,2024-07-03 15:28:34,2024-07-03 22:14:38,56a97f666def11ecb369fa164011f743
2024-07-03,2024-07-03 08:14:21,2024-07-04 00:11:19,de4a2e9b10a711ec8871b07b25146e9e
2024-07-03,2024-07-03 08:05:50,2024-07-04 00:11:19,c70b0d1710ab11ec8871b07b25146e9e
2024-07-03,2024-07-03 08:25:42,2024-07-04 00:11:19,6921f74610a811ec8871b07b25146e9e
2024-07-04,2024-07-04 14:20:09,2024-07-04 16:57:39,0fd601b610ac11ec8871b07b25146e9e
2024-07-04,2024-07-04 14:05:03,2024-07-04 16:57:39,351473b610a811ec8871b07b25146e9e
2024-07-04,2024-07-04 09:29:42,2024-07-04 17:11:19,26f61db410ab11ec8871b07b25146e9e
2024-07-04,2024-07-04 10:31:39,2024-07-04 17:11:19,961c0a7a10a811ec8871b07b25146e9e
2024-07-04,2024-07-04 08:18:44,2024-07-04 17:31:59,d2cbdbe410a711ec8871b07b25146e9e
2024-07-04,2024-07-04 08:39:41,2024-07-04 17:31:59,4f688d6b10a811ec8871b07b25146e9e
2024-07-04,2024-07-04 08:29:58,2024-07-04 17:32:19,d17f6b3f10a711ec8871b07b25146e9e
2024-07-04,2024-07-04 08:06:00,2024-07-04 17:32:19,a3e3a59410a911ec8871b07b25146e9e
2024-07-04,2024-07-04 10:07:56,2024-07-04 17:32:39,539f810f10a911ec8871b07b25146e9e
2024-07-04,2024-07-04 08:13:14,2024-07-04 17:32:39,4c492e6d10a911ec8871b07b25146e9e
2024-07-04,2024-07-04 08:59:03,2024-07-04 17:32:59,4b93788310ab11ec8871b07b25146e9e
2024-07-04,2024-07-04 08:45:48,2024-07-04 17:32:59,4c6da50c10ab11ec8871b07b25146e9e
2024-07-04,2024-07-04 16:58:47,2024-07-04 17:32:59,32fb7b2310ab11ec8871b07b25146e9e
2024-07-04,2024-07-04 08:03:12,2024-07-04 17:32:59,e6f3c51e10c311ec8216b07b25146e9e
2024-07-04,2024-07-04 15:31:03,2024-07-04 17:33:39,ec2c6f6610aa11ec8871b07b25146e9e
2024-07-04,2024-07-04 08:22:08,2024-07-04 17:33:39,d2329c5a10a911ec8871b07b25146e9e
2024-07-04,2024-07-04 08:35:17,2024-07-04 17:36:39,6ad8172b10c511ec8216b07b25146e9e
2024-07-04,2024-07-04 08:04:49,2024-07-04 17:36:39,45edfc1510a911ec8871b07b25146e9e
2024-07-04,2024-07-04 07:50:55,2024-07-04 18:37:18,de4a2e9b10a711ec8871b07b25146e9e
2024-07-04,2024-07-04 08:14:20,2024-07-04 18:37:18,4bf0fd0c10a911ec8871b07b25146e9e
2024-07-04,2024-07-04 07:53:45,2024-07-04 19:14:18,6921f74610a811ec8871b07b25146e9e
2024-07-04,2024-07-04 07:50:55,2024-07-04 19:14:18,c70b0d1710ab11ec8871b07b25146e9e
2024-07-05,2024-07-05 10:33:42,2024-07-05 15:09:38,4d28cf0710ab11ec8871b07b25146e9e
2024-07-05,2024-07-05 03:03:35,2024-07-05 15:09:38,2ab88fd810a911ec8871b07b25146e9e
2024-07-05,2024-07-05 15:57:53,2024-07-05 16:37:39,2819ebf7273911ecb7eafa164011f743
2024-07-05,2024-07-05 08:07:00,2024-07-05 16:37:39,0220742910a811ec8871b07b25146e9e
2024-07-05,2024-07-05 09:51:22,2024-07-05 17:02:59,414ffa5b10a911ec8871b07b25146e9e
2024-07-05,2024-07-05 09:27:49,2024-07-05 17:02:59,46dcda5c10c811ec8216b07b25146e9e
2024-07-05,2024-07-05 08:59:49,2024-07-05 17:04:39,d257422a10c211ec8216b07b25146e9e
2024-07-05,2024-07-05 07:38:21,2024-07-05 17:04:39,1ebc8e3810ab11ec8871b07b25146e9e
2024-07-05,2024-07-05 11:23:38,2024-07-05 17:19:19,6197aaef10a811ec8871b07b25146e9e
2024-07-05,2024-07-05 08:49:30,2024-07-05 17:19:19,143b59ad10a911ec8871b07b25146e9e
2024-07-05,2024-07-05 08:34:26,2024-07-05 17:24:19,9fec359710a811ec8871b07b25146e9e
2024-07-05,2024-07-05 08:12:34,2024-07-05 17:24:19,8d9f41e310cb11ec8216b07b25146e9e
2024-07-05,2024-07-05 10:48:18,2024-07-05 17:24:39,251f192b10ab11ec8871b07b25146e9e
2024-07-05,2024-07-05 15:02:20,2024-07-05 17:24:39,3fa690ce10a911ec8871b07b25146e9e
2024-07-05,2024-07-05 10:08:15,2024-07-05 17:24:59,90c4023a10ab11ec8871b07b25146e9e
2024-07-05,2024-07-05 09:23:14,2024-07-05 17:24:59,6b6870b110ab11ec8871b07b25146e9e
2024-07-05,2024-07-05 08:18:40,2024-07-05 17:24:59,8af6842710ab11ec8871b07b25146e9e
2024-07-05,2024-07-05 08:22:29,2024-07-05 17:25:59,8152311c10ab11ec8871b07b25146e9e
2024-07-05,2024-07-05 07:52:37,2024-07-05 17:25:59,c311a52110ab11ec8871b07b25146e9e
2024-07-05,2024-07-05 14:47:07,2024-07-05 17:30:59,8318eca710a911ec8871b07b25146e9e
2024-07-05,2024-07-05 11:22:57,2024-07-05 17:30:59,6d5cb57110ab11ec8871b07b25146e9e
2024-07-05,2024-07-05 12:27:25,2024-07-05 17:32:19,50eab2d410a911ec8871b07b25146e9e
2024-07-05,2024-07-05 12:44:23,2024-07-05 17:32:19,3d8ee19d10ab11ec8871b07b25146e9e
2024-07-05,2024-07-05 10:23:01,2024-07-05 17:33:19,2b4ac4f210ac11ec8871b07b25146e9e
2024-07-05,2024-07-05 08:53:35,2024-07-05 17:33:19,32fb7b2310ab11ec8871b07b25146e9e
2024-07-05,2024-07-05 09:19:06,2024-07-05 17:33:19,f1ba81b010ab11ec8871b07b25146e9e
2024-07-05,2024-07-05 09:59:39,2024-07-05 17:33:19,34bd6db010c311ec8216b07b25146e9e
2024-07-05,2024-07-05 09:47:19,2024-07-05 17:42:39,4043241610a911ec8871b07b25146e9e
2024-07-05,2024-07-05 10:16:17,2024-07-05 17:42:39,403ca52f10a911ec8871b07b25146e9e
2024-07-05,2024-07-05 11:09:44,2024-07-05 17:57:19,8b28408210a811ec8871b07b25146e9e
2024-07-05,2024-07-05 10:10:18,2024-07-05 17:57:19,d69890f910a711ec8871b07b25146e9e
2024-07-05,2024-07-05 10:23:48,2024-07-05 17:57:19,932df34710a811ec8871b07b25146e9e
2024-07-05,2024-07-05 08:43:38,2024-07-05 18:17:58,4f7fef7810a811ec8871b07b25146e9e
2024-07-05,2024-07-05 08:41:19,2024-07-05 18:17:58,1de890f310ab11ec8871b07b25146e9e
2024-07-05,2024-07-05 14:10:38,2024-07-05 20:50:38,48388ae610a911ec8871b07b25146e9e
2024-07-05,2024-07-05 08:03:06,2024-07-05 20:50:38,d513975010a811ec8871b07b25146e9e
2024-07-05,2024-07-05 09:13:14,2024-07-05 23:39:38,eb2e4d1d10ab11ec8871b07b25146e9e
2024-07-05,2024-07-05 08:42:21,2024-07-05 23:39:38,883587a610ab11ec8871b07b25146e9e
2024-07-05,2024-07-05 11:57:49,2024-07-05 23:39:41,a465b4ab7c3e11ecb17dfa164011f743
2024-07-05,2024-07-05 10:40:12,2024-07-05 23:39:41,347d246d10ab11ec8871b07b25146e9e
2024-07-05,2024-07-05 09:48:30,2024-07-05 23:39:42,35c7cc0110a911ec8871b07b25146e9e
2024-07-05,2024-07-05 12:21:50,2024-07-05 23:39:42,f47a329510a811ec8871b07b25146e9e
2024-07-05,2024-07-05 08:02:56,2024-07-05 23:39:42,de4a2e9b10a711ec8871b07b25146e9e
2024-07-05,2024-07-05 06:50:12,2024-07-05 23:39:45,59111a5d10a811ec8871b07b25146e9e
2024-07-05,2024-07-05 09:46:14,2024-07-05 23:39:45,8dc7a7fd10a911ec8871b07b25146e9e
2024-07-05,2024-07-05 07:45:43,2024-07-05 23:39:48,7d5537f910cb11ec8216b07b25146e9e
2024-07-05,2024-07-05 08:58:11,2024-07-05 23:39:48,3c6533d210a811ec8871b07b25146e9e
2024-07-05,2024-07-05 09:38:50,2024-07-05 23:39:49,d4b1792810a911ec8871b07b25146e9e
2024-07-05,2024-07-05 06:08:45,2024-07-05 23:39:49,3e1b19f410a911ec8871b07b25146e9e
2024-07-06,2024-07-06 00:17:27,2024-07-06 00:23:38,883587a610ab11ec8871b07b25146e9e
2024-07-06,2024-07-06 00:17:26,2024-07-06 00:23:38,eb2e4d1d10ab11ec8871b07b25146e9e
2024-07-06,2024-07-06 08:15:28,2024-07-06 12:07:18,4c17ef0910a911ec8871b07b25146e9e
2024-07-06,2024-07-06 10:52:51,2024-07-06 12:07:18,f3ac086810a711ec8871b07b25146e9e
2024-07-06,2024-07-06 16:44:51,2024-07-06 18:44:58,fd7959c76e9211ecb369fa164011f743
2024-07-06,2024-07-06 14:05:03,2024-07-06 18:44:58,0a704b9b6edb11ecb369fa164011f743
2024-07-06,2024-07-06 09:03:11,2024-07-06 18:54:58,932df34710a811ec8871b07b25146e9e
2024-07-06,2024-07-06 08:32:30,2024-07-06 18:54:58,8b28408210a811ec8871b07b25146e9e
2024-07-06,2024-07-06 07:53:26,2024-07-07 00:43:18,4b5693a410a811ec8871b07b25146e9e
2024-07-06,2024-07-06 07:55:13,2024-07-07 00:43:18,48388ae610a911ec8871b07b25146e9e
2024-07-07,2024-07-07 16:02:48,2024-07-07 21:15:18,ffa8aa3310c111ec8216b07b25146e9e
2024-07-07,2024-07-07 05:58:15,2024-07-07 21:15:18,d240711f10ab11ec8871b07b25146e9e
2024-07-07,2024-07-07 09:17:52,2024-07-07 23:24:38,29bd3a0710a811ec8871b07b25146e9e
2024-07-07,2024-07-07 08:39:06,2024-07-07 23:24:38,4efaae1910a911ec8871b07b25146e9e
2024-07-08,2024-07-08 09:58:34,2024-07-08 15:01:19,b1f4b5a110a911ec8871b07b25146e9e
2024-07-08,2024-07-08 10:01:45,2024-07-08 15:01:19,440388a110ab11ec8871b07b25146e9e
2024-07-08,2024-07-08 08:14:08,2024-07-08 15:23:18,4cfb51e010a911ec8871b07b25146e9e
2024-07-08,2024-07-08 10:38:45,2024-07-08 15:23:18,f80c043c10ca11ec8216b07b25146e9e
2024-07-08,2024-07-08 16:14:36,2024-07-08 16:23:19,3744b0c410a811ec8871b07b25146e9e
2024-07-08,2024-07-08 08:03:49,2024-07-08 16:23:19,e573ca3110a811ec8871b07b25146e9e
2024-07-08,2024-07-08 08:16:30,2024-07-08 16:59:59,3f15db3410a911ec8871b07b25146e9e
2024-07-08,2024-07-08 08:22:17,2024-07-08 16:59:59,7851b26810a811ec8871b07b25146e9e
2024-07-08,2024-07-08 16:31:35,2024-07-08 17:00:39,8c35b96710a811ec8871b07b25146e9e
2024-07-08,2024-07-08 10:02:58,2024-07-08 17:00:39,2819ebf7273911ecb7eafa164011f743
2024-07-08,2024-07-08 14:08:19,2024-07-08 17:01:39,351473b610a811ec8871b07b25146e9e
2024-07-08,2024-07-08 08:57:44,2024-07-08 17:01:39,3f19e9ce10a911ec8871b07b25146e9e
2024-07-08,2024-07-08 07:37:30,2024-07-08 17:01:39,b5a778de10a811ec8871b07b25146e9e
2024-07-08,2024-07-08 10:57:13,2024-07-08 17:03:39,bc1c655810a811ec8871b07b25146e9e
2024-07-08,2024-07-08 10:17:36,2024-07-08 17:03:39,6460c7cd10ab11ec8871b07b25146e9e
2024-07-08,2024-07-08 09:08:13,2024-07-08 17:03:59,2ef581c510ab11ec8871b07b25146e9e
2024-07-08,2024-07-08 09:30:13,2024-07-08 17:03:59,414ffa5b10a911ec8871b07b25146e9e
2024-07-08,2024-07-08 10:44:10,2024-07-08 17:06:19,4520860710a911ec8871b07b25146e9e
2024-07-08,2024-07-08 13:08:27,2024-07-08 17:06:19,6805eec410c511ec8216b07b25146e9e
2024-07-08,2024-07-08 15:26:43,2024-07-08 17:20:58,6d3ab1e410a911ec8871b07b25146e9e
2024-07-08,2024-07-08 06:32:50,2024-07-08 17:20:58,4872606b10a911ec8871b07b25146e9e
2024-07-08,2024-07-08 07:45:27,2024-07-08 17:22:39,2c44657410ab11ec8871b07b25146e9e
2024-07-08,2024-07-08 09:17:37,2024-07-08 17:22:39,b69ecc0610a811ec8871b07b25146e9e
2024-07-08,2024-07-08 09:26:38,2024-07-08 17:30:18,84309e4710a811ec8871b07b25146e9e
2024-07-08,2024-07-08 08:28:26,2024-07-08 17:30:18,426efe3c10ac11ec8871b07b25146e9e
2024-07-08,2024-07-08 10:23:55,2024-07-08 17:31:19,9c03fe5010a911ec8871b07b25146e9e
2024-07-08,2024-07-08 09:32:43,2024-07-08 17:31:19,3e4a854f10a911ec8871b07b25146e9e
2024-07-08,2024-07-08 08:11:01,2024-07-08 17:31:21,1407a35910a811ec8871b07b25146e9e
2024-07-08,2024-07-08 09:30:38,2024-07-08 17:31:21,0761931510a811ec8871b07b25146e9e
2024-07-08,2024-07-08 14:34:50,2024-07-08 17:32:19,4d28cf0710ab11ec8871b07b25146e9e
2024-07-08,2024-07-08 09:26:12,2024-07-08 17:32:19,2a00070d10a911ec8871b07b25146e9e
2024-07-08,2024-07-08 10:23:08,2024-07-08 17:32:19,6209db8710a911ec8871b07b25146e9e
2024-07-08,2024-07-08 08:39:18,2024-07-08 17:32:19,4f7fef7810a811ec8871b07b25146e9e
2024-07-08,2024-07-08 08:49:42,2024-07-08 17:32:20,1bd34b0d10a911ec8871b07b25146e9e
2024-07-08,2024-07-08 08:18:08,2024-07-08 17:32:20,faa3682f6eba11ecb369fa164011f743
2024-07-08,2024-07-08 08:56:47,2024-07-08 17:32:39,f6610edf10aa11ec8871b07b25146e9e
2024-07-08,2024-07-08 08:21:48,2024-07-08 17:32:39,3cb78afb10ab11ec8871b07b25146e9e
2024-07-08,2024-07-08 08:18:22,2024-07-08 17:32:59,4c6da50c10ab11ec8871b07b25146e9e
2024-07-08,2024-07-08 07:58:35,2024-07-08 17:32:59,4bbffc6910ab11ec8871b07b25146e9e
2024-07-08,2024-07-08 08:32:14,2024-07-08 17:32:59,67c2a36110a911ec8871b07b25146e9e
2024-07-08,2024-07-08 09:52:49,2024-07-08 17:33:19,42cd83a010a811ec8871b07b25146e9e
2024-07-08,2024-07-08 09:53:08,2024-07-08 17:33:19,d2cbdbe410a711ec8871b07b25146e9e
2024-07-08,2024-07-08 08:05:44,2024-07-08 17:33:40,8a43a8ba10a911ec8871b07b25146e9e
2024-07-08,2024-07-08 07:59:51,2024-07-08 17:33:40,b624b2ad10a911ec8871b07b25146e9e
2024-07-08,2024-07-08 10:42:42,2024-07-08 17:33:40,f5a6a2dd10a711ec8871b07b25146e9e
2024-07-08,2024-07-08 08:17:55,2024-07-08 17:33:59,46bc282410ab11ec8871b07b25146e9e
2024-07-08,2024-07-08 08:17:05,2024-07-08 17:33:59,b2c3533710ab11ec8871b07b25146e9e
2024-07-08,2024-07-08 08:55:50,2024-07-08 17:34:39,2b4ac4f210ac11ec8871b07b25146e9e
2024-07-08,2024-07-08 09:51:15,2024-07-08 17:34:39,3716c7f96dca11ecb369fa164011f743
2024-07-08,2024-07-08 10:05:09,2024-07-08 18:03:19,8ca57d0910a811ec8871b07b25146e9e
2024-07-08,2024-07-08 08:09:55,2024-07-08 18:03:19,8732515910a911ec8871b07b25146e9e
2024-07-08,2024-07-08 08:51:26,2024-07-08 18:03:19,303da3f410ab11ec8871b07b25146e9e
2024-07-08,2024-07-08 07:56:53,2024-07-08 18:04:39,36b1eb0b10a811ec8871b07b25146e9e
2024-07-08,2024-07-08 07:50:07,2024-07-08 18:04:39,149643dc10aa11ec8871b07b25146e9e
2024-07-08,2024-07-08 08:11:04,2024-07-08 18:04:59,4cacabcd10ab11ec8871b07b25146e9e
2024-07-08,2024-07-08 08:18:16,2024-07-08 18:04:59,4043241610a911ec8871b07b25146e9e
2024-07-08,2024-07-08 08:21:05,2024-07-08 18:06:39,d69890f910a711ec8871b07b25146e9e
2024-07-08,2024-07-08 11:14:28,2024-07-08 18:06:39,875e04cb10a811ec8871b07b25146e9e
2024-07-08,2024-07-08 08:22:58,2024-07-08 18:06:39,932df34710a811ec8871b07b25146e9e
2024-07-08,2024-07-08 08:24:18,2024-07-08 18:06:39,8b28408210a811ec8871b07b25146e9e
2024-07-08,2024-07-08 16:32:22,2024-07-08 18:10:38,fd5fc17e10a911ec8871b07b25146e9e
2024-07-08,2024-07-08 08:28:54,2024-07-08 18:10:38,f3ac086810a711ec8871b07b25146e9e
2024-07-08,2024-07-08 08:53:54,2024-07-08 18:39:58,fd7959c76e9211ecb369fa164011f743
2024-07-08,2024-07-08 08:43:56,2024-07-08 18:39:58,0a704b9b6edb11ecb369fa164011f743
2024-07-08,2024-07-08 16:41:19,2024-07-08 21:31:18,621f3b8c10a811ec8871b07b25146e9e
2024-07-08,2024-07-08 10:03:24,2024-07-08 21:31:18,56a97f666def11ecb369fa164011f743
2024-07-09,2024-07-09 10:30:21,2024-07-09 13:08:58,85e0dbe210a811ec8871b07b25146e9e
2024-07-09,2024-07-09 10:03:17,2024-07-09 13:08:58,fec2516b10a911ec8871b07b25146e9e
2024-07-09,2024-07-09 09:06:48,2024-07-09 16:26:19,a83006f610a811ec8871b07b25146e9e
2024-07-09,2024-07-09 09:47:11,2024-07-09 16:26:19,b918b03a10ab11ec8871b07b25146e9e
2024-07-09,2024-07-09 09:07:55,2024-07-09 17:02:39,0fd601b610ac11ec8871b07b25146e9e
2024-07-09,2024-07-09 08:29:31,2024-07-09 17:02:39,2ef581c510ab11ec8871b07b25146e9e
2024-07-09,2024-07-09 11:53:42,2024-07-09 17:04:39,603d826c10a811ec8871b07b25146e9e
2024-07-09,2024-07-09 09:01:51,2024-07-09 17:04:39,3c6533d210a811ec8871b07b25146e9e
2024-07-09,2024-07-09 08:08:51,2024-07-09 17:08:39,8bb5e51810a911ec8871b07b25146e9e
2024-07-09,2024-07-09 08:12:27,2024-07-09 17:08:39,426efe3c10ac11ec8871b07b25146e9e
2024-07-09,2024-07-09 16:53:54,2024-07-09 17:12:39,3cc6fc9110ab11ec8871b07b25146e9e
2024-07-09,2024-07-09 11:15:18,2024-07-09 17:12:39,6727156010a911ec8871b07b25146e9e
2024-07-09,2024-07-09 08:26:38,2024-07-09 17:17:59,c1c9065910c411ec8216b07b25146e9e
2024-07-09,2024-07-09 09:47:12,2024-07-09 17:17:59,b69ecc0610a811ec8871b07b25146e9e
2024-07-09,2024-07-09 07:30:37,2024-07-09 17:22:39,c1d50b5810a811ec8871b07b25146e9e
2024-07-09,2024-07-09 09:13:04,2024-07-09 17:22:39,961c0a7a10a811ec8871b07b25146e9e
2024-07-09,2024-07-09 07:58:06,2024-07-09 17:25:19,2512ce6010ab11ec8871b07b25146e9e
2024-07-09,2024-07-09 08:30:43,2024-07-09 17:25:19,e4ca1f7510ab11ec8871b07b25146e9e
2024-07-09,2024-07-09 10:54:26,2024-07-09 17:26:39,85f0d56910a811ec8871b07b25146e9e
2024-07-09,2024-07-09 07:53:08,2024-07-09 17:26:39,251f192b10ab11ec8871b07b25146e9e
2024-07-09,2024-07-09 16:38:48,2024-07-09 17:27:18,4de79ef210a911ec8871b07b25146e9e
2024-07-09,2024-07-09 08:06:14,2024-07-09 17:27:18,577a2daf10ab11ec8871b07b25146e9e
2024-07-09,2024-07-09 08:46:09,2024-07-09 17:27:19,b8d22a3c10ab11ec8871b07b25146e9e
2024-07-09,2024-07-09 08:09:52,2024-07-09 17:27:19,488fa0ab10a911ec8871b07b25146e9e
2024-07-09,2024-07-09 08:09:27,2024-07-09 17:27:19,481d60bb10a911ec8871b07b25146e9e
2024-07-09,2024-07-09 09:08:05,2024-07-09 17:27:19,098303fd10aa11ec8871b07b25146e9e
2024-07-09,2024-07-09 08:48:01,2024-07-09 17:30:59,b4e168aa10aa11ec8871b07b25146e9e
2024-07-09,2024-07-09 09:16:11,2024-07-09 17:30:59,df007cb410a711ec8871b07b25146e9e
2024-07-09,2024-07-09 08:14:36,2024-07-09 17:31:19,e1d67dae10a911ec8871b07b25146e9e
2024-07-09,2024-07-09 08:17:36,2024-07-09 17:31:19,1b037b0510a811ec8871b07b25146e9e
2024-07-09,2024-07-09 08:07:35,2024-07-09 17:31:39,9dc8c4dd10a911ec8871b07b25146e9e
2024-07-09,2024-07-09 15:11:41,2024-07-09 17:31:39,8ec53a7110ab11ec8871b07b25146e9e
2024-07-09,2024-07-09 08:12:19,2024-07-09 17:32:20,d2329c5a10a911ec8871b07b25146e9e
2024-07-09,2024-07-09 08:43:27,2024-07-09 17:32:20,3716c7f96dca11ecb369fa164011f743
2024-07-09,2024-07-09 11:31:45,2024-07-09 17:32:39,7fa32cd010a911ec8871b07b25146e9e
2024-07-09,2024-07-09 08:51:36,2024-07-09 17:32:39,4c492e6d10a911ec8871b07b25146e9e
2024-07-09,2024-07-09 10:25:19,2024-07-09 17:32:39,3d8fc94510ab11ec8871b07b25146e9e
2024-07-09,2024-07-09 08:21:14,2024-07-09 17:33:39,faa3682f6eba11ecb369fa164011f743
2024-07-09,2024-07-09 15:07:49,2024-07-09 17:33:39,d2cbdbe410a711ec8871b07b25146e9e
2024-07-09,2024-07-09 10:46:39,2024-07-09 17:33:40,b3b68d4710ab11ec8871b07b25146e9e
2024-07-09,2024-07-09 08:15:19,2024-07-09 17:33:40,4c6da50c10ab11ec8871b07b25146e9e
2024-07-09,2024-07-09 08:14:56,2024-07-09 17:33:59,3cb78afb10ab11ec8871b07b25146e9e
2024-07-09,2024-07-09 14:33:28,2024-07-09 17:33:59,46bc282410ab11ec8871b07b25146e9e
2024-07-09,2024-07-09 08:20:30,2024-07-09 17:33:59,4bbffc6910ab11ec8871b07b25146e9e
2024-07-09,2024-07-09 11:50:05,2024-07-09 17:33:59,5bb90a8510a911ec8871b07b25146e9e
2024-07-09,2024-07-09 08:11:05,2024-07-09 17:34:00,b745a73d10a811ec8871b07b25146e9e
2024-07-09,2024-07-09 07:56:54,2024-07-09 17:34:00,b624b2ad10a911ec8871b07b25146e9e
2024-07-09,2024-07-09 14:30:36,2024-07-09 17:37:39,4af668c810a911ec8871b07b25146e9e
2024-07-09,2024-07-09 10:06:27,2024-07-09 17:37:39,67c2a36110a911ec8871b07b25146e9e
2024-07-09,2024-07-09 07:34:36,2024-07-09 17:49:39,473ffed510a911ec8871b07b25146e9e
2024-07-09,2024-07-09 08:23:24,2024-07-09 17:49:39,8ca57d0910a811ec8871b07b25146e9e
2024-07-09,2024-07-09 08:15:11,2024-07-09 17:49:39,932df34710a811ec8871b07b25146e9e
2024-07-09,2024-07-09 07:24:11,2024-07-10 09:08:05,92df012010cb11ec8216b07b25146e9e
2024-07-09,2024-07-09 07:24:21,2024-07-10 09:08:05,a09bfed210a811ec8871b07b25146e9e
2024-07-10,2024-07-10 08:55:48,2024-07-10 12:53:45,85e0dbe210a811ec8871b07b25146e9e
2024-07-10,2024-07-10 08:52:37,2024-07-10 12:53:45,fd5fc17e10a911ec8871b07b25146e9e
2024-07-10,2024-07-10 14:48:39,2024-07-10 15:57:05,4c492e6d10a911ec8871b07b25146e9e
2024-07-10,2024-07-10 07:45:43,2024-07-10 15:57:05,b5a778de10a811ec8871b07b25146e9e
2024-07-10,2024-07-10 08:07:46,2024-07-10 16:57:05,f47057c510ab11ec8871b07b25146e9e
2024-07-10,2024-07-10 06:59:20,2024-07-10 16:57:05,d6bb296b10a711ec8871b07b25146e9e
2024-07-10,2024-07-10 08:24:56,2024-07-10 16:58:25,6209db8710a911ec8871b07b25146e9e
2024-07-10,2024-07-10 08:57:43,2024-07-10 16:58:25,3f19e9ce10a911ec8871b07b25146e9e
2024-07-10,2024-07-10 13:15:07,2024-07-10 17:03:05,155f7ab6160811eca228fa164011f743
2024-07-10,2024-07-10 13:46:56,2024-07-10 17:03:05,361b828610ac11ec8871b07b25146e9e
2024-07-10,2024-07-10 09:10:06,2024-07-10 17:03:05,f53fb77510ca11ec8216b07b25146e9e
2024-07-10,2024-07-10 08:31:39,2024-07-10 17:04:05,6805eec410c511ec8216b07b25146e9e
2024-07-10,2024-07-10 08:28:02,2024-07-10 17:04:05,246d17e910ab11ec8871b07b25146e9e
2024-07-10,2024-07-10 08:19:17,2024-07-10 17:10:25,7fa32cd010a911ec8871b07b25146e9e
2024-07-10,2024-07-10 15:38:21,2024-07-10 17:10:25,b0e5ecf510a811ec8871b07b25146e9e
2024-07-10,2024-07-10 09:50:07,2024-07-10 17:15:45,67c2a36110a911ec8871b07b25146e9e
2024-07-10,2024-07-10 14:34:37,2024-07-10 17:15:45,3fa690ce10a911ec8871b07b25146e9e
2024-07-10,2024-07-10 08:36:42,2024-07-10 17:19:25,a96ded7010a811ec8871b07b25146e9e
2024-07-10,2024-07-10 08:43:41,2024-07-10 17:19:25,303de25410a911ec8871b07b25146e9e
2024-07-10,2024-07-10 08:15:56,2024-07-10 17:19:25,999975e010ab11ec8871b07b25146e9e
2024-07-10,2024-07-10 09:05:15,2024-07-10 17:20:05,0f73dde010ac11ec8871b07b25146e9e
2024-07-10,2024-07-10 07:50:21,2024-07-10 17:20:05,c1d50b5810a811ec8871b07b25146e9e
2024-07-10,2024-07-10 08:28:48,2024-07-10 17:20:05,0d5098d010a811ec8871b07b25146e9e
2024-07-10,2024-07-10 12:49:32,2024-07-10 17:22:45,961c0a7a10a811ec8871b07b25146e9e
2024-07-10,2024-07-10 09:45:15,2024-07-10 17:22:45,f762ac9d10aa11ec8871b07b25146e9e
2024-07-10,2024-07-10 08:15:27,2024-07-10 17:23:05,950d865910c411ec8216b07b25146e9e
2024-07-10,2024-07-10 09:49:47,2024-07-10 17:23:05,0c12c77110a811ec8871b07b25146e9e
2024-07-10,2024-07-10 09:00:06,2024-07-10 17:23:25,e46f03db10ab11ec8871b07b25146e9e
2024-07-10,2024-07-10 14:43:47,2024-07-10 17:23:25,b4e168aa10aa11ec8871b07b25146e9e
2024-07-10,2024-07-10 09:52:14,2024-07-10 17:23:45,e1d67dae10a911ec8871b07b25146e9e
2024-07-10,2024-07-10 09:23:38,2024-07-10 17:23:45,34bd6db010c311ec8216b07b25146e9e
2024-07-10,2024-07-10 10:17:12,2024-07-10 17:26:05,539f810f10a911ec8871b07b25146e9e
2024-07-10,2024-07-10 07:55:03,2024-07-10 17:26:05,9b1aeec610a911ec8871b07b25146e9e
2024-07-10,2024-07-10 08:04:44,2024-07-10 17:26:25,3d9449cf10ab11ec8871b07b25146e9e
2024-07-10,2024-07-10 07:40:55,2024-07-10 17:26:25,1b037b0510a811ec8871b07b25146e9e
2024-07-10,2024-07-10 09:09:18,2024-07-10 17:26:25,eeceef6210a911ec8871b07b25146e9e
2024-07-10,2024-07-10 11:29:16,2024-07-10 17:27:25,d69ea27b10aa11ec8871b07b25146e9e
2024-07-10,2024-07-10 09:55:57,2024-07-10 17:27:25,8bb5e51810a911ec8871b07b25146e9e
2024-07-10,2024-07-10 08:10:26,2024-07-10 17:29:05,577a2daf10ab11ec8871b07b25146e9e
2024-07-10,2024-07-10 08:00:45,2024-07-10 17:29:05,90c4023a10ab11ec8871b07b25146e9e
2024-07-10,2024-07-10 07:27:13,2024-07-10 17:29:25,25c6228410ab11ec8871b07b25146e9e
2024-07-10,2024-07-10 07:48:16,2024-07-10 17:29:25,baeb4d3610aa11ec8871b07b25146e9e
2024-07-10,2024-07-10 08:25:38,2024-07-10 17:31:25,2ad7f05510ab11ec8871b07b25146e9e
2024-07-10,2024-07-10 07:49:18,2024-07-10 17:31:25,488fa0ab10a911ec8871b07b25146e9e
2024-07-10,2024-07-10 08:48:25,2024-07-10 17:31:45,2dae34be10ab11ec8871b07b25146e9e
2024-07-10,2024-07-10 07:56:39,2024-07-10 17:31:45,90b4045e10a911ec8871b07b25146e9e
2024-07-10,2024-07-10 11:08:06,2024-07-10 17:32:06,8cadbd5910a911ec8871b07b25146e9e
2024-07-10,2024-07-10 10:06:47,2024-07-10 17:32:06,4f688d6b10a811ec8871b07b25146e9e
2024-07-10,2024-07-10 08:57:19,2024-07-10 17:32:46,4b93788310ab11ec8871b07b25146e9e
2024-07-10,2024-07-10 10:30:38,2024-07-10 17:32:46,3716c7f96dca11ecb369fa164011f743
2024-07-10,2024-07-10 08:10:26,2024-07-10 17:33:26,4c17ef0910a911ec8871b07b25146e9e
2024-07-10,2024-07-10 10:52:37,2024-07-10 17:33:26,e839787cb34d11ed82a1fa164011f743
2024-07-10,2024-07-10 08:10:39,2024-07-10 17:33:26,4c6da50c10ab11ec8871b07b25146e9e
2024-07-10,2024-07-10 15:17:11,2024-07-10 17:33:45,9c80ca1310ac11ec8871b07b25146e9e
2024-07-10,2024-07-10 08:21:23,2024-07-10 17:33:45,3cb78afb10ab11ec8871b07b25146e9e
2024-07-10,2024-07-10 08:11:22,2024-07-10 17:33:46,81dbc0a010a811ec8871b07b25146e9e
2024-07-10,2024-07-10 08:06:50,2024-07-10 17:33:46,84309e4710a811ec8871b07b25146e9e
2024-07-10,2024-07-10 07:53:57,2024-07-10 17:33:46,f202e94f10aa11ec8871b07b25146e9e
2024-07-10,2024-07-10 08:05:28,2024-07-10 17:34:25,36a9551010ab11ec8871b07b25146e9e
2024-07-10,2024-07-10 14:27:21,2024-07-10 17:34:25,6e68169510cb11ec8216b07b25146e9e
2024-07-10,2024-07-10 08:03:22,2024-07-10 17:34:45,251f192b10ab11ec8871b07b25146e9e
2024-07-10,2024-07-10 09:12:06,2024-07-10 17:34:45,4bbffc6910ab11ec8871b07b25146e9e
2024-07-10,2024-07-10 08:10:14,2024-07-10 17:34:45,c63c55fa10ab11ec8871b07b25146e9e
2024-07-10,2024-07-10 14:01:08,2024-07-10 17:35:46,d94c60e910a911ec8871b07b25146e9e
2024-07-10,2024-07-10 08:53:16,2024-07-10 17:35:46,f5a6a2dd10a711ec8871b07b25146e9e
2024-07-10,2024-07-10 09:24:24,2024-07-10 17:36:25,dcaf1bd110a711ec8871b07b25146e9e
2024-07-10,2024-07-10 14:00:30,2024-07-10 17:36:25,3b2e785510a811ec8871b07b25146e9e
2024-07-10,2024-07-10 11:05:29,2024-07-10 17:41:45,96878e2c10ac11ec8871b07b25146e9e
2024-07-10,2024-07-10 16:09:24,2024-07-10 17:41:45,ce089e6b10a911ec8871b07b25146e9e
2024-07-10,2024-07-10 07:58:16,2024-07-10 17:42:45,e07b779510ab11ec8871b07b25146e9e
2024-07-10,2024-07-10 07:51:47,2024-07-10 17:42:45,481d60bb10a911ec8871b07b25146e9e
2024-07-10,2024-07-10 08:40:42,2024-07-10 17:54:25,70af1eb410c011ec8216b07b25146e9e
2024-07-10,2024-07-10 08:05:05,2024-07-10 17:54:25,865508b410ab11ec8871b07b25146e9e
2024-07-10,2024-07-10 09:01:55,2024-07-10 17:54:25,ee69825d10aa11ec8871b07b25146e9e
2024-07-10,2024-07-10 08:30:28,2024-07-10 17:56:25,9b41664610a811ec8871b07b25146e9e
2024-07-10,2024-07-10 08:27:05,2024-07-10 17:56:25,403ca52f10a911ec8871b07b25146e9e
2024-07-10,2024-07-10 08:32:52,2024-07-10 17:57:05,6b012e2472d711ecb369fa164011f743
2024-07-10,2024-07-10 09:17:33,2024-07-10 17:57:05,4044d4f310a911ec8871b07b25146e9e
2024-07-10,2024-07-10 08:24:54,2024-07-10 17:57:05,4043241610a911ec8871b07b25146e9e
2024-07-10,2024-07-10 11:38:20,2024-07-10 18:00:45,34272c4e10a911ec8871b07b25146e9e
2024-07-10,2024-07-10 11:58:05,2024-07-10 18:00:45,fa096a3310ab11ec8871b07b25146e9e
2024-07-10,2024-07-10 08:47:32,2024-07-10 18:03:25,149643dc10aa11ec8871b07b25146e9e
2024-07-10,2024-07-10 08:02:59,2024-07-10 18:03:25,da8edfdb10a911ec8871b07b25146e9e
2024-07-10,2024-07-10 08:14:10,2024-07-10 18:04:45,49cb975710ca11ec8216b07b25146e9e
2024-07-10,2024-07-10 08:18:16,2024-07-10 18:04:45,d2ce4c4b10a911ec8871b07b25146e9e
2024-07-10,2024-07-10 08:35:04,2024-07-10 18:06:05,ffa8aa3310c111ec8216b07b25146e9e
2024-07-10,2024-07-10 15:34:30,2024-07-10 18:06:05,c549011e10c211ec8216b07b25146e9e
2024-07-10,2024-07-10 09:48:25,2024-07-10 18:06:45,85e2afa510a811ec8871b07b25146e9e
2024-07-10,2024-07-10 08:19:24,2024-07-10 18:06:45,4cacabcd10ab11ec8871b07b25146e9e
2024-07-10,2024-07-10 08:27:59,2024-07-10 18:06:45,0428acdb10ac11ec8871b07b25146e9e
2024-07-10,2024-07-10 08:36:39,2024-07-10 18:07:25,8b28408210a811ec8871b07b25146e9e
2024-07-10,2024-07-10 08:34:09,2024-07-10 18:07:25,d69890f910a711ec8871b07b25146e9e
2024-07-10,2024-07-10 08:35:29,2024-07-10 18:07:45,932df34710a811ec8871b07b25146e9e
2024-07-10,2024-07-10 08:37:54,2024-07-10 18:07:45,875e04cb10a811ec8871b07b25146e9e
2024-07-10,2024-07-10 09:02:09,2024-07-10 18:08:45,46bc282410ab11ec8871b07b25146e9e
2024-07-10,2024-07-10 07:37:51,2024-07-10 18:08:45,8732515910a911ec8871b07b25146e9e
2024-07-10,2024-07-10 08:09:56,2024-07-10 18:10:45,6d3ab1e410a911ec8871b07b25146e9e
2024-07-10,2024-07-10 08:32:10,2024-07-10 18:10:45,4af668c810a911ec8871b07b25146e9e
2024-07-10,2024-07-10 08:46:09,2024-07-10 18:15:05,2a00070d10a911ec8871b07b25146e9e
2024-07-10,2024-07-10 16:50:53,2024-07-10 18:15:05,16d5d91c10aa11ec8871b07b25146e9e
2024-07-10,2024-07-10 09:10:12,2024-07-10 18:57:05,0a704b9b6edb11ecb369fa164011f743
2024-07-10,2024-07-10 09:07:22,2024-07-10 18:57:05,ec7776966f8211ecb369fa164011f743
2024-07-10,2024-07-10 08:38:18,2024-07-10 19:29:25,f280baae10ab11ec8871b07b25146e9e
2024-07-10,2024-07-10 17:38:18,2024-07-10 19:29:25,f6a61c3c10a911ec8871b07b25146e9e
2024-07-10,2024-07-10 09:05:30,2024-07-10 20:28:45,30b1f25b10c511ec8216b07b25146e9e
2024-07-10,2024-07-10 09:27:08,2024-07-10 20:28:45,84c0368010ab11ec8871b07b25146e9e
2024-07-10,2024-07-10 14:23:35,2024-07-10 23:06:45,7a42bd2c2ce111ecb7eafa164011f743
2024-07-10,2024-07-10 09:17:08,2024-07-10 23:06:45,8ed51b5010a911ec8871b07b25146e9e
2024-07-10,2024-07-10 08:12:58,2024-07-10 23:24:05,56a97f666def11ecb369fa164011f743
2024-07-10,2024-07-10 08:11:47,2024-07-10 23:24:05,4a3a8c5510ab11ec8871b07b25146e9e
2024-07-11,2024-07-11 07:57:27,2024-07-11 09:48:25,61ed5c0310a811ec8871b07b25146e9e
2024-07-11,2024-07-11 09:04:54,2024-07-11 09:48:25,e3a9468910a911ec8871b07b25146e9e
2024-07-11,2024-07-11 09:25:57,2024-07-11 11:19:05,fec2516b10a911ec8871b07b25146e9e
2024-07-11,2024-07-11 09:24:52,2024-07-11 11:19:05,fd5fc17e10a911ec8871b07b25146e9e
2024-07-11,2024-07-11 09:27:10,2024-07-11 11:19:05,0e1ed3db10c211ec8216b07b25146e9e
2024-07-11,2024-07-11 08:24:44,2024-07-11 16:49:25,f762ac9d10aa11ec8871b07b25146e9e
2024-07-11,2024-07-11 08:02:03,2024-07-11 16:49:25,776fd37510a811ec8871b07b25146e9e
2024-07-11,2024-07-11 08:23:27,2024-07-11 16:51:25,a003dca210a911ec8871b07b25146e9e
2024-07-11,2024-07-11 11:11:49,2024-07-11 16:51:25,6460c7cd10ab11ec8871b07b25146e9e
2024-07-11,2024-07-11 08:15:01,2024-07-11 16:54:45,8e5ec41710ab11ec8871b07b25146e9e
2024-07-11,2024-07-11 08:11:47,2024-07-11 16:54:45,f7361f8e10ab11ec8871b07b25146e9e
2024-07-11,2024-07-11 08:18:06,2024-07-11 17:01:05,361b828610ac11ec8871b07b25146e9e
2024-07-11,2024-07-11 08:25:09,2024-07-11 17:01:05,1483cc7a10a811ec8871b07b25146e9e
2024-07-11,2024-07-11 08:55:54,2024-07-11 17:02:45,155f7ab6160811eca228fa164011f743
2024-07-11,2024-07-11 09:24:52,2024-07-11 17:02:45,4b51d4e610aa11ec8871b07b25146e9e
2024-07-11,2024-07-11 07:42:27,2024-07-11 17:02:46,5ff61f3610cb11ec8216b07b25146e9e
2024-07-11,2024-07-11 09:14:41,2024-07-11 17:02:46,7e1fab3210ab11ec8871b07b25146e9e
2024-07-11,2024-07-11 08:55:50,2024-07-11 17:02:46,3f19e9ce10a911ec8871b07b25146e9e
2024-07-11,2024-07-11 15:16:35,2024-07-11 17:04:05,1407a35910a811ec8871b07b25146e9e
2024-07-11,2024-07-11 15:24:17,2024-07-11 17:04:05,6b69543610ab11ec8871b07b25146e9e
2024-07-11,2024-07-11 08:01:57,2024-07-11 17:08:05,455f289e10a911ec8871b07b25146e9e
2024-07-11,2024-07-11 08:36:59,2024-07-11 17:08:05,0220742910a811ec8871b07b25146e9e
2024-07-11,2024-07-11 14:39:49,2024-07-11 17:14:45,b69ecc0610a811ec8871b07b25146e9e
2024-07-11,2024-07-11 08:34:39,2024-07-11 17:14:45,63957c3310ab11ec8871b07b25146e9e
2024-07-11,2024-07-11 11:01:56,2024-07-11 17:16:05,baeb4d3610aa11ec8871b07b25146e9e
2024-07-11,2024-07-11 11:39:35,2024-07-11 17:16:05,85e0dbe210a811ec8871b07b25146e9e
2024-07-11,2024-07-11 06:49:04,2024-07-11 17:18:45,4872606b10a911ec8871b07b25146e9e
2024-07-11,2024-07-11 16:36:08,2024-07-11 17:18:45,0d8cc9f410a911ec8871b07b25146e9e
2024-07-11,2024-07-11 15:30:43,2024-07-11 17:20:05,41a6ef6410ca11ec8216b07b25146e9e
2024-07-11,2024-07-11 08:20:20,2024-07-11 17:20:05,794b875f10a811ec8871b07b25146e9e
2024-07-11,2024-07-11 08:42:57,2024-07-11 17:20:05,6d5cb57110ab11ec8871b07b25146e9e
2024-07-11,2024-07-11 08:04:53,2024-07-11 17:20:25,577a2daf10ab11ec8871b07b25146e9e
2024-07-11,2024-07-11 08:42:45,2024-07-11 17:20:25,4d28cf0710ab11ec8871b07b25146e9e
2024-07-11,2024-07-11 09:10:57,2024-07-11 17:24:25,3fa690ce10a911ec8871b07b25146e9e
2024-07-11,2024-07-11 08:59:27,2024-07-11 17:24:25,6727156010a911ec8871b07b25146e9e
2024-07-11,2024-07-11 17:10:12,2024-07-11 17:26:25,0e31338c10cb11ec8216b07b25146e9e
2024-07-11,2024-07-11 08:17:10,2024-07-11 17:26:25,4dcd48b910aa11ec8871b07b25146e9e
2024-07-11,2024-07-11 08:14:20,2024-07-11 17:26:45,32454bcb10ab11ec8871b07b25146e9e
2024-07-11,2024-07-11 08:21:24,2024-07-11 17:26:45,539f810f10a911ec8871b07b25146e9e
2024-07-11,2024-07-11 08:02:37,2024-07-11 17:26:45,03dab97110ab11ec8871b07b25146e9e
2024-07-11,2024-07-11 12:25:06,2024-07-11 17:28:05,b22901d010a911ec8871b07b25146e9e
2024-07-11,2024-07-11 08:37:33,2024-07-11 17:28:05,85f0d56910a811ec8871b07b25146e9e
2024-07-11,2024-07-11 08:05:38,2024-07-11 17:28:05,84309e4710a811ec8871b07b25146e9e
2024-07-11,2024-07-11 09:32:35,2024-07-11 17:28:25,d69ea27b10aa11ec8871b07b25146e9e
2024-07-11,2024-07-11 09:22:34,2024-07-11 17:28:25,104bb82d10ab11ec8871b07b25146e9e
2024-07-11,2024-07-11 08:16:19,2024-07-11 17:28:25,2b8f364010ab11ec8871b07b25146e9e
2024-07-11,2024-07-11 08:29:24,2024-07-11 17:28:25,5ab56fb910ab11ec8871b07b25146e9e
2024-07-11,2024-07-11 14:09:45,2024-07-11 17:29:05,41f17fc810a911ec8871b07b25146e9e
2024-07-11,2024-07-11 16:09:54,2024-07-11 17:29:05,40cf79a410a911ec8871b07b25146e9e
2024-07-11,2024-07-11 08:25:48,2024-07-11 17:30:46,b745a73d10a811ec8871b07b25146e9e
2024-07-11,2024-07-11 08:13:13,2024-07-11 17:30:46,d257422a10c211ec8216b07b25146e9e
2024-07-11,2024-07-11 07:28:28,2024-07-11 17:30:46,1b037b0510a811ec8871b07b25146e9e
2024-07-11,2024-07-11 07:08:27,2024-07-11 17:30:46,8732515910a911ec8871b07b25146e9e
2024-07-11,2024-07-11 15:56:45,2024-07-11 17:31:05,3cc6fc9110ab11ec8871b07b25146e9e
2024-07-11,2024-07-11 08:15:53,2024-07-11 17:31:05,5bb90a8510a911ec8871b07b25146e9e
2024-07-11,2024-07-11 16:23:55,2024-07-11 17:31:06,f10b2dc410aa11ec8871b07b25146e9e
2024-07-11,2024-07-11 08:14:43,2024-07-11 17:31:06,2dae34be10ab11ec8871b07b25146e9e
2024-07-11,2024-07-11 08:06:40,2024-07-11 17:32:06,e1d67dae10a911ec8871b07b25146e9e
2024-07-11,2024-07-11 16:43:30,2024-07-11 17:32:06,f80c043c10ca11ec8216b07b25146e9e
2024-07-11,2024-07-11 08:15:31,2024-07-11 17:32:26,4c6da50c10ab11ec8871b07b25146e9e
2024-07-11,2024-07-11 12:00:43,2024-07-11 17:32:26,e298d23c10a911ec8871b07b25146e9e
2024-07-11,2024-07-11 08:25:28,2024-07-11 17:33:05,faa3682f6eba11ecb369fa164011f743
2024-07-11,2024-07-11 08:01:19,2024-07-11 17:33:05,f6610edf10aa11ec8871b07b25146e9e
2024-07-11,2024-07-11 08:19:52,2024-07-11 17:33:06,4b93788310ab11ec8871b07b25146e9e
2024-07-11,2024-07-11 08:14:56,2024-07-11 17:33:06,e6f3c51e10c311ec8216b07b25146e9e
2024-07-11,2024-07-11 08:26:41,2024-07-11 17:33:25,67c2a36110a911ec8871b07b25146e9e
2024-07-11,2024-07-11 17:01:47,2024-07-11 17:33:25,ddce74f910a711ec8871b07b25146e9e
2024-07-11,2024-07-11 09:28:27,2024-07-11 17:33:27,8ec53a7110ab11ec8871b07b25146e9e
2024-07-11,2024-07-11 08:49:00,2024-07-11 17:33:27,0e7cdfd310a811ec8871b07b25146e9e
2024-07-11,2024-07-11 08:21:50,2024-07-11 17:33:45,f47a329510a811ec8871b07b25146e9e
2024-07-11,2024-07-11 16:38:41,2024-07-11 17:33:45,4020630910ac11ec8871b07b25146e9e
2024-07-11,2024-07-11 07:43:27,2024-07-11 17:33:46,9dc8c4dd10a911ec8871b07b25146e9e
2024-07-11,2024-07-11 08:22:34,2024-07-11 17:33:46,3cb78afb10ab11ec8871b07b25146e9e
2024-07-11,2024-07-11 08:05:15,2024-07-11 17:34:05,4c17ef0910a911ec8871b07b25146e9e
2024-07-11,2024-07-11 08:51:42,2024-07-11 17:34:05,603d826c10a811ec8871b07b25146e9e
2024-07-11,2024-07-11 10:50:03,2024-07-11 17:34:05,3cf7ca91120d426cb1bf39b9cc653b0c
2024-07-11,2024-07-11 08:44:44,2024-07-11 17:35:05,9432af0e10ab11ec8871b07b25146e9e
2024-07-11,2024-07-11 09:59:48,2024-07-11 17:35:05,26acae3e10ab11ec8871b07b25146e9e
2024-07-11,2024-07-11 09:05:08,2024-07-11 17:35:45,f5a6a2dd10a711ec8871b07b25146e9e
2024-07-11,2024-07-11 08:54:24,2024-07-11 17:35:45,4f688d6b10a811ec8871b07b25146e9e
2024-07-11,2024-07-11 09:56:10,2024-07-11 17:37:45,4f7fef7810a811ec8871b07b25146e9e
2024-07-11,2024-07-11 10:28:24,2024-07-11 17:37:45,c5a5d00610a811ec8871b07b25146e9e
2024-07-11,2024-07-11 17:14:56,2024-07-11 17:37:45,1fa5c22810ab11ec8871b07b25146e9e
2024-07-11,2024-07-11 08:06:23,2024-07-11 18:02:25,865508b410ab11ec8871b07b25146e9e
2024-07-11,2024-07-11 16:55:43,2024-07-11 18:02:25,9bec04f010ab11ec8871b07b25146e9e
2024-07-11,2024-07-11 08:28:24,2024-07-11 18:04:45,8b28408210a811ec8871b07b25146e9e
2024-07-11,2024-07-11 08:14:03,2024-07-11 18:04:45,6ad8172b10c511ec8216b07b25146e9e
2024-07-11,2024-07-11 08:29:26,2024-07-11 18:04:45,875e04cb10a811ec8871b07b25146e9e
2024-07-11,2024-07-11 09:18:43,2024-07-11 18:05:25,4cda161710c911ec8216b07b25146e9e
2024-07-11,2024-07-11 09:08:42,2024-07-11 18:05:25,4cacabcd10ab11ec8871b07b25146e9e
2024-07-11,2024-07-11 08:16:08,2024-07-11 18:05:45,4044d4f310a911ec8871b07b25146e9e
2024-07-11,2024-07-11 08:14:28,2024-07-11 18:05:45,4043241610a911ec8871b07b25146e9e
2024-07-11,2024-07-11 08:17:45,2024-07-11 18:05:45,403ca52f10a911ec8871b07b25146e9e
2024-07-11,2024-07-11 07:27:53,2024-07-11 18:55:45,dcaf1bd110a711ec8871b07b25146e9e
2024-07-11,2024-07-11 07:23:21,2024-07-11 18:55:45,3b2e785510a811ec8871b07b25146e9e
2024-07-11,2024-07-11 07:18:58,2024-07-11 18:55:45,2458ee0a10ab11ec8871b07b25146e9e
2024-07-11,2024-07-11 07:22:03,2024-07-11 18:55:45,d94c60e910a911ec8871b07b25146e9e
2024-07-11,2024-07-11 09:18:24,2024-07-11 21:57:45,7920f5ad10ac11ec8871b07b25146e9e
2024-07-11,2024-07-11 08:02:59,2024-07-11 21:57:45,0975401010ac11ec8871b07b25146e9e
2024-07-11,2024-07-11 17:43:57,2024-07-11 23:49:05,91b1353c10a811ec8871b07b25146e9e
2024-07-11,2024-07-11 17:27:49,2024-07-11 23:49:05,b16bdbcb10ab11ec8871b07b25146e9e
2024-07-12,2024-07-12 07:48:30,2024-07-12 10:22:45,dcaf1bd110a711ec8871b07b25146e9e
2024-07-12,2024-07-12 00:11:20,2024-07-12 10:22:45,4a3a8c5510ab11ec8871b07b25146e9e
2024-07-12,2024-07-12 07:50:37,2024-07-12 12:25:45,d94c60e910a911ec8871b07b25146e9e
2024-07-12,2024-07-12 07:51:49,2024-07-12 12:25:45,3b2e785510a811ec8871b07b25146e9e
2024-07-12,2024-07-12 09:00:08,2024-07-12 12:37:45,fec2516b10a911ec8871b07b25146e9e
2024-07-12,2024-07-12 09:01:56,2024-07-12 12:37:45,0e1ed3db10c211ec8216b07b25146e9e
2024-07-12,2024-07-12 11:17:35,2024-07-12 15:59:25,4b51d4e610aa11ec8871b07b25146e9e
2024-07-12,2024-07-12 07:51:55,2024-07-12 15:59:25,8bb18cf810ab11ec8871b07b25146e9e
2024-07-12,2024-07-12 08:49:43,2024-07-12 16:46:25,61ed5c0310a811ec8871b07b25146e9e
2024-07-12,2024-07-12 10:33:28,2024-07-12 16:46:25,b69ecc0610a811ec8871b07b25146e9e
2024-07-12,2024-07-12 15:24:44,2024-07-12 16:57:05,b092e18110c111ec8216b07b25146e9e
2024-07-12,2024-07-12 08:08:54,2024-07-12 16:57:05,cd28224310ab11ec8871b07b25146e9e
2024-07-12,2024-07-12 08:47:14,2024-07-12 16:57:05,bea0a40110a911ec8871b07b25146e9e
2024-07-12,2024-07-12 07:54:42,2024-07-12 17:00:25,534d006c10c811ec8216b07b25146e9e
2024-07-12,2024-07-12 08:10:23,2024-07-12 17:00:25,c714d2676df811ecb369fa164011f743
2024-07-12,2024-07-12 08:21:47,2024-07-12 17:00:25,5bb90a8510a911ec8871b07b25146e9e
2024-07-12,2024-07-12 07:36:27,2024-07-12 17:00:45,5ff61f3610cb11ec8216b07b25146e9e
2024-07-12,2024-07-12 07:59:20,2024-07-12 17:00:45,2ef581c510ab11ec8871b07b25146e9e
2024-07-12,2024-07-12 15:07:39,2024-07-12 17:02:45,fda9c66110a811ec8871b07b25146e9e
2024-07-12,2024-07-12 08:05:47,2024-07-12 17:02:45,07e03a2d10a811ec8871b07b25146e9e
2024-07-12,2024-07-12 12:48:31,2024-07-12 17:05:45,6460c7cd10ab11ec8871b07b25146e9e
2024-07-12,2024-07-12 09:13:31,2024-07-12 17:05:45,0f73dde010ac11ec8871b07b25146e9e
2024-07-12,2024-07-12 10:52:04,2024-07-12 17:17:05,393eeee0315811ecb7eafa164011f743
2024-07-12,2024-07-12 14:29:35,2024-07-12 17:17:05,316f6ca910ab11ec8871b07b25146e9e
2024-07-12,2024-07-12 08:03:56,2024-07-12 17:18:45,2512ce6010ab11ec8871b07b25146e9e
2024-07-12,2024-07-12 08:58:01,2024-07-12 17:18:45,4dcd48b910aa11ec8871b07b25146e9e
2024-07-12,2024-07-12 08:23:43,2024-07-12 17:21:45,b317a9d910c611ec8216b07b25146e9e
2024-07-12,2024-07-12 08:20:20,2024-07-12 17:21:45,1b1efb3810a811ec8871b07b25146e9e
2024-07-12,2024-07-12 11:15:49,2024-07-12 17:26:25,25c6228410ab11ec8871b07b25146e9e
2024-07-12,2024-07-12 10:59:45,2024-07-12 17:26:25,252e968c10ab11ec8871b07b25146e9e
2024-07-12,2024-07-12 08:37:19,2024-07-12 17:26:45,0e7cdfd310a811ec8871b07b25146e9e
2024-07-12,2024-07-12 07:55:27,2024-07-12 17:26:45,3d8ee19d10ab11ec8871b07b25146e9e
2024-07-12,2024-07-12 09:50:17,2024-07-12 17:28:25,58834a986ded11ecb369fa164011f743
2024-07-12,2024-07-12 08:35:37,2024-07-12 17:28:25,6727156010a911ec8871b07b25146e9e
2024-07-12,2024-07-12 08:20:27,2024-07-12 17:29:25,d7af036210c811ec8216b07b25146e9e
2024-07-12,2024-07-12 08:32:54,2024-07-12 17:29:25,c9058c9f72dd11ecb369fa164011f743
2024-07-12,2024-07-12 08:00:15,2024-07-12 17:29:45,26acae3e10ab11ec8871b07b25146e9e
2024-07-12,2024-07-12 10:14:31,2024-07-12 17:29:45,40cf79a410a911ec8871b07b25146e9e
2024-07-12,2024-07-12 08:28:54,2024-07-12 17:30:25,f10b2dc410aa11ec8871b07b25146e9e
2024-07-12,2024-07-12 14:38:15,2024-07-12 17:30:25,fb84574510a811ec8871b07b25146e9e
2024-07-12,2024-07-12 08:17:13,2024-07-12 17:31:45,73dcd09e6e9411ecb369fa164011f743
2024-07-12,2024-07-12 08:33:45,2024-07-12 17:31:45,2dae34be10ab11ec8871b07b25146e9e
2024-07-12,2024-07-12 08:41:52,2024-07-12 17:31:46,f202e94f10aa11ec8871b07b25146e9e
2024-07-12,2024-07-12 08:02:19,2024-07-12 17:31:46,e6f3c51e10c311ec8216b07b25146e9e
2024-07-12,2024-07-12 08:09:33,2024-07-12 17:32:07,b745a73d10a811ec8871b07b25146e9e
2024-07-12,2024-07-12 08:03:31,2024-07-12 17:32:07,9dc8c4dd10a911ec8871b07b25146e9e
2024-07-12,2024-07-12 08:27:53,2024-07-12 17:32:25,4d28cf0710ab11ec8871b07b25146e9e
2024-07-12,2024-07-12 08:16:54,2024-07-12 17:32:25,a3e3a59410a911ec8871b07b25146e9e
2024-07-12,2024-07-12 08:16:11,2024-07-12 17:32:26,4b93788310ab11ec8871b07b25146e9e
2024-07-12,2024-07-12 08:33:34,2024-07-12 17:32:26,df35a3f510a711ec8871b07b25146e9e
2024-07-12,2024-07-12 08:14:10,2024-07-12 17:32:26,d2b6c95f10a811ec8871b07b25146e9e
2024-07-12,2024-07-12 17:18:37,2024-07-12 17:32:45,dfdf8b3d10a811ec8871b07b25146e9e
2024-07-12,2024-07-12 08:12:46,2024-07-12 17:32:45,09d03ff610ac11ec8871b07b25146e9e
2024-07-12,2024-07-12 09:02:11,2024-07-12 17:33:05,fd7959c76e9211ecb369fa164011f743
2024-07-12,2024-07-12 10:44:46,2024-07-12 17:33:05,34bd6db010c311ec8216b07b25146e9e
2024-07-12,2024-07-12 15:14:55,2024-07-12 17:33:25,6f88968110c911ec8216b07b25146e9e
2024-07-12,2024-07-12 08:31:37,2024-07-12 17:33:25,9432af0e10ab11ec8871b07b25146e9e
2024-07-12,2024-07-12 08:34:22,2024-07-12 17:33:25,3716c7f96dca11ecb369fa164011f743
2024-07-12,2024-07-12 08:21:06,2024-07-12 17:36:46,6141ff4510ab11ec8871b07b25146e9e
2024-07-12,2024-07-12 08:25:18,2024-07-12 17:36:46,4b78996810ab11ec8871b07b25146e9e
2024-07-12,2024-07-12 08:43:37,2024-07-12 17:42:05,440388a110ab11ec8871b07b25146e9e
2024-07-12,2024-07-12 17:23:31,2024-07-12 17:42:05,8a9fce6910a911ec8871b07b25146e9e
2024-07-12,2024-07-12 07:40:48,2024-07-12 17:52:05,473ffed510a911ec8871b07b25146e9e
2024-07-12,2024-07-12 09:14:01,2024-07-12 17:52:05,1f4bf06310ab11ec8871b07b25146e9e
2024-07-12,2024-07-12 08:46:26,2024-07-12 17:53:45,50eab2d410a911ec8871b07b25146e9e
2024-07-12,2024-07-12 17:13:41,2024-07-12 17:53:45,e307dbed10ab11ec8871b07b25146e9e
2024-07-12,2024-07-12 08:58:06,2024-07-12 17:57:45,303da3f410ab11ec8871b07b25146e9e
2024-07-12,2024-07-12 11:56:35,2024-07-12 17:57:45,29c108e210ab11ec8871b07b25146e9e
2024-07-12,2024-07-12 08:53:21,2024-07-12 18:00:07,d69890f910a711ec8871b07b25146e9e
2024-07-12,2024-07-12 14:38:42,2024-07-12 18:00:07,8b28408210a811ec8871b07b25146e9e
2024-07-12,2024-07-12 08:55:04,2024-07-12 18:00:07,932df34710a811ec8871b07b25146e9e
2024-07-12,2024-07-12 08:53:27,2024-07-12 18:01:25,4890fa7c10ac11ec8871b07b25146e9e
2024-07-12,2024-07-12 08:47:30,2024-07-12 18:01:25,0428acdb10ac11ec8871b07b25146e9e
2024-07-12,2024-07-12 08:43:36,2024-07-12 18:01:27,4cacabcd10ab11ec8871b07b25146e9e
2024-07-12,2024-07-12 08:58:39,2024-07-12 18:01:27,85e0dbe210a811ec8871b07b25146e9e
2024-07-12,2024-07-12 07:55:37,2024-07-12 18:07:25,3b34571710a911ec8871b07b25146e9e
2024-07-12,2024-07-12 07:50:01,2024-07-12 18:07:25,2458ee0a10ab11ec8871b07b25146e9e
2024-07-12,2024-07-12 10:34:04,2024-07-12 18:07:25,2a00070d10a911ec8871b07b25146e9e
2024-07-12,2024-07-12 16:18:42,2024-07-13 00:06:25,621f3b8c10a811ec8871b07b25146e9e
2024-07-12,2024-07-12 20:45:18,2024-07-13 00:06:25,58596735a81b11edb6a3fa164011f743
2024-07-13,2024-07-13 08:42:12,2024-07-13 17:35:05,f5a6a2dd10a711ec8871b07b25146e9e
2024-07-13,2024-07-13 08:30:01,2024-07-13 17:35:05,3716c7f96dca11ecb369fa164011f743
2024-07-13,2024-07-13 08:25:00,2024-07-15 08:34:45,932df34710a811ec8871b07b25146e9e
2024-07-13,2024-07-13 08:28:04,2024-07-15 08:34:45,8b28408210a811ec8871b07b25146e9e
2024-07-13,2024-07-13 08:29:44,2024-07-15 08:34:45,875e04cb10a811ec8871b07b25146e9e
2024-07-13,2024-07-13 08:35:22,2024-07-15 12:33:05,0428acdb10ac11ec8871b07b25146e9e
2024-07-13,2024-07-13 08:38:35,2024-07-15 12:33:05,fd5fc17e10a911ec8871b07b25146e9e
2024-07-15,2024-07-15 08:38:51,2024-07-15 14:45:05,6b69543610ab11ec8871b07b25146e9e
2024-07-15,2024-07-15 11:07:37,2024-07-15 14:45:05,e3cb76b910a811ec8871b07b25146e9e
2024-07-15,2024-07-15 10:34:57,2024-07-15 15:09:45,8bb18cf810ab11ec8871b07b25146e9e
2024-07-15,2024-07-15 15:05:01,2024-07-15 15:09:45,4b712bb910a911ec8871b07b25146e9e
2024-07-15,2024-07-15 12:08:48,2024-07-15 15:52:25,caee5b6710a811ec8871b07b25146e9e
2024-07-15,2024-07-15 09:42:53,2024-07-15 15:52:25,bf56acc5702b11ecb369fa164011f743
2024-07-15,2024-07-15 08:21:07,2024-07-15 16:23:25,f80c043c10ca11ec8216b07b25146e9e
2024-07-15,2024-07-15 08:56:33,2024-07-15 16:23:25,415ffb4f10a911ec8871b07b25146e9e
2024-07-15,2024-07-15 09:17:07,2024-07-15 16:26:45,aeca349e137a11eca228fa164011f743
2024-07-15,2024-07-15 08:37:40,2024-07-15 16:26:45,a83006f610a811ec8871b07b25146e9e
2024-07-15,2024-07-15 09:54:49,2024-07-15 16:33:25,c714d2676df811ecb369fa164011f743
2024-07-15,2024-07-15 07:54:44,2024-07-15 16:33:25,1b24263a10a811ec8871b07b25146e9e
2024-07-15,2024-07-15 10:30:59,2024-07-15 17:02:45,2ef581c510ab11ec8871b07b25146e9e
2024-07-15,2024-07-15 14:23:29,2024-07-15 17:02:45,021facb010a811ec8871b07b25146e9e
2024-07-15,2024-07-15 08:03:26,2024-07-15 17:03:25,f47057c510ab11ec8871b07b25146e9e
2024-07-15,2024-07-15 10:02:03,2024-07-15 17:03:25,6293147210a811ec8871b07b25146e9e
2024-07-15,2024-07-15 08:44:25,2024-07-15 17:03:26,4a25f29e10a911ec8871b07b25146e9e
2024-07-15,2024-07-15 08:28:29,2024-07-15 17:03:26,6141ff4510ab11ec8871b07b25146e9e
2024-07-15,2024-07-15 08:18:52,2024-07-15 17:06:45,2533a93010ab11ec8871b07b25146e9e
2024-07-15,2024-07-15 10:03:32,2024-07-15 17:06:45,6805eec410c511ec8216b07b25146e9e
2024-07-15,2024-07-15 08:46:34,2024-07-15 17:15:25,4f688d6b10a811ec8871b07b25146e9e
2024-07-15,2024-07-15 09:14:48,2024-07-15 17:15:25,1b1efb3810a811ec8871b07b25146e9e
2024-07-15,2024-07-15 10:06:18,2024-07-15 17:21:45,6cc6cbd310aa11ec8871b07b25146e9e
2024-07-15,2024-07-15 14:14:35,2024-07-15 17:21:45,82d0ce1f10ab11ec8871b07b25146e9e
2024-07-15,2024-07-15 08:04:30,2024-07-15 17:27:26,577a2daf10ab11ec8871b07b25146e9e
2024-07-15,2024-07-15 08:21:54,2024-07-15 17:27:26,6727156010a911ec8871b07b25146e9e
2024-07-15,2024-07-15 08:04:57,2024-07-15 17:29:05,8bb5e51810a911ec8871b07b25146e9e
2024-07-15,2024-07-15 16:36:06,2024-07-15 17:29:05,831cc50f10a911ec8871b07b25146e9e
2024-07-15,2024-07-15 10:47:04,2024-07-15 17:31:06,c32fa64210ab11ec8871b07b25146e9e
2024-07-15,2024-07-15 08:13:54,2024-07-15 17:31:06,f202e94f10aa11ec8871b07b25146e9e
2024-07-15,2024-07-15 10:36:24,2024-07-15 17:31:46,62e9c78610ab11ec8871b07b25146e9e
2024-07-15,2024-07-15 14:01:58,2024-07-15 17:31:46,9638c87f10ab11ec8871b07b25146e9e
2024-07-15,2024-07-15 09:00:16,2024-07-15 17:32:06,8ec53a7110ab11ec8871b07b25146e9e
2024-07-15,2024-07-15 08:18:33,2024-07-15 17:32:06,a3e3a59410a911ec8871b07b25146e9e
2024-07-15,2024-07-15 08:43:59,2024-07-15 17:32:45,f5a6a2dd10a711ec8871b07b25146e9e
2024-07-15,2024-07-15 08:12:18,2024-07-15 17:32:45,4c6da50c10ab11ec8871b07b25146e9e
2024-07-15,2024-07-15 08:06:37,2024-07-15 17:34:26,3d8ee19d10ab11ec8871b07b25146e9e
2024-07-15,2024-07-15 15:50:45,2024-07-15 17:34:26,67c2a36110a911ec8871b07b25146e9e
2024-07-15,2024-07-15 08:18:20,2024-07-15 17:34:26,4b93788310ab11ec8871b07b25146e9e
2024-07-15,2024-07-15 08:25:36,2024-07-15 17:34:26,3cb78afb10ab11ec8871b07b25146e9e
2024-07-15,2024-07-15 09:09:43,2024-07-15 17:36:05,4c0186d86e0b11ecb369fa164011f743
2024-07-15,2024-07-15 08:32:10,2024-07-15 17:36:05,9144fed710a811ec8871b07b25146e9e
2024-07-15,2024-07-15 08:17:03,2024-07-15 17:36:25,d2b6c95f10a811ec8871b07b25146e9e
2024-07-15,2024-07-15 11:33:42,2024-07-15 17:36:25,011e406010ab11ec8871b07b25146e9e
2024-07-15,2024-07-15 10:21:53,2024-07-15 17:43:25,9c03fe5010a911ec8871b07b25146e9e
2024-07-15,2024-07-15 11:31:59,2024-07-15 17:43:25,f3ac086810a711ec8871b07b25146e9e
2024-07-15,2024-07-15 14:52:44,2024-07-15 17:44:05,6ad8172b10c511ec8216b07b25146e9e
2024-07-15,2024-07-15 07:58:10,2024-07-15 17:44:05,f3342c3510c211ec8216b07b25146e9e
2024-07-15,2024-07-15 08:05:11,2024-07-15 18:03:25,04f45ade10a811ec8871b07b25146e9e
2024-07-15,2024-07-15 09:05:48,2024-07-15 18:03:25,34272c4e10a911ec8871b07b25146e9e
2024-07-15,2024-07-15 08:33:35,2024-07-15 18:16:05,403ca52f10a911ec8871b07b25146e9e
2024-07-15,2024-07-15 08:37:51,2024-07-15 18:16:05,6b012e2472d711ecb369fa164011f743
2024-07-15,2024-07-15 08:29:01,2024-07-15 18:16:05,4043241610a911ec8871b07b25146e9e
2024-07-15,2024-07-15 08:31:55,2024-07-15 18:16:05,4044d4f310a911ec8871b07b25146e9e
2024-07-15,2024-07-15 08:36:23,2024-07-15 18:18:45,932df34710a811ec8871b07b25146e9e
2024-07-15,2024-07-15 08:39:12,2024-07-15 18:18:45,875e04cb10a811ec8871b07b25146e9e
2024-07-15,2024-07-15 08:35:19,2024-07-15 18:19:25,fed8023410a911ec8871b07b25146e9e
2024-07-15,2024-07-15 14:35:32,2024-07-15 18:19:25,0427d4a310ac11ec8871b07b25146e9e
2024-07-15,2024-07-15 14:49:20,2024-07-15 19:17:25,0e7cdfd310a811ec8871b07b25146e9e
2024-07-15,2024-07-15 08:40:06,2024-07-15 19:17:25,bea0a40110a911ec8871b07b25146e9e
2024-07-15,2024-07-15 10:03:53,2024-07-15 19:26:05,69287c1010c611ec8216b07b25146e9e
2024-07-15,2024-07-15 08:45:04,2024-07-15 19:26:05,e7f6f8a22b2a11ecb7eafa164011f743
2024-07-15,2024-07-15 22:47:29,2024-07-16 01:01:25,3d549fcc10ab11ec8871b07b25146e9e
2024-07-15,2024-07-15 22:41:02,2024-07-16 01:01:25,9003599610cb11ec8216b07b25146e9e
2024-07-15,2024-07-15 19:38:42,2024-07-16 02:32:25,fd5fc17e10a911ec8871b07b25146e9e
2024-07-15,2024-07-15 10:21:44,2024-07-16 02:32:25,fec2516b10a911ec8871b07b25146e9e
2024-07-15,2024-07-15 19:35:11,2024-07-16 02:32:25,0428acdb10ac11ec8871b07b25146e9e
2024-07-15,2024-07-15 20:11:44,2024-07-16 02:32:25,4cacabcd10ab11ec8871b07b25146e9e
2024-07-16,2024-07-16 08:11:40,2024-07-16 15:52:45,4044d4f310a911ec8871b07b25146e9e
2024-07-16,2024-07-16 08:10:21,2024-07-16 15:52:45,4043241610a911ec8871b07b25146e9e
2024-07-16,2024-07-16 08:17:09,2024-07-16 15:52:45,6b012e2472d711ecb369fa164011f743
2024-07-16,2024-07-16 08:13:24,2024-07-16 15:52:45,403ca52f10a911ec8871b07b25146e9e
2024-07-16,2024-07-16 09:36:05,2024-07-16 16:02:05,0feffa7310ac11ec8871b07b25146e9e
2024-07-16,2024-07-16 07:17:29,2024-07-16 16:02:05,c0de48dc10a911ec8871b07b25146e9e
2024-07-16,2024-07-16 15:30:44,2024-07-16 17:01:45,303de25410a911ec8871b07b25146e9e
2024-07-16,2024-07-16 08:40:08,2024-07-16 17:01:45,4f5e15dd10a911ec8871b07b25146e9e
2024-07-16,2024-07-16 09:56:43,2024-07-16 17:07:45,4c492e6d10a911ec8871b07b25146e9e
2024-07-16,2024-07-16 09:15:11,2024-07-16 17:07:45,3c6533d210a811ec8871b07b25146e9e
2024-07-16,2024-07-16 16:36:24,2024-07-16 17:07:45,af75a9bd10ca11ec8216b07b25146e9e
2024-07-16,2024-07-16 08:32:18,2024-07-16 17:20:05,346c00f410ab11ec8871b07b25146e9e
2024-07-16,2024-07-16 08:24:18,2024-07-16 17:20:05,6614495110a811ec8871b07b25146e9e
2024-07-16,2024-07-16 08:11:35,2024-07-16 17:24:06,baeb4d3610aa11ec8871b07b25146e9e
2024-07-16,2024-07-16 08:31:41,2024-07-16 17:24:06,2b8f364010ab11ec8871b07b25146e9e
2024-07-16,2024-07-16 07:40:56,2024-07-16 17:26:25,25c6228410ab11ec8871b07b25146e9e
2024-07-16,2024-07-16 10:28:52,2024-07-16 17:26:25,40cf79a410a911ec8871b07b25146e9e
2024-07-16,2024-07-16 08:12:40,2024-07-16 17:26:25,26acae3e10ab11ec8871b07b25146e9e
2024-07-16,2024-07-16 10:34:17,2024-07-16 17:27:05,45bbad1110a811ec8871b07b25146e9e
2024-07-16,2024-07-16 09:08:51,2024-07-16 17:27:05,a56a9c2410a911ec8871b07b25146e9e
2024-07-16,2024-07-16 07:53:58,2024-07-16 17:27:45,09b3c65310a811ec8871b07b25146e9e
2024-07-16,2024-07-16 08:31:08,2024-07-16 17:27:45,8318eca710a911ec8871b07b25146e9e
2024-07-16,2024-07-16 08:17:54,2024-07-16 17:30:26,3b56292310a911ec8871b07b25146e9e
2024-07-16,2024-07-16 08:41:37,2024-07-16 17:30:26,b8d22a3c10ab11ec8871b07b25146e9e
2024-07-16,2024-07-16 08:32:09,2024-07-16 17:31:46,2204a6c410a811ec8871b07b25146e9e
2024-07-16,2024-07-16 10:13:35,2024-07-16 17:31:46,806ed48c10a811ec8871b07b25146e9e
2024-07-16,2024-07-16 08:13:30,2024-07-16 17:32:06,3cb78afb10ab11ec8871b07b25146e9e
2024-07-16,2024-07-16 15:55:47,2024-07-16 17:32:06,34bd6db010c311ec8216b07b25146e9e
2024-07-16,2024-07-16 14:30:30,2024-07-16 17:32:26,f80c043c10ca11ec8216b07b25146e9e
2024-07-16,2024-07-16 15:30:02,2024-07-16 17:32:26,aa02bd9710a811ec8871b07b25146e9e
2024-07-16,2024-07-16 11:37:08,2024-07-16 17:32:45,81dbc0a010a811ec8871b07b25146e9e
2024-07-16,2024-07-16 14:35:35,2024-07-16 17:32:45,aa07cf0a6dd611ecb369fa164011f743
2024-07-16,2024-07-16 09:34:32,2024-07-16 17:33:06,67c2a36110a911ec8871b07b25146e9e
2024-07-16,2024-07-16 08:19:31,2024-07-16 17:33:06,faa3682f6eba11ecb369fa164011f743
2024-07-16,2024-07-16 08:16:31,2024-07-16 17:33:06,a3e3a59410a911ec8871b07b25146e9e
2024-07-16,2024-07-16 15:11:59,2024-07-16 17:33:25,c32fa64210ab11ec8871b07b25146e9e
2024-07-16,2024-07-16 10:03:37,2024-07-16 17:33:25,d7a812ba10ab11ec8871b07b25146e9e
2024-07-16,2024-07-16 09:58:05,2024-07-16 17:33:46,8b65bb0010a811ec8871b07b25146e9e
2024-07-16,2024-07-16 16:47:48,2024-07-16 17:33:46,950aaf2810ca11ec8216b07b25146e9e
2024-07-16,2024-07-16 09:06:43,2024-07-16 17:34:25,9638c87f10ab11ec8871b07b25146e9e
2024-07-16,2024-07-16 08:00:55,2024-07-16 17:34:25,d2b6c95f10a811ec8871b07b25146e9e
2024-07-16,2024-07-16 10:30:52,2024-07-16 17:35:25,216ef02c10ab11ec8871b07b25146e9e
2024-07-16,2024-07-16 08:23:15,2024-07-16 17:35:25,1f4bf06310ab11ec8871b07b25146e9e
2024-07-16,2024-07-16 08:15:54,2024-07-16 17:35:25,5ab56fb910ab11ec8871b07b25146e9e
2024-07-16,2024-07-16 08:42:34,2024-07-16 17:37:45,0ade0ebe10a811ec8871b07b25146e9e
2024-07-16,2024-07-16 14:59:10,2024-07-16 17:37:45,6141ff4510ab11ec8871b07b25146e9e
2024-07-16,2024-07-16 08:31:34,2024-07-16 17:38:25,206a9de410a911ec8871b07b25146e9e
2024-07-16,2024-07-16 08:08:26,2024-07-16 17:38:25,26f9863910ab11ec8871b07b25146e9e
2024-07-16,2024-07-16 09:28:28,2024-07-16 17:38:45,d073b49710aa11ec8871b07b25146e9e
2024-07-16,2024-07-16 08:12:57,2024-07-16 17:38:45,b745a73d10a811ec8871b07b25146e9e
2024-07-16,2024-07-16 08:07:27,2024-07-16 17:41:45,c63c55fa10ab11ec8871b07b25146e9e
2024-07-16,2024-07-16 10:15:18,2024-07-16 17:41:45,29c108e210ab11ec8871b07b25146e9e
2024-07-16,2024-07-16 09:07:42,2024-07-16 17:55:45,15c2f10010a911ec8871b07b25146e9e
2024-07-16,2024-07-16 14:39:22,2024-07-16 17:55:45,cd1949ce10a911ec8871b07b25146e9e
2024-07-16,2024-07-16 08:02:44,2024-07-16 18:03:05,c549011e10c211ec8216b07b25146e9e
2024-07-16,2024-07-16 07:33:45,2024-07-16 18:03:05,7308b5d310a911ec8871b07b25146e9e
2024-07-17,2024-07-17 07:56:05,2024-07-17 14:44:05,81dbc0a010a811ec8871b07b25146e9e
2024-07-17,2024-07-17 08:32:13,2024-07-17 14:44:05,4f688d6b10a811ec8871b07b25146e9e
2024-07-17,2024-07-17 10:53:43,2024-07-17 15:59:25,4e7b661d10a911ec8871b07b25146e9e
2024-07-17,2024-07-17 09:37:45,2024-07-17 15:59:25,ab46c96c6f9311ecb369fa164011f743
2024-07-17,2024-07-17 09:14:58,2024-07-17 16:57:05,0fd601b610ac11ec8871b07b25146e9e
2024-07-17,2024-07-17 08:07:13,2024-07-17 16:57:05,8c1e204010ab11ec8871b07b25146e9e
2024-07-17,2024-07-17 08:32:30,2024-07-17 17:02:25,64138e2810a911ec8871b07b25146e9e
2024-07-17,2024-07-17 09:30:38,2024-07-17 17:02:25,2819ebf7273911ecb7eafa164011f743
2024-07-17,2024-07-17 09:23:26,2024-07-17 17:04:25,58834a986ded11ecb369fa164011f743
2024-07-17,2024-07-17 15:14:41,2024-07-17 17:04:25,a529440d10ab11ec8871b07b25146e9e
2024-07-17,2024-07-17 08:13:08,2024-07-17 17:05:05,2751e28110ab11ec8871b07b25146e9e
2024-07-17,2024-07-17 10:59:41,2024-07-17 17:05:05,8bb18cf810ab11ec8871b07b25146e9e
2024-07-17,2024-07-17 08:31:56,2024-07-17 17:18:45,1b1efb3810a811ec8871b07b25146e9e
2024-07-17,2024-07-17 08:13:46,2024-07-17 17:18:45,3b56292310a911ec8871b07b25146e9e
2024-07-17,2024-07-17 10:44:59,2024-07-17 17:18:45,fe4a852c25a211edaf2bfa164011f743
2024-07-17,2024-07-17 08:43:13,2024-07-17 17:18:45,eeceef6210a911ec8871b07b25146e9e
2024-07-17,2024-07-17 08:21:24,2024-07-17 17:20:05,b317a9d910c611ec8216b07b25146e9e
2024-07-17,2024-07-17 15:10:24,2024-07-17 17:20:05,cfe061cf138311eca228fa164011f743
2024-07-17,2024-07-17 13:54:51,2024-07-17 17:22:45,09b3c65310a811ec8871b07b25146e9e
2024-07-17,2024-07-17 08:09:13,2024-07-17 17:22:45,9b1aeec610a911ec8871b07b25146e9e
2024-07-17,2024-07-17 08:31:51,2024-07-17 17:24:25,f762ac9d10aa11ec8871b07b25146e9e
2024-07-17,2024-07-17 10:55:41,2024-07-17 17:24:25,0c12c77110a811ec8871b07b25146e9e
2024-07-17,2024-07-17 16:17:01,2024-07-17 17:28:05,8e5acdca10a911ec8871b07b25146e9e
2024-07-17,2024-07-17 07:42:35,2024-07-17 17:28:05,25c6228410ab11ec8871b07b25146e9e
2024-07-17,2024-07-17 08:24:14,2024-07-17 17:28:05,065e459910a811ec8871b07b25146e9e
2024-07-17,2024-07-17 08:07:09,2024-07-17 17:28:06,252e968c10ab11ec8871b07b25146e9e
2024-07-17,2024-07-17 15:23:05,2024-07-17 17:28:06,af3a41e410a811ec8871b07b25146e9e
2024-07-17,2024-07-17 08:35:17,2024-07-17 17:31:46,03aa6dd910c411ec8216b07b25146e9e
2024-07-17,2024-07-17 09:00:22,2024-07-17 17:31:46,13dfc20e10a811ec8871b07b25146e9e
2024-07-17,2024-07-17 08:16:56,2024-07-17 17:33:06,9147370110ab11ec8871b07b25146e9e
2024-07-17,2024-07-17 08:49:49,2024-07-17 17:33:06,9638c87f10ab11ec8871b07b25146e9e
2024-07-17,2024-07-17 08:23:54,2024-07-17 17:33:06,d69ea27b10aa11ec8871b07b25146e9e
2024-07-17,2024-07-17 08:17:05,2024-07-17 17:33:25,b8d22a3c10ab11ec8871b07b25146e9e
2024-07-17,2024-07-17 15:07:28,2024-07-17 17:33:25,9c03fe5010a911ec8871b07b25146e9e
2024-07-17,2024-07-17 11:30:26,2024-07-17 17:34:05,41ed6a2010a911ec8871b07b25146e9e
2024-07-17,2024-07-17 08:09:29,2024-07-17 17:34:05,d2b6c95f10a811ec8871b07b25146e9e
2024-07-17,2024-07-17 09:38:48,2024-07-17 17:34:05,c9058c9f72dd11ecb369fa164011f743
2024-07-17,2024-07-17 09:57:08,2024-07-17 17:34:26,ebd0735910a911ec8871b07b25146e9e
2024-07-17,2024-07-17 09:44:03,2024-07-17 17:34:26,9dd454446d2011ecb369fa164011f743
2024-07-17,2024-07-17 08:27:15,2024-07-17 17:35:45,4c17ef0910a911ec8871b07b25146e9e
2024-07-17,2024-07-17 08:18:01,2024-07-17 17:35:45,4b93788310ab11ec8871b07b25146e9e
2024-07-17,2024-07-17 08:25:14,2024-07-17 17:38:05,1f4bf06310ab11ec8871b07b25146e9e
2024-07-17,2024-07-17 07:55:15,2024-07-17 17:38:05,f202e94f10aa11ec8871b07b25146e9e
2024-07-17,2024-07-17 09:26:53,2024-07-17 17:50:45,0ade0ebe10a811ec8871b07b25146e9e
2024-07-17,2024-07-17 07:53:04,2024-07-17 17:50:45,f3ac086810a711ec8871b07b25146e9e
2024-07-17,2024-07-17 08:30:22,2024-07-17 18:01:45,216ef02c10ab11ec8871b07b25146e9e
2024-07-17,2024-07-17 07:59:46,2024-07-17 18:01:45,6be64af410ab11ec8871b07b25146e9e
2024-07-17,2024-07-17 07:37:25,2024-07-17 18:03:05,83c3e84410a911ec8871b07b25146e9e
2024-07-17,2024-07-17 07:49:36,2024-07-17 18:03:05,c549011e10c211ec8216b07b25146e9e
2024-07-17,2024-07-17 09:02:58,2024-07-17 18:04:05,34272c4e10a911ec8871b07b25146e9e
2024-07-17,2024-07-17 08:27:33,2024-07-17 18:04:05,743cadd010ab11ec8871b07b25146e9e
2024-07-17,2024-07-17 08:36:21,2024-07-17 18:13:05,403ca52f10a911ec8871b07b25146e9e
2024-07-17,2024-07-17 08:40:52,2024-07-17 18:13:05,6b012e2472d711ecb369fa164011f743
2024-07-17,2024-07-17 08:23:53,2024-07-17 18:19:05,4cacabcd10ab11ec8871b07b25146e9e
2024-07-17,2024-07-17 08:35:37,2024-07-17 18:19:05,fd5fc17e10a911ec8871b07b25146e9e
2024-07-17,2024-07-17 07:46:42,2024-07-17 18:20:05,4fe5389010a811ec8871b07b25146e9e
2024-07-17,2024-07-17 07:45:49,2024-07-17 18:20:05,45825d8010ac11ec8871b07b25146e9e
2024-07-17,2024-07-17 19:34:42,2024-07-17 23:49:54,ded26df210a711ec8871b07b25146e9e
2024-07-17,2024-07-17 07:54:22,2024-07-17 23:49:54,81e2677110a911ec8871b07b25146e9e
2024-07-18,2024-07-18 11:02:50,2024-07-18 16:58:34,1af6208510c811ec8216b07b25146e9e
2024-07-18,2024-07-18 10:12:51,2024-07-18 16:58:34,bc1c655810a811ec8871b07b25146e9e
2024-07-18,2024-07-18 08:35:43,2024-07-18 17:03:54,a1ca6ace10a811ec8871b07b25146e9e
2024-07-18,2024-07-18 08:18:19,2024-07-18 17:03:54,c714d2676df811ecb369fa164011f743
2024-07-18,2024-07-18 08:29:40,2024-07-18 17:13:14,295a0bef10ac11ec8871b07b25146e9e
2024-07-18,2024-07-18 15:26:32,2024-07-18 17:13:14,dda5c3c310c511ec8216b07b25146e9e
2024-07-18,2024-07-18 13:16:57,2024-07-18 17:13:15,0dcf6fc810c111ec8216b07b25146e9e
2024-07-18,2024-07-18 09:15:30,2024-07-18 17:13:15,cfe061cf138311eca228fa164011f743
2024-07-18,2024-07-18 08:22:37,2024-07-18 17:14:14,d316f74510a811ec8871b07b25146e9e
2024-07-18,2024-07-18 16:15:45,2024-07-18 17:14:14,3cf7ca91120d426cb1bf39b9cc653b0c
2024-07-18,2024-07-18 08:21:37,2024-07-18 17:18:54,45bbad1110a811ec8871b07b25146e9e
2024-07-18,2024-07-18 07:51:02,2024-07-18 17:18:54,065e459910a811ec8871b07b25146e9e
2024-07-18,2024-07-18 08:04:17,2024-07-18 17:20:54,252e968c10ab11ec8871b07b25146e9e
2024-07-18,2024-07-18 08:00:11,2024-07-18 17:20:54,3cd9dac810ab11ec8871b07b25146e9e
2024-07-18,2024-07-18 08:17:44,2024-07-18 17:25:34,62e9c78610ab11ec8871b07b25146e9e
2024-07-18,2024-07-18 07:55:09,2024-07-18 17:25:34,806ed48c10a811ec8871b07b25146e9e
2024-07-18,2024-07-18 08:44:31,2024-07-18 17:27:34,a56a9c2410a911ec8871b07b25146e9e
2024-07-18,2024-07-18 08:18:52,2024-07-18 17:27:34,a529440d10ab11ec8871b07b25146e9e
2024-07-18,2024-07-18 08:36:01,2024-07-18 17:27:54,ec2c6f6610aa11ec8871b07b25146e9e
2024-07-18,2024-07-18 09:47:32,2024-07-18 17:27:54,40cf79a410a911ec8871b07b25146e9e
2024-07-18,2024-07-18 08:17:04,2024-07-18 17:29:14,8318eca710a911ec8871b07b25146e9e
2024-07-18,2024-07-18 08:08:56,2024-07-18 17:29:14,fe4a852c25a211edaf2bfa164011f743
2024-07-18,2024-07-18 09:04:33,2024-07-18 17:29:14,58834a986ded11ecb369fa164011f743
2024-07-18,2024-07-18 08:29:38,2024-07-18 17:30:55,6727156010a911ec8871b07b25146e9e
2024-07-18,2024-07-18 09:46:57,2024-07-18 17:30:55,1281a14a72b711ecb369fa164011f743
2024-07-18,2024-07-18 08:28:59,2024-07-18 17:31:34,84499f3910c011ec8216b07b25146e9e
2024-07-18,2024-07-18 09:51:16,2024-07-18 17:31:34,2114ccab10ab11ec8871b07b25146e9e
2024-07-18,2024-07-18 08:00:26,2024-07-18 17:31:35,d69ea27b10aa11ec8871b07b25146e9e
2024-07-18,2024-07-18 08:02:17,2024-07-18 17:31:35,9147370110ab11ec8871b07b25146e9e
2024-07-18,2024-07-18 08:27:31,2024-07-18 17:32:15,9638c87f10ab11ec8871b07b25146e9e
2024-07-18,2024-07-18 08:22:35,2024-07-18 17:32:15,f10b2dc410aa11ec8871b07b25146e9e
2024-07-18,2024-07-18 11:07:11,2024-07-18 17:32:15,dfa031d610a711ec8871b07b25146e9e
2024-07-18,2024-07-18 08:25:52,2024-07-18 17:32:15,aa07cf0a6dd611ecb369fa164011f743
2024-07-18,2024-07-18 17:10:13,2024-07-18 17:32:15,56a6ad9610a911ec8871b07b25146e9e
2024-07-18,2024-07-18 08:49:41,2024-07-18 17:33:14,f202e94f10aa11ec8871b07b25146e9e
2024-07-18,2024-07-18 08:59:53,2024-07-18 17:33:14,4030f7fb10a811ec8871b07b25146e9e
2024-07-18,2024-07-18 15:48:28,2024-07-18 17:33:34,9dd454446d2011ecb369fa164011f743
2024-07-18,2024-07-18 15:17:39,2024-07-18 17:33:34,9432af0e10ab11ec8871b07b25146e9e
2024-07-18,2024-07-18 08:18:10,2024-07-18 17:33:35,03aa6dd910c411ec8216b07b25146e9e
2024-07-18,2024-07-18 09:33:34,2024-07-18 17:33:35,29c108e210ab11ec8871b07b25146e9e
2024-07-18,2024-07-18 15:46:17,2024-07-18 17:33:35,2ead51cc10ab11ec8871b07b25146e9e
2024-07-18,2024-07-18 08:35:59,2024-07-18 17:34:15,3cb78afb10ab11ec8871b07b25146e9e
2024-07-18,2024-07-18 08:17:57,2024-07-18 17:34:15,4f688d6b10a811ec8871b07b25146e9e
2024-07-18,2024-07-18 15:41:59,2024-07-18 17:41:34,58596735a81b11edb6a3fa164011f743
2024-07-18,2024-07-18 15:43:56,2024-07-18 17:41:34,57f981ee10ac11ec8871b07b25146e9e
2024-07-18,2024-07-18 09:46:49,2024-07-18 17:41:34,c51d297010a811ec8871b07b25146e9e
2024-07-18,2024-07-18 11:01:22,2024-07-18 17:52:34,835063a810a911ec8871b07b25146e9e
2024-07-18,2024-07-18 07:15:23,2024-07-18 17:52:34,5792090610ab11ec8871b07b25146e9e
2024-07-18,2024-07-18 08:43:14,2024-07-18 17:53:14,0ade0ebe10a811ec8871b07b25146e9e
2024-07-18,2024-07-18 10:35:11,2024-07-18 17:53:14,4044d4f310a911ec8871b07b25146e9e
2024-07-18,2024-07-18 08:25:01,2024-07-18 17:54:14,403ca52f10a911ec8871b07b25146e9e
2024-07-18,2024-07-18 08:28:37,2024-07-18 17:54:14,6b012e2472d711ecb369fa164011f743
2024-07-18,2024-07-18 17:44:49,2024-07-18 18:14:34,fd5fc17e10a911ec8871b07b25146e9e
2024-07-18,2024-07-18 17:41:27,2024-07-18 18:14:34,fec2516b10a911ec8871b07b25146e9e
2024-07-18,2024-07-18 08:39:33,2024-07-18 18:30:54,6f88968110c911ec8216b07b25146e9e
2024-07-18,2024-07-18 15:47:35,2024-07-18 18:30:54,304e6a8d10bf11ec8216b07b25146e9e
2024-07-18,2024-07-18 07:55:12,2024-07-18 18:51:54,45825d8010ac11ec8871b07b25146e9e
2024-07-18,2024-07-18 09:30:35,2024-07-18 18:51:54,3d549fcc10ab11ec8871b07b25146e9e
2024-07-18,2024-07-18 09:18:49,2024-07-18 18:51:54,9003599610cb11ec8216b07b25146e9e
2024-07-18,2024-07-18 18:10:43,2024-07-18 21:58:14,7d29d1dc10ab11ec8871b07b25146e9e
2024-07-18,2024-07-18 18:03:02,2024-07-18 21:58:14,8ba36e5810ab11ec8871b07b25146e9e
2024-07-18,2024-07-18 12:40:36,2024-07-18 23:26:14,2dedbc8a10ca11ec8216b07b25146e9e
2024-07-18,2024-07-18 06:47:28,2024-07-18 23:26:14,81e2677110a911ec8871b07b25146e9e
2024-07-18,2024-07-18 06:49:35,2024-07-18 23:26:14,ded26df210a711ec8871b07b25146e9e
2024-07-19,2024-07-19 08:09:12,2024-07-19 16:58:54,8b592ef010ab11ec8871b07b25146e9e
2024-07-19,2024-07-19 08:56:41,2024-07-19 16:58:54,c32fa64210ab11ec8871b07b25146e9e
2024-07-19,2024-07-19 10:46:25,2024-07-19 17:03:14,c4ed829210ab11ec8871b07b25146e9e
2024-07-19,2024-07-19 12:10:11,2024-07-19 17:03:14,ec2c6f6610aa11ec8871b07b25146e9e
2024-07-19,2024-07-19 08:38:47,2024-07-19 17:03:54,661b001310aa11ec8871b07b25146e9e
2024-07-19,2024-07-19 08:13:36,2024-07-19 17:03:54,41ed6a2010a911ec8871b07b25146e9e
2024-07-19,2024-07-19 14:10:18,2024-07-19 17:17:34,0dcf6fc810c111ec8216b07b25146e9e
2024-07-19,2024-07-19 08:25:07,2024-07-19 17:17:34,a1ca6ace10a811ec8871b07b25146e9e
2024-07-19,2024-07-19 08:33:27,2024-07-19 17:22:34,9432af0e10ab11ec8871b07b25146e9e
2024-07-19,2024-07-19 09:33:01,2024-07-19 17:22:34,961c0a7a10a811ec8871b07b25146e9e
2024-07-19,2024-07-19 08:07:19,2024-07-19 17:23:14,4d13a2ab10ab11ec8871b07b25146e9e
2024-07-19,2024-07-19 09:07:51,2024-07-19 17:23:14,24bc515f67a911ed87c1fa164011f743
2024-07-19,2024-07-19 09:18:03,2024-07-19 17:24:54,15c2f10010a911ec8871b07b25146e9e
2024-07-19,2024-07-19 10:47:55,2024-07-19 17:24:54,26f9863910ab11ec8871b07b25146e9e
2024-07-19,2024-07-19 07:38:51,2024-07-19 17:26:14,62e9c78610ab11ec8871b07b25146e9e
2024-07-19,2024-07-19 09:51:05,2024-07-19 17:26:14,b75cd8ac10a811ec8871b07b25146e9e
2024-07-19,2024-07-19 14:40:42,2024-07-19 17:26:35,48a7a2fb10a911ec8871b07b25146e9e
2024-07-19,2024-07-19 09:37:12,2024-07-19 17:26:35,40cf79a410a911ec8871b07b25146e9e
2024-07-19,2024-07-19 14:44:37,2024-07-19 17:27:14,b99c522310ab11ec8871b07b25146e9e
2024-07-19,2024-07-19 08:18:13,2024-07-19 17:27:14,295a0bef10ac11ec8871b07b25146e9e
2024-07-19,2024-07-19 09:45:34,2024-07-19 17:29:15,d7a812ba10ab11ec8871b07b25146e9e
2024-07-19,2024-07-19 08:23:20,2024-07-19 17:29:15,fe4a852c25a211edaf2bfa164011f743
2024-07-19,2024-07-19 08:11:35,2024-07-19 17:30:54,4d28cf0710ab11ec8871b07b25146e9e
2024-07-19,2024-07-19 11:39:21,2024-07-19 17:30:54,2dae34be10ab11ec8871b07b25146e9e
2024-07-19,2024-07-19 09:06:15,2024-07-19 17:30:54,c51d297010a811ec8871b07b25146e9e
2024-07-19,2024-07-19 07:56:48,2024-07-19 17:32:15,1b24263a10a811ec8871b07b25146e9e
2024-07-19,2024-07-19 14:46:35,2024-07-19 17:32:15,34bd6db010c311ec8216b07b25146e9e
2024-07-19,2024-07-19 08:21:53,2024-07-19 17:32:55,3cb78afb10ab11ec8871b07b25146e9e
2024-07-19,2024-07-19 10:01:25,2024-07-19 17:32:55,9dd454446d2011ecb369fa164011f743
2024-07-19,2024-07-19 08:18:40,2024-07-19 17:32:55,9147370110ab11ec8871b07b25146e9e
2024-07-19,2024-07-19 13:41:03,2024-07-19 17:33:15,2ead51cc10ab11ec8871b07b25146e9e
2024-07-19,2024-07-19 14:22:04,2024-07-19 17:33:15,03aa6dd910c411ec8216b07b25146e9e
2024-07-19,2024-07-19 08:18:50,2024-07-19 17:33:16,faa3682f6eba11ecb369fa164011f743
2024-07-19,2024-07-19 14:36:49,2024-07-19 17:33:16,6b6870b110ab11ec8871b07b25146e9e
2024-07-19,2024-07-19 11:29:20,2024-07-19 17:33:55,6458c96810ab11ec8871b07b25146e9e
2024-07-19,2024-07-19 08:13:14,2024-07-19 17:33:55,de6b916910a811ec8871b07b25146e9e
2024-07-19,2024-07-19 08:41:55,2024-07-19 17:33:55,6f0cea7610a811ec8871b07b25146e9e
2024-07-19,2024-07-19 08:44:56,2024-07-19 17:34:15,ddfdf4e710c711ec8216b07b25146e9e
2024-07-19,2024-07-19 08:28:48,2024-07-19 17:34:15,636fbc0110a811ec8871b07b25146e9e
2024-07-19,2024-07-19 08:37:44,2024-07-19 17:34:15,8318eca710a911ec8871b07b25146e9e
2024-07-19,2024-07-19 11:17:48,2024-07-19 17:34:15,14aedf2810a811ec8871b07b25146e9e
2024-07-19,2024-07-19 11:04:03,2024-07-19 17:34:15,8820584710a911ec8871b07b25146e9e
2024-07-19,2024-07-19 08:04:13,2024-07-19 17:35:17,206a9de410a911ec8871b07b25146e9e
2024-07-19,2024-07-19 09:25:43,2024-07-19 17:35:17,ee7a1f3e149c11eca228fa164011f743
2024-07-19,2024-07-19 08:54:42,2024-07-19 18:05:14,fed8023410a911ec8871b07b25146e9e
2024-07-19,2024-07-19 14:36:03,2024-07-19 18:05:14,0427d4a310ac11ec8871b07b25146e9e
2024-07-19,2024-07-19 08:53:23,2024-07-19 18:05:14,86e25ef510a811ec8871b07b25146e9e
2024-07-19,2024-07-19 08:16:31,2024-07-19 18:05:14,0ade0ebe10a811ec8871b07b25146e9e
2024-07-19,2024-07-19 08:25:40,2024-07-19 18:05:34,85e0dbe210a811ec8871b07b25146e9e
2024-07-19,2024-07-19 07:43:14,2024-07-19 18:05:34,83c3e84410a911ec8871b07b25146e9e
2024-07-19,2024-07-19 08:22:28,2024-07-19 18:06:34,e307dbed10ab11ec8871b07b25146e9e
2024-07-19,2024-07-19 08:46:42,2024-07-19 18:06:34,fd5fc17e10a911ec8871b07b25146e9e
2024-07-19,2024-07-19 07:19:05,2024-07-19 18:06:34,8f2c0cb210ab11ec8871b07b25146e9e
2024-07-19,2024-07-19 08:27:39,2024-07-19 18:07:14,0428acdb10ac11ec8871b07b25146e9e
2024-07-19,2024-07-19 08:29:18,2024-07-19 18:07:14,fec2516b10a911ec8871b07b25146e9e
2024-07-19,2024-07-19 08:24:14,2024-07-19 18:07:14,4cacabcd10ab11ec8871b07b25146e9e
2024-07-19,2024-07-19 14:44:07,2024-07-19 18:07:14,067bf4152fd511ecb7eafa164011f743
2024-07-19,2024-07-19 16:52:32,2024-07-19 18:31:14,15841b866eac11ecb369fa164011f743
2024-07-19,2024-07-19 08:09:31,2024-07-19 18:31:14,24d6bd46a8e911eda9defa164011f743
2024-07-19,2024-07-19 08:37:00,2024-07-19 18:33:14,5c6b828410cb11ec8216b07b25146e9e
2024-07-19,2024-07-19 08:44:35,2024-07-19 18:33:14,304e6a8d10bf11ec8216b07b25146e9e
2024-07-19,2024-07-19 08:11:56,2024-07-19 18:39:14,4044d4f310a911ec8871b07b25146e9e
2024-07-19,2024-07-19 08:13:28,2024-07-19 18:39:14,403ca52f10a911ec8871b07b25146e9e
2024-07-19,2024-07-19 10:43:52,2024-07-19 23:59:14,cdf14b768f2c11edb6a3fa164011f743
2024-07-19,2024-07-19 00:19:00,2024-07-19 23:59:14,3a9b4456e94c11eca3e4fa164011f743
2024-07-19,2024-07-19 08:46:11,2024-07-20 01:07:34,f989459e10ab11ec8871b07b25146e9e
2024-07-19,2024-07-19 07:14:46,2024-07-20 01:07:34,2dedbc8a10ca11ec8216b07b25146e9e
2024-07-20,2024-07-20 09:51:40,2024-07-20 17:00:14,ee3efc5e10a911ec8871b07b25146e9e
2024-07-20,2024-07-20 09:37:02,2024-07-20 17:00:14,07e03a2d10a811ec8871b07b25146e9e
2024-07-20,2024-07-20 08:40:40,2024-07-20 17:59:34,9003599610cb11ec8216b07b25146e9e
2024-07-20,2024-07-20 08:41:35,2024-07-20 17:59:34,3d549fcc10ab11ec8871b07b25146e9e
2024-07-20,2024-07-20 08:35:25,2024-07-20 17:59:34,b349c42610a911ec8871b07b25146e9e
2024-07-20,2024-07-20 08:40:35,2024-07-20 18:03:17,fed8023410a911ec8871b07b25146e9e
2024-07-20,2024-07-20 08:41:46,2024-07-20 18:03:17,0427d4a310ac11ec8871b07b25146e9e
2024-07-20,2024-07-20 11:15:48,2024-07-20 18:03:54,4890fa7c10ac11ec8871b07b25146e9e
2024-07-20,2024-07-20 08:22:16,2024-07-20 18:03:54,0428acdb10ac11ec8871b07b25146e9e
2024-07-20,2024-07-20 08:25:29,2024-07-20 18:04:14,fec2516b10a911ec8871b07b25146e9e
2024-07-20,2024-07-20 10:00:54,2024-07-20 18:04:14,fd5fc17e10a911ec8871b07b25146e9e
2024-07-20,2024-07-20 09:15:26,2024-07-20 18:04:14,4cda161710c911ec8216b07b25146e9e
2024-07-20,2024-07-20 11:33:57,2024-07-20 18:04:14,c601828710aa11ec8871b07b25146e9e
2024-07-20,2024-07-20 08:16:29,2024-07-20 18:06:14,6b012e2472d711ecb369fa164011f743
2024-07-20,2024-07-20 08:13:08,2024-07-20 18:06:14,4043241610a911ec8871b07b25146e9e
2024-07-20,2024-07-20 08:14:42,2024-07-20 18:06:14,403ca52f10a911ec8871b07b25146e9e
2024-07-20,2024-07-20 05:15:36,2024-07-20 23:03:54,cec6e0a910aa11ec8871b07b25146e9e
2024-07-20,2024-07-20 05:14:07,2024-07-20 23:03:54,f989459e10ab11ec8871b07b25146e9e
2024-07-20,2024-07-20 13:06:30,2024-07-20 23:03:54,6cf8b0c910ab11ec8871b07b25146e9e
2024-07-21,2024-07-21 09:48:25,2024-07-21 17:21:14,d2cef44310a811ec8871b07b25146e9e
2024-07-21,2024-07-21 09:23:43,2024-07-21 17:21:14,6ed5b43e10cb11ec8216b07b25146e9e
2024-07-21,2024-07-21 05:33:13,2024-07-21 23:43:14,f989459e10ab11ec8871b07b25146e9e
2024-07-21,2024-07-21 05:36:10,2024-07-21 23:43:14,cec6e0a910aa11ec8871b07b25146e9e
2024-07-22,2024-07-22 08:48:43,2024-07-22 16:33:54,9a4e6dea10ac11ec8871b07b25146e9e
2024-07-22,2024-07-22 08:32:28,2024-07-22 16:33:54,c9eb4fa610a811ec8871b07b25146e9e
2024-07-22,2024-07-22 09:19:52,2024-07-22 16:47:54,235fcb5e10a811ec8871b07b25146e9e
2024-07-22,2024-07-22 08:49:36,2024-07-22 16:47:54,3765282510ac11ec8871b07b25146e9e
2024-07-22,2024-07-22 09:28:17,2024-07-22 16:47:54,6293147210a811ec8871b07b25146e9e
2024-07-22,2024-07-22 08:10:09,2024-07-22 17:02:14,6ab19b6d10a911ec8871b07b25146e9e
2024-07-22,2024-07-22 12:02:50,2024-07-22 17:02:14,0dc2883c10a911ec8871b07b25146e9e
2024-07-22,2024-07-22 07:55:31,2024-07-22 17:02:54,cd1949ce10a911ec8871b07b25146e9e
2024-07-22,2024-07-22 08:48:24,2024-07-22 17:02:54,4a25f29e10a911ec8871b07b25146e9e
2024-07-22,2024-07-22 08:17:27,2024-07-22 17:04:34,31029a1110aa11ec8871b07b25146e9e
2024-07-22,2024-07-22 08:17:07,2024-07-22 17:04:34,1e78015e10ac11ec8871b07b25146e9e
2024-07-22,2024-07-22 09:23:49,2024-07-22 17:08:34,61a0f68b10a811ec8871b07b25146e9e
2024-07-22,2024-07-22 10:06:25,2024-07-22 17:08:34,4d52409710ab11ec8871b07b25146e9e
2024-07-22,2024-07-22 09:57:31,2024-07-22 17:08:54,aa02bd9710a811ec8871b07b25146e9e
2024-07-22,2024-07-22 08:23:14,2024-07-22 17:08:54,a529440d10ab11ec8871b07b25146e9e
2024-07-22,2024-07-22 08:36:31,2024-07-22 17:22:54,45bbad1110a811ec8871b07b25146e9e
2024-07-22,2024-07-22 14:33:05,2024-07-22 17:22:54,3cd9dac810ab11ec8871b07b25146e9e
2024-07-22,2024-07-22 08:05:58,2024-07-22 17:22:54,4d13a2ab10ab11ec8871b07b25146e9e
2024-07-22,2024-07-22 07:49:05,2024-07-22 17:23:14,09b3c65310a811ec8871b07b25146e9e
2024-07-22,2024-07-22 09:43:52,2024-07-22 17:23:14,26f9863910ab11ec8871b07b25146e9e
2024-07-22,2024-07-22 08:15:31,2024-07-22 17:24:54,41ed6a2010a911ec8871b07b25146e9e
2024-07-22,2024-07-22 11:13:09,2024-07-22 17:24:54,6c2fbd1110a811ec8871b07b25146e9e
2024-07-22,2024-07-22 10:58:19,2024-07-22 17:27:37,252e968c10ab11ec8871b07b25146e9e
2024-07-22,2024-07-22 10:52:04,2024-07-22 17:27:37,eeceef6210a911ec8871b07b25146e9e
2024-07-22,2024-07-22 08:22:37,2024-07-22 17:28:54,de6b916910a811ec8871b07b25146e9e
2024-07-22,2024-07-22 15:45:54,2024-07-22 17:28:54,5b714adf10a911ec8871b07b25146e9e
2024-07-22,2024-07-22 09:15:03,2024-07-22 17:29:14,cfe061cf138311eca228fa164011f743
2024-07-22,2024-07-22 14:21:04,2024-07-22 17:29:14,6614495110a811ec8871b07b25146e9e
2024-07-22,2024-07-22 15:23:34,2024-07-22 17:30:00,af75a9bd10ca11ec8216b07b25146e9e
2024-07-22,2024-07-22 09:04:28,2024-07-22 17:30:00,f29c887310a711ec8871b07b25146e9e
2024-07-22,2024-07-22 08:00:16,2024-07-22 17:32:14,14aedf2810a811ec8871b07b25146e9e
2024-07-22,2024-07-22 09:28:18,2024-07-22 17:32:14,dee6b12d10a911ec8871b07b25146e9e
2024-07-22,2024-07-22 08:41:50,2024-07-22 17:32:34,df35a3f510a711ec8871b07b25146e9e
2024-07-22,2024-07-22 08:45:50,2024-07-22 17:32:34,30a91b7c10a811ec8871b07b25146e9e
2024-07-22,2024-07-22 11:32:56,2024-07-22 17:32:55,267f734c6d1e11ecb369fa164011f743
2024-07-22,2024-07-22 07:53:29,2024-07-22 17:32:55,251f192b10ab11ec8871b07b25146e9e
2024-07-22,2024-07-22 09:44:02,2024-07-22 17:32:55,5bb90a8510a911ec8871b07b25146e9e
2024-07-22,2024-07-22 00:35:09,2024-07-22 17:33:14,7a09679110c111ec8216b07b25146e9e
2024-07-22,2024-07-22 09:08:44,2024-07-22 17:33:14,8717117910aa11ec8871b07b25146e9e
2024-07-22,2024-07-22 08:14:51,2024-07-22 17:33:34,ebd0735910a911ec8871b07b25146e9e
2024-07-22,2024-07-22 09:16:31,2024-07-22 17:33:34,6458c96810ab11ec8871b07b25146e9e
2024-07-22,2024-07-22 08:57:58,2024-07-22 17:35:14,9dd454446d2011ecb369fa164011f743
2024-07-22,2024-07-22 15:08:33,2024-07-22 17:35:14,19ea85ad10a811ec8871b07b25146e9e
2024-07-22,2024-07-22 09:58:14,2024-07-22 17:35:14,66aa855a10a811ec8871b07b25146e9e
2024-07-22,2024-07-22 11:46:36,2024-07-22 17:35:54,119ab9dc10c111ec8216b07b25146e9e
2024-07-22,2024-07-22 14:27:54,2024-07-22 17:35:54,295a0bef10ac11ec8871b07b25146e9e
2024-07-22,2024-07-22 09:15:12,2024-07-22 17:35:54,3ce3e76810a811ec8871b07b25146e9e
2024-07-22,2024-07-22 08:28:39,2024-07-22 17:36:14,8b3d6a6810a811ec8871b07b25146e9e
2024-07-22,2024-07-22 08:26:30,2024-07-22 17:36:14,4bbffc6910ab11ec8871b07b25146e9e
2024-07-22,2024-07-22 08:21:11,2024-07-22 17:40:54,42cd83a010a811ec8871b07b25146e9e
2024-07-22,2024-07-22 14:27:56,2024-07-22 17:40:54,4d75a5ea335611efbde5fa164011f743
2024-07-22,2024-07-22 11:18:05,2024-07-22 17:58:34,f49b308e10a911ec8871b07b25146e9e
2024-07-22,2024-07-22 08:10:48,2024-07-22 17:58:34,b2a7430810a911ec8871b07b25146e9e
2024-07-22,2024-07-22 13:59:30,2024-07-22 18:01:34,73210e145ac211ed8135fa164011f743
2024-07-22,2024-07-22 09:51:56,2024-07-22 18:01:34,5650bdf110ab11ec8871b07b25146e9e
2024-07-22,2024-07-22 15:25:31,2024-07-22 18:05:34,296a7b7b10ab11ec8871b07b25146e9e
2024-07-22,2024-07-22 15:21:09,2024-07-22 18:05:34,f1240a7210ab11ec8871b07b25146e9e
2024-07-22,2024-07-22 16:39:48,2024-07-22 18:07:54,4b6c9f1710ab11ec8871b07b25146e9e
2024-07-22,2024-07-22 09:05:44,2024-07-22 18:07:54,fed8023410a911ec8871b07b25146e9e
2024-07-22,2024-07-22 09:40:56,2024-07-22 18:09:14,fec2516b10a911ec8871b07b25146e9e
2024-07-22,2024-07-22 09:55:10,2024-07-22 18:09:14,4890fa7c10ac11ec8871b07b25146e9e
2024-07-22,2024-07-22 08:41:13,2024-07-22 18:10:14,bcc2f04510ab11ec8871b07b25146e9e
2024-07-22,2024-07-22 09:00:16,2024-07-22 18:10:14,37f376b810ac11ec8871b07b25146e9e
2024-07-22,2024-07-22 20:26:35,2024-07-22 23:41:14,58596735a81b11edb6a3fa164011f743
2024-07-22,2024-07-22 21:29:52,2024-07-22 23:41:14,57f981ee10ac11ec8871b07b25146e9e
2024-07-23,2024-07-23 08:45:34,2024-07-23 16:21:34,55229c0710ac11ec8871b07b25146e9e
2024-07-23,2024-07-23 08:17:26,2024-07-23 16:21:34,9a4e6dea10ac11ec8871b07b25146e9e
2024-07-23,2024-07-23 08:18:08,2024-07-23 16:36:14,5f705aee10a911ec8871b07b25146e9e
2024-07-23,2024-07-23 11:36:20,2024-07-23 16:36:14,5f5f3f8d10a911ec8871b07b25146e9e
2024-07-23,2024-07-23 08:28:44,2024-07-23 17:04:34,eb15bf7310c111ec8216b07b25146e9e
2024-07-23,2024-07-23 08:35:56,2024-07-23 17:04:34,4a25f29e10a911ec8871b07b25146e9e
2024-07-23,2024-07-23 09:28:32,2024-07-23 17:05:34,8b5c9e6a10aa11ec8871b07b25146e9e
2024-07-23,2024-07-23 08:31:37,2024-07-23 17:05:34,e99e08eb10a711ec8871b07b25146e9e
2024-07-23,2024-07-23 10:55:07,2024-07-23 17:07:14,4100ce7c10a811ec8871b07b25146e9e
2024-07-23,2024-07-23 08:22:45,2024-07-23 17:07:14,c78dc72a10aa11ec8871b07b25146e9e
2024-07-23,2024-07-23 09:04:19,2024-07-23 17:07:34,6614495110a811ec8871b07b25146e9e
2024-07-23,2024-07-23 09:55:00,2024-07-23 17:07:34,5bb90a8510a911ec8871b07b25146e9e
2024-07-23,2024-07-23 07:59:38,2024-07-23 17:13:54,1b1efb3810a811ec8871b07b25146e9e
2024-07-23,2024-07-23 14:49:17,2024-07-23 17:13:54,44d8740710a911ec8871b07b25146e9e
2024-07-23,2024-07-23 14:58:43,2024-07-23 17:25:14,c32fa64210ab11ec8871b07b25146e9e
2024-07-23,2024-07-23 08:16:15,2024-07-23 17:25:14,41a6ef6410ca11ec8216b07b25146e9e
2024-07-23,2024-07-23 08:56:58,2024-07-23 17:25:34,4b6c9f1710ab11ec8871b07b25146e9e
2024-07-23,2024-07-23 08:19:20,2024-07-23 17:25:34,de6b916910a811ec8871b07b25146e9e
2024-07-23,2024-07-23 09:05:05,2024-07-23 17:27:14,9a42b91328dd11ecb7eafa164011f743
2024-07-23,2024-07-23 14:14:58,2024-07-23 17:27:14,252e968c10ab11ec8871b07b25146e9e
2024-07-23,2024-07-23 07:56:18,2024-07-23 17:28:14,206a9de410a911ec8871b07b25146e9e
2024-07-23,2024-07-23 08:30:33,2024-07-23 17:28:14,6458c96810ab11ec8871b07b25146e9e
2024-07-23,2024-07-23 09:02:16,2024-07-23 17:29:34,5662f27710c311ec8216b07b25146e9e
2024-07-23,2024-07-23 08:23:30,2024-07-23 17:29:34,4d13a2ab10ab11ec8871b07b25146e9e
2024-07-23,2024-07-23 16:10:35,2024-07-23 17:31:15,5dfa2c2d10a911ec8871b07b25146e9e
2024-07-23,2024-07-23 08:07:50,2024-07-23 17:31:15,8b3d6a6810a811ec8871b07b25146e9e
2024-07-23,2024-07-23 09:15:56,2024-07-23 17:33:14,9dd454446d2011ecb369fa164011f743
2024-07-23,2024-07-23 08:46:23,2024-07-23 17:33:14,3b66774a10a811ec8871b07b25146e9e
2024-07-23,2024-07-23 11:16:47,2024-07-23 17:41:34,57c9607510ab11ec8871b07b25146e9e
2024-07-23,2024-07-23 08:14:12,2024-07-23 17:41:34,636fbc0110a811ec8871b07b25146e9e
2024-07-23,2024-07-23 10:20:49,2024-07-23 17:46:00,c891751f10a911ec8871b07b25146e9e
2024-07-23,2024-07-23 09:49:43,2024-07-23 17:46:00,bd006be910a911ec8871b07b25146e9e
2024-07-23,2024-07-23 08:11:40,2024-07-23 17:52:54,33857bdc10ab11ec8871b07b25146e9e
2024-07-23,2024-07-23 11:47:26,2024-07-23 17:52:54,d0b8c12310aa11ec8871b07b25146e9e
2024-07-23,2024-07-23 09:35:05,2024-07-23 18:00:34,73210e145ac211ed8135fa164011f743
2024-07-23,2024-07-23 08:54:38,2024-07-23 18:00:34,3cb3390210a811ec8871b07b25146e9e
2024-07-23,2024-07-23 09:27:12,2024-07-23 18:02:34,461bb6fd10ab11ec8871b07b25146e9e
2024-07-23,2024-07-23 09:42:24,2024-07-23 18:02:34,6a8a1e18143811eca228fa164011f743
2024-07-23,2024-07-23 16:42:44,2024-07-23 18:04:00,2546d62210ab11ec8871b07b25146e9e
2024-07-23,2024-07-23 08:42:17,2024-07-23 18:04:00,066a924c10ac11ec8871b07b25146e9e
2024-07-23,2024-07-23 08:47:24,2024-07-23 18:04:00,c601828710aa11ec8871b07b25146e9e
2024-07-23,2024-07-23 08:21:12,2024-07-23 18:04:00,e85a18c310ab11ec8871b07b25146e9e
2024-07-23,2024-07-23 08:36:03,2024-07-23 18:06:14,fd5fc17e10a911ec8871b07b25146e9e
2024-07-23,2024-07-23 11:17:53,2024-07-23 18:06:14,86e25ef510a811ec8871b07b25146e9e
2024-07-23,2024-07-23 08:30:02,2024-07-23 18:06:14,4cda161710c911ec8216b07b25146e9e
2024-07-23,2024-07-23 08:25:24,2024-07-23 18:06:14,4890fa7c10ac11ec8871b07b25146e9e
2024-07-23,2024-07-23 08:31:16,2024-07-23 18:06:14,85e2afa510a811ec8871b07b25146e9e
2024-07-23,2024-07-23 14:37:29,2024-07-23 18:06:54,6b012e2472d711ecb369fa164011f743
2024-07-23,2024-07-23 08:12:22,2024-07-23 18:06:54,37f376b810ac11ec8871b07b25146e9e
2024-07-23,2024-07-23 08:13:48,2024-07-23 18:06:54,3765282510ac11ec8871b07b25146e9e
2024-07-23,2024-07-23 07:47:14,2024-07-23 18:31:34,e6ed581d10aa11ec8871b07b25146e9e
2024-07-23,2024-07-23 07:46:25,2024-07-23 18:31:34,bcc2f04510ab11ec8871b07b25146e9e
2024-07-23,2024-07-23 08:38:42,2024-07-23 18:32:34,15841b866eac11ecb369fa164011f743
2024-07-23,2024-07-23 08:36:51,2024-07-23 18:32:34,d026d7f9741411ecb369fa164011f743
2024-07-23,2024-07-23 15:58:41,2024-07-23 18:38:14,57f981ee10ac11ec8871b07b25146e9e
2024-07-23,2024-07-23 15:55:25,2024-07-23 18:38:14,58596735a81b11edb6a3fa164011f743
2024-07-23,2024-07-23 09:15:23,2024-07-23 19:01:14,cfe061cf138311eca228fa164011f743
2024-07-23,2024-07-23 15:58:17,2024-07-23 19:01:14,f7b4757f10c111ec8216b07b25146e9e
2024-07-23,2024-07-23 20:57:03,2024-07-24 01:40:34,25a49fce10ac11ec8871b07b25146e9e
2024-07-23,2024-07-23 09:31:09,2024-07-24 01:40:34,cc16db3410aa11ec8871b07b25146e9e
2024-07-24,2024-07-24 10:05:15,2024-07-24 10:31:34,c303066710a811ec8871b07b25146e9e
2024-07-24,2024-07-24 08:22:13,2024-07-24 10:31:34,98f8262210ac11ec8871b07b25146e9e
2024-07-24,2024-07-24 08:42:58,2024-07-24 15:56:54,5f705aee10a911ec8871b07b25146e9e
2024-07-24,2024-07-24 08:57:26,2024-07-24 15:56:54,5f5f3f8d10a911ec8871b07b25146e9e
2024-07-24,2024-07-24 08:46:07,2024-07-24 16:29:34,3e0ba12610ab11ec8871b07b25146e9e
2024-07-24,2024-07-24 08:15:47,2024-07-24 16:29:34,4f5e4c4510ab11ec8871b07b25146e9e
2024-07-24,2024-07-24 14:51:46,2024-07-24 16:54:57,0dea753310aa11ec8871b07b25146e9e
2024-07-24,2024-07-24 10:33:31,2024-07-24 16:54:57,c4ed829210ab11ec8871b07b25146e9e
2024-07-24,2024-07-24 14:35:25,2024-07-24 17:02:34,6b012e2472d711ecb369fa164011f743
2024-07-24,2024-07-24 08:23:31,2024-07-24 17:02:34,fd5fc17e10a911ec8871b07b25146e9e
2024-07-24,2024-07-24 08:18:13,2024-07-24 17:02:35,4c492e6d10a911ec8871b07b25146e9e
2024-07-24,2024-07-24 08:31:31,2024-07-24 17:02:35,3765282510ac11ec8871b07b25146e9e
2024-07-24,2024-07-24 08:29:59,2024-07-24 17:03:14,e99e08eb10a711ec8871b07b25146e9e
2024-07-24,2024-07-24 08:37:29,2024-07-24 17:03:14,6996ac37a36b11ec93eafa164011f743
2024-07-24,2024-07-24 08:11:02,2024-07-24 17:06:14,a1ca6ace10a811ec8871b07b25146e9e
2024-07-24,2024-07-24 10:19:37,2024-07-24 17:06:14,3cf7ca91120d426cb1bf39b9cc653b0c
2024-07-24,2024-07-24 08:27:18,2024-07-24 17:23:14,6614495110a811ec8871b07b25146e9e
2024-07-24,2024-07-24 08:21:54,2024-07-24 17:23:14,41a6ef6410ca11ec8216b07b25146e9e
2024-07-24,2024-07-24 07:50:25,2024-07-24 17:27:34,5dfa2c2d10a911ec8871b07b25146e9e
2024-07-24,2024-07-24 08:19:26,2024-07-24 17:27:34,01ae5a9c10a811ec8871b07b25146e9e
2024-07-24,2024-07-24 08:07:22,2024-07-24 17:33:15,8b3d6a6810a811ec8871b07b25146e9e
2024-07-24,2024-07-24 14:40:23,2024-07-24 17:33:15,82d0ce1f10ab11ec8871b07b25146e9e
2024-07-24,2024-07-24 08:33:01,2024-07-24 17:33:54,296a7b7b10ab11ec8871b07b25146e9e
2024-07-24,2024-07-24 08:07:19,2024-07-24 17:33:54,ebd0735910a911ec8871b07b25146e9e
2024-07-24,2024-07-24 08:36:43,2024-07-24 17:33:55,26acae3e10ab11ec8871b07b25146e9e
2024-07-24,2024-07-24 09:41:30,2024-07-24 17:33:55,252e968c10ab11ec8871b07b25146e9e
2024-07-24,2024-07-24 08:06:47,2024-07-24 17:44:34,6d3ab1e410a911ec8871b07b25146e9e
2024-07-24,2024-07-24 08:15:00,2024-07-24 17:44:34,df35a3f510a711ec8871b07b25146e9e
2024-07-24,2024-07-24 08:32:53,2024-07-24 17:49:00,c601828710aa11ec8871b07b25146e9e
2024-07-24,2024-07-24 10:04:41,2024-07-24 17:49:00,c78dc72a10aa11ec8871b07b25146e9e
2024-07-24,2024-07-24 08:35:45,2024-07-24 17:49:00,e85a18c310ab11ec8871b07b25146e9e
2024-07-24,2024-07-24 09:39:50,2024-07-24 17:50:14,c1eb251d10c011ec8216b07b25146e9e
2024-07-24,2024-07-24 14:09:37,2024-07-24 17:50:14,f1240a7210ab11ec8871b07b25146e9e
2024-07-24,2024-07-24 09:32:23,2024-07-24 17:51:37,b044f8d810c811ec8216b07b25146e9e
2024-07-24,2024-07-24 08:29:50,2024-07-24 17:51:37,85e2afa510a811ec8871b07b25146e9e
2024-07-24,2024-07-24 08:25:00,2024-07-24 17:51:54,2546d62210ab11ec8871b07b25146e9e
2024-07-24,2024-07-24 08:22:08,2024-07-24 17:51:54,86e25ef510a811ec8871b07b25146e9e
2024-07-24,2024-07-24 14:00:45,2024-07-24 17:53:54,13aa691d10ac11ec8871b07b25146e9e
2024-07-24,2024-07-24 07:41:06,2024-07-24 17:53:54,cc16db3410aa11ec8871b07b25146e9e
2024-07-24,2024-07-24 08:14:55,2024-07-24 18:01:54,8b27e1e410c211ec8216b07b25146e9e
2024-07-24,2024-07-24 08:51:12,2024-07-24 18:01:54,461bb6fd10ab11ec8871b07b25146e9e
2024-07-24,2024-07-24 07:31:16,2024-07-24 18:02:54,83c3e84410a911ec8871b07b25146e9e
2024-07-24,2024-07-24 07:33:13,2024-07-24 18:02:54,121823d310aa11ec8871b07b25146e9e
2024-07-24,2024-07-24 09:37:25,2024-07-24 18:03:37,56094bef10ab11ec8871b07b25146e9e
2024-07-24,2024-07-24 08:59:03,2024-07-24 18:03:37,5271ebe010ab11ec8871b07b25146e9e
2024-07-24,2024-07-24 09:48:56,2024-07-24 18:05:14,9c0df3ae10ab11ec8871b07b25146e9e
2024-07-24,2024-07-24 09:01:51,2024-07-24 18:05:14,63bf50db10ac11ec8871b07b25146e9e
2024-07-24,2024-07-24 14:24:56,2024-07-24 18:21:54,c549011e10c211ec8216b07b25146e9e
2024-07-24,2024-07-24 08:29:21,2024-07-24 18:21:54,fc0c1db410a711ec8871b07b25146e9e
2024-07-24,2024-07-24 09:56:51,2024-07-24 18:30:14,987398ad10ac11ec8871b07b25146e9e
2024-07-24,2024-07-24 08:58:36,2024-07-24 18:30:14,354288d710ac11ec8871b07b25146e9e
2024-07-24,2024-07-24 08:52:27,2024-07-24 18:37:54,304e6a8d10bf11ec8216b07b25146e9e
2024-07-24,2024-07-24 08:46:20,2024-07-24 18:37:54,6f88968110c911ec8216b07b25146e9e
2024-07-24,2024-07-24 07:50:09,2024-07-25 06:06:14,b5ca888010a911ec8871b07b25146e9e
2024-07-24,2024-07-24 07:48:51,2024-07-25 06:06:14,e6ed581d10aa11ec8871b07b25146e9e
2024-07-25,2024-07-25 08:45:44,2024-07-25 16:44:54,4fa1b401748c11ecb369fa164011f743
2024-07-25,2024-07-25 09:00:39,2024-07-25 16:44:54,6293147210a811ec8871b07b25146e9e
2024-07-25,2024-07-25 09:55:03,2024-07-25 17:06:34,92dd1a3910ac11ec8871b07b25146e9e
2024-07-25,2024-07-25 08:01:43,2024-07-25 17:06:34,35b7b61910ab11ec8871b07b25146e9e
2024-07-25,2024-07-25 08:06:34,2024-07-25 17:14:14,dee6b12d10a911ec8871b07b25146e9e
2024-07-25,2024-07-25 08:14:48,2024-07-25 17:14:14,37f376b810ac11ec8871b07b25146e9e
2024-07-25,2024-07-25 11:14:48,2024-07-25 17:21:00,641ce8cf10a811ec8871b07b25146e9e
2024-07-25,2024-07-25 15:48:30,2024-07-25 17:21:00,bd5e6d0310c411ec8216b07b25146e9e
2024-07-25,2024-07-25 07:44:34,2024-07-25 17:28:54,bb7b30f710c411ec8216b07b25146e9e
2024-07-25,2024-07-25 12:48:09,2024-07-25 17:28:54,61a0f68b10a811ec8871b07b25146e9e
2024-07-25,2024-07-25 11:04:52,2024-07-25 17:29:54,3e59e15f10a911ec8871b07b25146e9e
2024-07-25,2024-07-25 10:44:56,2024-07-25 17:29:54,f2cbeb2310a711ec8871b07b25146e9e
2024-07-25,2024-07-25 08:29:59,2024-07-25 17:34:37,4b78996810ab11ec8871b07b25146e9e
2024-07-25,2024-07-25 08:17:46,2024-07-25 17:34:37,4bbffc6910ab11ec8871b07b25146e9e
2024-07-25,2024-07-25 16:44:13,2024-07-25 18:01:54,303da3f410ab11ec8871b07b25146e9e
2024-07-25,2024-07-25 07:29:42,2024-07-25 18:01:54,83c3e84410a911ec8871b07b25146e9e
2024-07-25,2024-07-25 07:47:05,2024-07-25 18:02:14,9c0df3ae10ab11ec8871b07b25146e9e
2024-07-25,2024-07-25 07:22:11,2024-07-25 18:02:14,121823d310aa11ec8871b07b25146e9e
2024-07-25,2024-07-25 14:32:58,2024-07-25 18:02:34,6a8a1e18143811eca228fa164011f743
2024-07-25,2024-07-25 09:13:03,2024-07-25 18:02:34,63bf50db10ac11ec8871b07b25146e9e
2024-07-25,2024-07-25 08:21:27,2024-07-25 18:04:34,2546d62210ab11ec8871b07b25146e9e
2024-07-25,2024-07-25 08:23:26,2024-07-25 18:04:34,b044f8d810c811ec8216b07b25146e9e
2024-07-25,2024-07-25 08:07:07,2024-07-25 18:08:57,72db79dc10a811ec8871b07b25146e9e
2024-07-25,2024-07-25 14:14:22,2024-07-25 18:08:57,f1240a7210ab11ec8871b07b25146e9e
2024-07-25,2024-07-25 09:23:44,2024-07-25 18:20:57,86ce809110a911ec8871b07b25146e9e
2024-07-25,2024-07-25 09:02:07,2024-07-25 18:20:57,e9e8eeb310aa11ec8871b07b25146e9e
2024-07-25,2024-07-25 08:36:04,2024-07-25 18:33:34,f847e26a10a711ec8871b07b25146e9e
2024-07-25,2024-07-25 08:39:59,2024-07-25 18:33:34,304e6a8d10bf11ec8216b07b25146e9e
2024-07-25,2024-07-25 07:43:37,2024-07-25 20:20:41,e6ed581d10aa11ec8871b07b25146e9e
2024-07-25,2024-07-25 07:48:14,2024-07-25 20:20:41,b9ee730910a911ec8871b07b25146e9e
2024-07-26,2024-07-26 09:55:16,2024-07-26 17:10:00,d4f3a70410ab11ec8871b07b25146e9e
2024-07-26,2024-07-26 09:58:56,2024-07-26 17:10:00,d5de29c010ab11ec8871b07b25146e9e
2024-07-26,2024-07-26 16:38:43,2024-07-26 17:17:01,bb7b30f710c411ec8216b07b25146e9e
2024-07-26,2024-07-26 10:24:55,2024-07-26 17:17:01,cfe061cf138311eca228fa164011f743
2024-07-26,2024-07-26 08:35:05,2024-07-26 17:22:41,4c492e6d10a911ec8871b07b25146e9e
2024-07-26,2024-07-26 07:56:05,2024-07-26 17:22:41,97fbc84210ab11ec8871b07b25146e9e
2024-07-26,2024-07-26 08:44:49,2024-07-26 17:29:41,61a0f68b10a811ec8871b07b25146e9e
2024-07-26,2024-07-26 09:34:48,2024-07-26 17:29:41,5af8db5510ab11ec8871b07b25146e9e
2024-07-26,2024-07-26 08:32:15,2024-07-26 17:31:41,7c90830f10ac11ec8871b07b25146e9e
2024-07-26,2024-07-26 16:52:09,2024-07-26 17:31:41,318258bf10ab11ec8871b07b25146e9e
2024-07-26,2024-07-26 07:50:08,2024-07-26 17:33:41,2751e28110ab11ec8871b07b25146e9e
2024-07-26,2024-07-26 09:54:17,2024-07-26 17:33:41,8ba62c3c10a811ec8871b07b25146e9e
2024-07-26,2024-07-26 09:37:35,2024-07-26 17:33:41,267f734c6d1e11ecb369fa164011f743
2024-07-26,2024-07-26 10:08:51,2024-07-26 17:34:01,4d28cf0710ab11ec8871b07b25146e9e
2024-07-26,2024-07-26 08:22:05,2024-07-26 17:34:01,2dae34be10ab11ec8871b07b25146e9e
2024-07-26,2024-07-26 09:07:56,2024-07-26 17:34:21,ba10a89b10c011ec8216b07b25146e9e
2024-07-26,2024-07-26 08:23:48,2024-07-26 17:34:21,4b78996810ab11ec8871b07b25146e9e
2024-07-26,2024-07-26 08:31:07,2024-07-26 17:34:21,4bbffc6910ab11ec8871b07b25146e9e
2024-07-26,2024-07-26 14:52:00,2024-07-26 17:35:01,296a7b7b10ab11ec8871b07b25146e9e
2024-07-26,2024-07-26 09:21:17,2024-07-26 17:35:01,82d0ce1f10ab11ec8871b07b25146e9e
2024-07-26,2024-07-26 16:31:02,2024-07-26 17:56:21,b044f8d810c811ec8216b07b25146e9e
2024-07-26,2024-07-26 16:28:32,2024-07-26 17:56:21,8b277c0810a811ec8871b07b25146e9e
2024-07-26,2024-07-26 16:25:37,2024-07-26 17:56:21,86e25ef510a811ec8871b07b25146e9e
2024-07-26,2024-07-26 08:36:49,2024-07-26 17:56:41,e7a054ec10ab11ec8871b07b25146e9e
2024-07-26,2024-07-26 08:28:50,2024-07-26 17:56:41,4890fa7c10ac11ec8871b07b25146e9e
2024-07-26,2024-07-26 08:23:47,2024-07-26 17:56:41,c05d2c6910ab11ec8871b07b25146e9e
2024-07-26,2024-07-26 07:48:10,2024-07-26 18:12:21,b5ca888010a911ec8871b07b25146e9e
2024-07-26,2024-07-26 07:46:47,2024-07-26 18:12:21,b9ee730910a911ec8871b07b25146e9e
2024-07-27,2024-07-27 10:35:33,2024-07-27 18:05:00,c601828710aa11ec8871b07b25146e9e
2024-07-27,2024-07-27 10:33:33,2024-07-27 18:05:00,c78dc72a10aa11ec8871b07b25146e9e
2024-07-27,2024-07-27 08:35:34,2024-07-27 18:06:21,304e6a8d10bf11ec8216b07b25146e9e
2024-07-27,2024-07-27 10:07:24,2024-07-27 18:06:21,3765282510ac11ec8871b07b25146e9e
2024-07-27,2024-07-27 10:27:35,2024-07-27 18:07:21,b8d8421f10c811ec8216b07b25146e9e
2024-07-27,2024-07-27 10:31:16,2024-07-27 18:07:21,c05d2c6910ab11ec8871b07b25146e9e
2024-07-27,2024-07-27 10:29:41,2024-07-27 18:07:21,e82afb3810ab11ec8871b07b25146e9e
2024-07-29,2024-07-29 14:29:30,2024-07-29 16:34:00,8b3d6a6810a811ec8871b07b25146e9e
2024-07-29,2024-07-29 08:12:20,2024-07-29 16:34:00,bc73738c10a811ec8871b07b25146e9e
2024-07-29,2024-07-29 08:05:33,2024-07-29 17:00:21,6aa2f1ab10a911ec8871b07b25146e9e
2024-07-29,2024-07-29 10:12:16,2024-07-29 17:00:21,c4ed829210ab11ec8871b07b25146e9e
2024-07-29,2024-07-29 07:44:39,2024-07-29 17:03:01,a19a86dc10a811ec8871b07b25146e9e
2024-07-29,2024-07-29 08:23:16,2024-07-29 17:03:01,dee6b12d10a911ec8871b07b25146e9e
2024-07-29,2024-07-29 12:22:21,2024-07-29 17:26:21,61a0f68b10a811ec8871b07b25146e9e
2024-07-29,2024-07-29 08:33:49,2024-07-29 17:26:21,d19682e310ab11ec8871b07b25146e9e
2024-07-29,2024-07-29 08:12:02,2024-07-29 17:33:41,c992b4d610a811ec8871b07b25146e9e
2024-07-29,2024-07-29 10:11:56,2024-07-29 17:33:41,4287b7df71b511ecb369fa164011f743
2024-07-29,2024-07-29 09:07:46,2024-07-29 17:34:01,2ead51cc10ab11ec8871b07b25146e9e
2024-07-29,2024-07-29 09:18:23,2024-07-29 17:34:01,d354abaf10a911ec8871b07b25146e9e
2024-07-29,2024-07-29 08:37:18,2024-07-29 17:34:01,4bbffc6910ab11ec8871b07b25146e9e
2024-07-29,2024-07-29 12:33:55,2024-07-29 17:34:01,b75cd8ac10a811ec8871b07b25146e9e
2024-07-29,2024-07-29 09:10:24,2024-07-29 17:38:41,1540311f10ca11ec8216b07b25146e9e
2024-07-29,2024-07-29 08:46:48,2024-07-29 17:38:41,4b78996810ab11ec8871b07b25146e9e
2024-07-29,2024-07-29 08:48:26,2024-07-29 17:45:41,33857bdc10ab11ec8871b07b25146e9e
2024-07-29,2024-07-29 08:30:52,2024-07-29 17:45:41,296a7b7b10ab11ec8871b07b25146e9e
2024-07-29,2024-07-29 08:36:14,2024-07-29 18:07:41,86ce809110a911ec8871b07b25146e9e
2024-07-29,2024-07-29 08:35:05,2024-07-29 18:07:41,e9e8eeb310aa11ec8871b07b25146e9e
2024-07-30,2024-07-30 15:53:29,2024-07-30 16:49:00,d5de29c010ab11ec8871b07b25146e9e
2024-07-30,2024-07-30 13:47:52,2024-07-30 16:49:00,e5c73781693211ecb369fa164011f743
2024-07-30,2024-07-30 15:32:45,2024-07-30 17:02:01,316f6ca910ab11ec8871b07b25146e9e
2024-07-30,2024-07-30 09:04:18,2024-07-30 17:02:01,328023f410a811ec8871b07b25146e9e
2024-07-30,2024-07-30 08:03:38,2024-07-30 17:04:01,4fb9352b10aa11ec8871b07b25146e9e
2024-07-30,2024-07-30 08:07:24,2024-07-30 17:04:01,6392e9b510cb11ec8216b07b25146e9e
2024-07-30,2024-07-30 08:43:36,2024-07-30 17:06:21,3cb3390210a811ec8871b07b25146e9e
2024-07-30,2024-07-30 14:58:30,2024-07-30 17:06:21,d32ea0c410ab11ec8871b07b25146e9e
2024-07-30,2024-07-30 11:55:40,2024-07-30 17:28:41,2ad7f05510ab11ec8871b07b25146e9e
2024-07-30,2024-07-30 08:25:24,2024-07-30 17:28:41,3e59e15f10a911ec8871b07b25146e9e
2024-07-30,2024-07-30 10:07:54,2024-07-30 17:29:21,7c90830f10ac11ec8871b07b25146e9e
2024-07-30,2024-07-30 09:22:37,2024-07-30 17:29:21,efe87f1810ab11ec8871b07b25146e9e
2024-07-30,2024-07-30 10:01:53,2024-07-30 17:30:00,59cb1fd310c611ec8216b07b25146e9e
2024-07-30,2024-07-30 05:59:00,2024-07-30 17:30:00,622b52a610a911ec8871b07b25146e9e
2024-07-30,2024-07-30 10:58:27,2024-07-30 17:33:21,c992b4d610a811ec8871b07b25146e9e
2024-07-30,2024-07-30 08:22:45,2024-07-30 17:33:21,5e9e049110a911ec8871b07b25146e9e
2024-07-30,2024-07-30 16:18:14,2024-07-30 17:39:01,894212e7333611edbf26fa164011f743
2024-07-30,2024-07-30 14:48:02,2024-07-30 17:39:01,86ce809110a911ec8871b07b25146e9e
2024-07-30,2024-07-30 07:54:20,2024-07-30 17:45:21,d41973e210ab11ec8871b07b25146e9e
2024-07-30,2024-07-30 07:35:34,2024-07-30 17:45:21,97fbc84210ab11ec8871b07b25146e9e
