date,earliestStartTime,ip,latestEndTime,trainingPersonId
2024-07-02,2024-07-02 08:19:17,183.166.187.4,2024-07-02 17:33:39,3265043810a911ec8871b07b25146e9e
2024-07-02,2024-07-02 08:18:32,183.166.187.4,2024-07-02 17:33:39,426efe3c10ac11ec8871b07b25146e9e
2024-07-03,2024-07-03 07:27:25,220.179.157.46,2024-07-03 17:48:39,434bc18a10a911ec8871b07b25146e9e
2024-07-03,2024-07-03 07:55:15,220.179.157.46,2024-07-03 17:48:39,481d60bb10a911ec8871b07b25146e9e
2024-07-03,2024-07-03 19:03:07,120.243.42.192,2024-07-03 22:14:38,4a3a8c5510ab11ec8871b07b25146e9e
2024-07-03,2024-07-03 19:05:45,120.243.42.192,2024-07-03 22:14:38,56a97f666def11ecb369fa164011f743
2024-07-03,2024-07-03 08:25:42,114.105.148.121,2024-07-04 00:11:19,6921f74610a811ec8871b07b25146e9e
2024-07-03,2024-07-03 08:05:50,114.105.148.121,2024-07-04 00:11:19,c70b0d1710ab11ec8871b07b25146e9e
2024-07-03,2024-07-03 08:14:21,114.105.148.121,2024-07-04 00:11:19,de4a2e9b10a711ec8871b07b25146e9e
2024-07-04,2024-07-04 10:31:39,183.166.187.4,2024-07-04 17:11:19,961c0a7a10a811ec8871b07b25146e9e
2024-07-04,2024-07-04 09:29:42,183.166.187.4,2024-07-04 17:11:19,26f61db410ab11ec8871b07b25146e9e
2024-07-04,2024-07-04 08:59:03,112.29.99.205,2024-07-04 17:32:59,4b93788310ab11ec8871b07b25146e9e
2024-07-04,2024-07-04 08:45:48,112.29.99.205,2024-07-04 17:32:59,4c6da50c10ab11ec8871b07b25146e9e
2024-07-04,2024-07-04 16:58:47,112.26.112.206,2024-07-04 17:32:59,32fb7b2310ab11ec8871b07b25146e9e
2024-07-04,2024-07-04 08:03:12,112.26.112.206,2024-07-04 17:32:59,e6f3c51e10c311ec8216b07b25146e9e
2024-07-04,2024-07-04 08:14:20,114.105.148.121,2024-07-04 18:37:18,4bf0fd0c10a911ec8871b07b25146e9e
2024-07-04,2024-07-04 07:50:55,114.105.148.121,2024-07-04 18:37:18,de4a2e9b10a711ec8871b07b25146e9e
2024-07-04,2024-07-04 07:50:55,114.105.148.121,2024-07-04 19:14:18,c70b0d1710ab11ec8871b07b25146e9e
2024-07-04,2024-07-04 07:53:45,114.105.148.121,2024-07-04 19:14:18,6921f74610a811ec8871b07b25146e9e
2024-07-05,2024-07-05 16:02:43,112.32.92.164,2024-07-05 17:04:38,740a861b10ac11ec8871b07b25146e9e
2024-07-05,2024-07-05 09:46:14,112.32.92.164,2024-07-05 17:04:38,8dc7a7fd10a911ec8871b07b25146e9e
2024-07-05,2024-07-05 08:49:30,183.166.187.4,2024-07-05 17:19:19,143b59ad10a911ec8871b07b25146e9e
2024-07-05,2024-07-05 11:23:38,183.166.187.4,2024-07-05 17:19:19,6197aaef10a811ec8871b07b25146e9e
2024-07-05,2024-07-05 09:19:06,183.166.187.4,2024-07-05 17:33:19,f1ba81b010ab11ec8871b07b25146e9e
2024-07-05,2024-07-05 09:59:39,183.166.187.4,2024-07-05 17:33:19,34bd6db010c311ec8216b07b25146e9e
2024-07-05,2024-07-05 10:16:17,112.26.233.230,2024-07-05 17:42:39,403ca52f10a911ec8871b07b25146e9e
2024-07-05,2024-07-05 09:47:19,112.26.233.230,2024-07-05 17:42:39,4043241610a911ec8871b07b25146e9e
2024-07-05,2024-07-05 10:10:18,112.26.233.230,2024-07-05 17:57:19,d69890f910a711ec8871b07b25146e9e
2024-07-05,2024-07-05 11:09:44,112.26.233.230,2024-07-05 17:57:19,8b28408210a811ec8871b07b25146e9e
2024-07-05,2024-07-05 10:23:48,112.26.233.230,2024-07-05 17:57:19,932df34710a811ec8871b07b25146e9e
2024-07-05,2024-07-05 14:10:38,114.105.148.121,2024-07-05 20:50:38,48388ae610a911ec8871b07b25146e9e
2024-07-05,2024-07-05 08:03:06,114.105.148.121,2024-07-05 20:50:38,d513975010a811ec8871b07b25146e9e
2024-07-06,2024-07-06 14:05:03,36.56.93.4,2024-07-06 18:44:58,0a704b9b6edb11ecb369fa164011f743
2024-07-06,2024-07-06 16:44:51,36.56.93.4,2024-07-06 18:44:58,fd7959c76e9211ecb369fa164011f743
2024-07-06,2024-07-06 09:03:11,112.26.233.230,2024-07-06 18:54:58,932df34710a811ec8871b07b25146e9e
2024-07-06,2024-07-06 08:32:30,112.26.233.230,2024-07-06 18:54:58,8b28408210a811ec8871b07b25146e9e
2024-07-06,2024-07-06 07:55:13,114.105.148.121,2024-07-07 00:43:18,48388ae610a911ec8871b07b25146e9e
2024-07-06,2024-07-06 07:53:26,114.105.148.121,2024-07-07 00:43:18,4b5693a410a811ec8871b07b25146e9e
2024-07-08,2024-07-08 10:57:13,114.104.165.190,2024-07-08 17:03:39,bc1c655810a811ec8871b07b25146e9e
2024-07-08,2024-07-08 10:17:36,114.104.165.190,2024-07-08 17:03:39,6460c7cd10ab11ec8871b07b25146e9e
2024-07-08,2024-07-08 07:58:35,112.29.99.205,2024-07-08 17:32:59,4bbffc6910ab11ec8871b07b25146e9e
2024-07-08,2024-07-08 08:18:22,112.29.99.205,2024-07-08 17:32:59,4c6da50c10ab11ec8871b07b25146e9e
2024-07-08,2024-07-08 08:18:16,112.26.233.230,2024-07-08 18:04:59,4043241610a911ec8871b07b25146e9e
2024-07-08,2024-07-08 08:11:04,112.26.233.230,2024-07-08 18:04:59,4cacabcd10ab11ec8871b07b25146e9e
2024-07-08,2024-07-08 11:14:28,112.26.233.230,2024-07-08 18:06:39,875e04cb10a811ec8871b07b25146e9e
2024-07-08,2024-07-08 08:21:05,112.26.233.230,2024-07-08 18:06:39,d69890f910a711ec8871b07b25146e9e
2024-07-08,2024-07-08 08:22:58,112.26.233.230,2024-07-08 18:06:39,932df34710a811ec8871b07b25146e9e
2024-07-08,2024-07-08 08:24:18,112.26.233.230,2024-07-08 18:06:39,8b28408210a811ec8871b07b25146e9e
2024-07-08,2024-07-08 08:43:56,36.56.93.4,2024-07-08 18:39:58,0a704b9b6edb11ecb369fa164011f743
2024-07-08,2024-07-08 08:53:54,36.56.93.4,2024-07-08 18:39:58,fd7959c76e9211ecb369fa164011f743
2024-07-08,2024-07-08 10:03:24,39.146.97.163,2024-07-08 21:31:18,56a97f666def11ecb369fa164011f743
2024-07-08,2024-07-08 16:41:19,39.146.97.163,2024-07-08 21:31:18,621f3b8c10a811ec8871b07b25146e9e
2024-07-09,2024-07-09 10:30:21,112.26.233.230,2024-07-09 13:08:58,85e0dbe210a811ec8871b07b25146e9e
2024-07-09,2024-07-09 10:03:17,112.26.233.230,2024-07-09 13:08:58,fec2516b10a911ec8871b07b25146e9e
2024-07-09,2024-07-09 07:30:37,183.166.187.4,2024-07-09 17:22:39,c1d50b5810a811ec8871b07b25146e9e
2024-07-09,2024-07-09 09:13:04,183.166.187.4,2024-07-09 17:22:39,961c0a7a10a811ec8871b07b25146e9e
2024-07-09,2024-07-09 08:09:52,220.179.157.46,2024-07-09 17:27:19,488fa0ab10a911ec8871b07b25146e9e
2024-07-09,2024-07-09 08:09:27,220.179.157.46,2024-07-09 17:27:19,481d60bb10a911ec8871b07b25146e9e
2024-07-09,2024-07-09 15:11:41,223.241.100.153,2024-07-09 17:31:39,8ec53a7110ab11ec8871b07b25146e9e
2024-07-09,2024-07-09 08:07:35,223.241.100.153,2024-07-09 17:31:39,9dc8c4dd10a911ec8871b07b25146e9e
2024-07-09,2024-07-09 08:20:30,112.29.99.205,2024-07-09 17:33:59,4bbffc6910ab11ec8871b07b25146e9e
2024-07-09,2024-07-09 08:14:56,112.29.99.205,2024-07-09 17:33:59,3cb78afb10ab11ec8871b07b25146e9e
2024-07-09,2024-07-09 07:24:21,36.63.75.44,2024-07-10 09:08:05,a09bfed210a811ec8871b07b25146e9e
2024-07-09,2024-07-09 07:24:11,36.63.75.44,2024-07-10 09:08:05,92df012010cb11ec8216b07b25146e9e
2024-07-10,2024-07-10 08:55:48,112.26.233.230,2024-07-10 12:53:45,85e0dbe210a811ec8871b07b25146e9e
2024-07-10,2024-07-10 08:52:37,112.26.233.230,2024-07-10 12:53:45,fd5fc17e10a911ec8871b07b25146e9e
2024-07-10,2024-07-10 08:07:46,60.175.3.67,2024-07-10 16:57:05,f47057c510ab11ec8871b07b25146e9e
2024-07-10,2024-07-10 06:59:20,60.175.3.67,2024-07-10 16:57:05,d6bb296b10a711ec8871b07b25146e9e
2024-07-10,2024-07-10 13:15:07,220.179.229.7,2024-07-10 17:03:05,155f7ab6160811eca228fa164011f743
2024-07-10,2024-07-10 13:46:56,220.179.229.7,2024-07-10 17:03:05,361b828610ac11ec8871b07b25146e9e
2024-07-10,2024-07-10 08:10:26,60.171.153.98,2024-07-10 17:29:05,577a2daf10ab11ec8871b07b25146e9e
2024-07-10,2024-07-10 08:00:45,60.171.153.98,2024-07-10 17:29:05,90c4023a10ab11ec8871b07b25146e9e
2024-07-10,2024-07-10 08:06:50,60.170.183.133,2024-07-10 17:33:46,84309e4710a811ec8871b07b25146e9e
2024-07-10,2024-07-10 08:11:22,60.170.183.133,2024-07-10 17:33:46,81dbc0a010a811ec8871b07b25146e9e
2024-07-10,2024-07-10 09:24:24,36.4.201.35,2024-07-10 17:36:25,dcaf1bd110a711ec8871b07b25146e9e
2024-07-10,2024-07-10 14:00:30,36.4.201.35,2024-07-10 17:36:25,3b2e785510a811ec8871b07b25146e9e
2024-07-10,2024-07-10 10:40:01,39.146.97.163,2024-07-10 17:43:05,621f3b8c10a811ec8871b07b25146e9e
2024-07-10,2024-07-10 10:37:17,39.146.97.163,2024-07-10 17:43:05,4a3a8c5510ab11ec8871b07b25146e9e
2024-07-10,2024-07-10 08:27:05,112.26.233.230,2024-07-10 17:56:25,403ca52f10a911ec8871b07b25146e9e
2024-07-10,2024-07-10 08:30:28,112.26.233.230,2024-07-10 17:56:25,9b41664610a811ec8871b07b25146e9e
2024-07-10,2024-07-10 09:17:33,112.26.233.230,2024-07-10 17:57:05,4044d4f310a911ec8871b07b25146e9e
2024-07-10,2024-07-10 08:24:54,112.26.233.230,2024-07-10 17:57:05,4043241610a911ec8871b07b25146e9e
2024-07-10,2024-07-10 08:32:52,112.26.233.230,2024-07-10 17:57:05,6b012e2472d711ecb369fa164011f743
2024-07-10,2024-07-10 08:19:24,112.26.233.230,2024-07-10 18:06:45,4cacabcd10ab11ec8871b07b25146e9e
2024-07-10,2024-07-10 08:27:59,112.26.233.230,2024-07-10 18:06:45,0428acdb10ac11ec8871b07b25146e9e
2024-07-10,2024-07-10 09:48:25,112.26.233.230,2024-07-10 18:06:45,85e2afa510a811ec8871b07b25146e9e
2024-07-10,2024-07-10 08:34:09,112.26.233.230,2024-07-10 18:07:25,d69890f910a711ec8871b07b25146e9e
2024-07-10,2024-07-10 08:36:39,112.26.233.230,2024-07-10 18:07:25,8b28408210a811ec8871b07b25146e9e
2024-07-10,2024-07-10 08:35:29,112.26.233.230,2024-07-10 18:07:45,932df34710a811ec8871b07b25146e9e
2024-07-10,2024-07-10 08:37:54,112.26.233.230,2024-07-10 18:07:45,875e04cb10a811ec8871b07b25146e9e
2024-07-10,2024-07-10 09:07:22,36.56.93.4,2024-07-10 18:57:05,ec7776966f8211ecb369fa164011f743
2024-07-10,2024-07-10 09:10:12,36.56.93.4,2024-07-10 18:57:05,0a704b9b6edb11ecb369fa164011f743
2024-07-10,2024-07-10 17:38:18,223.215.76.226,2024-07-10 19:29:25,f6a61c3c10a911ec8871b07b25146e9e
2024-07-10,2024-07-10 08:38:18,223.215.76.226,2024-07-10 19:29:25,f280baae10ab11ec8871b07b25146e9e
2024-07-10,2024-07-10 09:27:08,61.190.142.227,2024-07-10 20:28:45,84c0368010ab11ec8871b07b25146e9e
2024-07-10,2024-07-10 09:05:30,61.190.142.227,2024-07-10 20:28:45,30b1f25b10c511ec8216b07b25146e9e
2024-07-10,2024-07-10 14:23:35,58.20.168.128,2024-07-10 23:06:45,7a42bd2c2ce111ecb7eafa164011f743
2024-07-10,2024-07-10 09:20:55,58.20.168.128,2024-07-10 23:06:45,8ed51b5010a911ec8871b07b25146e9e
2024-07-10,2024-07-10 08:12:58,120.243.42.192,2024-07-10 23:24:05,56a97f666def11ecb369fa164011f743
2024-07-10,2024-07-10 08:11:47,120.243.42.192,2024-07-10 23:24:05,4a3a8c5510ab11ec8871b07b25146e9e
2024-07-11,2024-07-11 09:04:54,120.209.32.20,2024-07-11 09:48:25,e3a9468910a911ec8871b07b25146e9e
2024-07-11,2024-07-11 07:57:27,120.209.32.20,2024-07-11 09:48:25,61ed5c0310a811ec8871b07b25146e9e
2024-07-11,2024-07-11 09:24:52,112.26.233.230,2024-07-11 11:19:05,fd5fc17e10a911ec8871b07b25146e9e
2024-07-11,2024-07-11 09:25:57,112.26.233.230,2024-07-11 11:19:05,fec2516b10a911ec8871b07b25146e9e
2024-07-11,2024-07-11 09:27:10,112.26.233.230,2024-07-11 11:19:05,0e1ed3db10c211ec8216b07b25146e9e
2024-07-11,2024-07-11 11:13:13,39.146.97.163,2024-07-11 12:01:25,4a3a8c5510ab11ec8871b07b25146e9e
2024-07-11,2024-07-11 11:15:07,39.146.97.163,2024-07-11 12:01:25,621f3b8c10a811ec8871b07b25146e9e
2024-07-11,2024-07-11 08:11:47,60.175.3.67,2024-07-11 16:54:45,f7361f8e10ab11ec8871b07b25146e9e
2024-07-11,2024-07-11 08:15:01,60.175.3.67,2024-07-11 16:54:45,8e5ec41710ab11ec8871b07b25146e9e
2024-07-11,2024-07-11 08:59:27,183.166.187.4,2024-07-11 17:24:25,6727156010a911ec8871b07b25146e9e
2024-07-11,2024-07-11 09:10:57,183.166.187.4,2024-07-11 17:24:25,3fa690ce10a911ec8871b07b25146e9e
2024-07-11,2024-07-11 08:29:26,112.26.233.230,2024-07-11 18:04:45,875e04cb10a811ec8871b07b25146e9e
2024-07-11,2024-07-11 08:28:24,112.26.233.230,2024-07-11 18:04:45,8b28408210a811ec8871b07b25146e9e
2024-07-11,2024-07-11 09:18:43,112.26.233.230,2024-07-11 18:05:25,4cda161710c911ec8216b07b25146e9e
2024-07-11,2024-07-11 09:08:42,112.26.233.230,2024-07-11 18:05:25,4cacabcd10ab11ec8871b07b25146e9e
2024-07-11,2024-07-11 08:14:28,112.26.233.230,2024-07-11 18:05:45,4043241610a911ec8871b07b25146e9e
2024-07-11,2024-07-11 08:17:45,112.26.233.230,2024-07-11 18:05:45,403ca52f10a911ec8871b07b25146e9e
2024-07-11,2024-07-11 08:16:08,112.26.233.230,2024-07-11 18:05:45,4044d4f310a911ec8871b07b25146e9e
2024-07-11,2024-07-11 07:27:53,36.4.201.35,2024-07-11 18:55:45,dcaf1bd110a711ec8871b07b25146e9e
2024-07-11,2024-07-11 07:22:03,36.4.201.35,2024-07-11 18:55:45,d94c60e910a911ec8871b07b25146e9e
2024-07-11,2024-07-11 07:18:58,36.4.201.35,2024-07-11 18:55:45,2458ee0a10ab11ec8871b07b25146e9e
2024-07-11,2024-07-11 07:23:21,36.4.201.35,2024-07-11 18:55:45,3b2e785510a811ec8871b07b25146e9e
2024-07-12,2024-07-12 07:50:37,36.4.201.35,2024-07-12 12:25:45,d94c60e910a911ec8871b07b25146e9e
2024-07-12,2024-07-12 07:51:49,36.4.201.35,2024-07-12 12:25:45,3b2e785510a811ec8871b07b25146e9e
2024-07-12,2024-07-12 09:00:08,112.26.233.230,2024-07-12 12:37:45,fec2516b10a911ec8871b07b25146e9e
2024-07-12,2024-07-12 09:01:56,112.26.233.230,2024-07-12 12:37:45,0e1ed3db10c211ec8216b07b25146e9e
2024-07-12,2024-07-12 10:59:45,60.171.153.98,2024-07-12 17:26:25,252e968c10ab11ec8871b07b25146e9e
2024-07-12,2024-07-12 11:15:49,60.171.153.98,2024-07-12 17:26:25,25c6228410ab11ec8871b07b25146e9e
2024-07-12,2024-07-12 14:38:42,112.26.233.230,2024-07-12 18:00:07,8b28408210a811ec8871b07b25146e9e
2024-07-12,2024-07-12 08:53:21,112.26.233.230,2024-07-12 18:00:07,d69890f910a711ec8871b07b25146e9e
2024-07-12,2024-07-12 08:55:04,112.26.233.230,2024-07-12 18:00:07,932df34710a811ec8871b07b25146e9e
2024-07-12,2024-07-12 08:53:27,112.26.233.230,2024-07-12 18:01:25,4890fa7c10ac11ec8871b07b25146e9e
2024-07-12,2024-07-12 08:47:30,112.26.233.230,2024-07-12 18:01:25,0428acdb10ac11ec8871b07b25146e9e
2024-07-12,2024-07-12 08:43:36,112.26.233.230,2024-07-12 18:01:27,4cacabcd10ab11ec8871b07b25146e9e
2024-07-12,2024-07-12 08:58:39,112.26.233.230,2024-07-12 18:01:27,85e0dbe210a811ec8871b07b25146e9e
2024-07-12,2024-07-12 16:38:03,39.146.97.163,2024-07-12 18:07:05,57f981ee10ac11ec8871b07b25146e9e
2024-07-12,2024-07-12 16:18:42,39.146.97.163,2024-07-12 18:07:05,621f3b8c10a811ec8871b07b25146e9e
2024-07-12,2024-07-12 07:55:37,36.4.201.35,2024-07-12 18:07:25,3b34571710a911ec8871b07b25146e9e
2024-07-12,2024-07-12 07:50:01,36.4.201.35,2024-07-12 18:07:25,2458ee0a10ab11ec8871b07b25146e9e
2024-07-12,2024-07-12 20:49:42,120.243.42.192,2024-07-13 00:06:25,621f3b8c10a811ec8871b07b25146e9e
2024-07-12,2024-07-12 20:45:18,120.243.42.192,2024-07-13 00:06:25,58596735a81b11edb6a3fa164011f743
2024-07-13,2024-07-13 08:29:44,112.26.233.230,2024-07-15 08:34:45,875e04cb10a811ec8871b07b25146e9e
2024-07-13,2024-07-13 08:25:00,112.26.233.230,2024-07-15 08:34:45,932df34710a811ec8871b07b25146e9e
2024-07-13,2024-07-13 08:28:04,112.26.233.230,2024-07-15 08:34:45,8b28408210a811ec8871b07b25146e9e
2024-07-13,2024-07-13 08:38:35,112.26.233.230,2024-07-15 12:33:05,fd5fc17e10a911ec8871b07b25146e9e
2024-07-13,2024-07-13 08:35:22,112.26.233.230,2024-07-15 12:33:05,0428acdb10ac11ec8871b07b25146e9e
2024-07-14,2024-07-14 08:40:49,114.99.103.32,2024-07-14 11:33:25,3744b0c410a811ec8871b07b25146e9e
2024-07-14,2024-07-14 08:38:46,114.99.103.32,2024-07-14 11:33:25,a09bfed210a811ec8871b07b25146e9e
2024-07-15,2024-07-15 09:58:03,112.32.181.98,2024-07-15 11:54:05,9e925936740e11ecb369fa164011f743
2024-07-15,2024-07-15 08:45:04,112.32.181.98,2024-07-15 11:54:05,e7f6f8a22b2a11ecb7eafa164011f743
2024-07-15,2024-07-15 10:03:53,112.32.181.98,2024-07-15 11:54:05,69287c1010c611ec8216b07b25146e9e
2024-07-15,2024-07-15 10:21:44,112.26.233.230,2024-07-15 12:33:05,fec2516b10a911ec8871b07b25146e9e
2024-07-15,2024-07-15 10:54:15,112.26.233.230,2024-07-15 12:33:05,0e1ed3db10c211ec8216b07b25146e9e
2024-07-15,2024-07-15 08:18:20,112.29.99.205,2024-07-15 17:34:26,4b93788310ab11ec8871b07b25146e9e
2024-07-15,2024-07-15 08:25:36,112.29.99.205,2024-07-15 17:34:26,3cb78afb10ab11ec8871b07b25146e9e
2024-07-15,2024-07-15 08:33:35,112.26.233.230,2024-07-15 18:16:05,403ca52f10a911ec8871b07b25146e9e
2024-07-15,2024-07-15 08:29:01,112.26.233.230,2024-07-15 18:16:05,4043241610a911ec8871b07b25146e9e
2024-07-15,2024-07-15 08:37:51,112.26.233.230,2024-07-15 18:16:05,6b012e2472d711ecb369fa164011f743
2024-07-15,2024-07-15 08:31:55,112.26.233.230,2024-07-15 18:16:05,4044d4f310a911ec8871b07b25146e9e
2024-07-15,2024-07-15 08:39:12,112.26.233.230,2024-07-15 18:18:45,875e04cb10a811ec8871b07b25146e9e
2024-07-15,2024-07-15 08:36:23,112.26.233.230,2024-07-15 18:18:45,932df34710a811ec8871b07b25146e9e
2024-07-15,2024-07-15 08:35:19,112.26.233.230,2024-07-15 18:19:25,fed8023410a911ec8871b07b25146e9e
2024-07-15,2024-07-15 14:35:32,112.26.233.230,2024-07-15 18:19:25,0427d4a310ac11ec8871b07b25146e9e
2024-07-15,2024-07-15 14:48:25,112.32.181.244,2024-07-15 19:26:05,69287c1010c611ec8216b07b25146e9e
2024-07-15,2024-07-15 14:46:08,112.32.181.244,2024-07-15 19:26:05,e7f6f8a22b2a11ecb7eafa164011f743
2024-07-15,2024-07-15 22:47:29,114.103.118.78,2024-07-16 01:01:25,3d549fcc10ab11ec8871b07b25146e9e
2024-07-15,2024-07-15 22:41:02,114.103.118.78,2024-07-16 01:01:25,9003599610cb11ec8216b07b25146e9e
2024-07-15,2024-07-15 19:38:42,120.242.255.186,2024-07-16 02:32:25,fd5fc17e10a911ec8871b07b25146e9e
2024-07-15,2024-07-15 19:43:09,120.242.255.186,2024-07-16 02:32:25,fec2516b10a911ec8871b07b25146e9e
2024-07-15,2024-07-15 20:11:44,120.242.255.186,2024-07-16 02:32:25,4cacabcd10ab11ec8871b07b25146e9e
2024-07-15,2024-07-15 19:35:11,120.242.255.186,2024-07-16 02:32:25,0428acdb10ac11ec8871b07b25146e9e
2024-07-16,2024-07-16 08:10:21,112.26.233.230,2024-07-16 15:52:45,4043241610a911ec8871b07b25146e9e
2024-07-16,2024-07-16 08:13:24,112.26.233.230,2024-07-16 15:52:45,403ca52f10a911ec8871b07b25146e9e
2024-07-16,2024-07-16 08:17:09,112.26.233.230,2024-07-16 15:52:45,6b012e2472d711ecb369fa164011f743
2024-07-16,2024-07-16 08:11:40,112.26.233.230,2024-07-16 15:52:45,4044d4f310a911ec8871b07b25146e9e
2024-07-16,2024-07-16 09:15:11,183.166.187.4,2024-07-16 17:07:45,3c6533d210a811ec8871b07b25146e9e
2024-07-16,2024-07-16 16:36:24,183.166.187.4,2024-07-16 17:07:45,af75a9bd10ca11ec8216b07b25146e9e
2024-07-16,2024-07-16 08:12:40,60.171.153.98,2024-07-16 17:26:25,26acae3e10ab11ec8871b07b25146e9e
2024-07-16,2024-07-16 07:40:56,60.171.153.98,2024-07-16 17:26:25,25c6228410ab11ec8871b07b25146e9e
2024-07-17,2024-07-17 08:13:46,183.166.187.4,2024-07-17 17:18:45,3b56292310a911ec8871b07b25146e9e
2024-07-17,2024-07-17 08:43:13,183.166.187.4,2024-07-17 17:18:45,eeceef6210a911ec8871b07b25146e9e
2024-07-17,2024-07-17 10:55:41,120.209.49.108,2024-07-17 17:24:25,0c12c77110a811ec8871b07b25146e9e
2024-07-17,2024-07-17 15:43:06,120.209.49.108,2024-07-17 17:24:25,f762ac9d10aa11ec8871b07b25146e9e
2024-07-17,2024-07-17 08:40:52,112.26.233.230,2024-07-17 18:13:05,6b012e2472d711ecb369fa164011f743
2024-07-17,2024-07-17 08:36:21,112.26.233.230,2024-07-17 18:13:05,403ca52f10a911ec8871b07b25146e9e
2024-07-17,2024-07-17 08:23:53,112.26.233.230,2024-07-17 18:19:05,4cacabcd10ab11ec8871b07b25146e9e
2024-07-17,2024-07-17 08:35:37,112.26.233.230,2024-07-17 18:19:05,fd5fc17e10a911ec8871b07b25146e9e
2024-07-17,2024-07-17 07:46:42,36.4.200.246,2024-07-17 18:20:05,4fe5389010a811ec8871b07b25146e9e
2024-07-17,2024-07-17 07:45:49,36.4.200.246,2024-07-17 18:20:05,45825d8010ac11ec8871b07b25146e9e
2024-07-17,2024-07-17 07:54:22,27.186.4.144,2024-07-17 23:49:54,81e2677110a911ec8871b07b25146e9e
2024-07-17,2024-07-17 19:34:42,27.186.4.144,2024-07-17 23:49:54,ded26df210a711ec8871b07b25146e9e
2024-07-18,2024-07-18 08:45:07,112.32.177.228,2024-07-18 11:55:54,5c6b828410cb11ec8216b07b25146e9e
2024-07-18,2024-07-18 08:42:52,112.32.177.228,2024-07-18 11:55:54,69287c1010c611ec8216b07b25146e9e
2024-07-18,2024-07-18 08:22:07,61.191.79.24,2024-07-18 17:25:34,798720fd6dfd11ecb369fa164011f743
2024-07-18,2024-07-18 08:17:44,61.191.79.24,2024-07-18 17:25:34,62e9c78610ab11ec8871b07b25146e9e
2024-07-18,2024-07-18 08:29:38,183.166.187.4,2024-07-18 17:30:55,6727156010a911ec8871b07b25146e9e
2024-07-18,2024-07-18 09:46:57,183.166.187.4,2024-07-18 17:30:55,1281a14a72b711ecb369fa164011f743
2024-07-18,2024-07-18 08:00:26,60.175.69.183,2024-07-18 17:31:35,d69ea27b10aa11ec8871b07b25146e9e
2024-07-18,2024-07-18 16:08:06,60.175.69.183,2024-07-18 17:31:35,9147370110ab11ec8871b07b25146e9e
2024-07-18,2024-07-18 15:43:56,39.146.97.163,2024-07-18 17:41:34,57f981ee10ac11ec8871b07b25146e9e
2024-07-18,2024-07-18 15:41:59,39.146.97.163,2024-07-18 17:41:34,58596735a81b11edb6a3fa164011f743
2024-07-18,2024-07-18 08:28:37,112.26.233.230,2024-07-18 17:54:14,6b012e2472d711ecb369fa164011f743
2024-07-18,2024-07-18 08:25:01,112.26.233.230,2024-07-18 17:54:14,403ca52f10a911ec8871b07b25146e9e
2024-07-18,2024-07-18 17:44:49,112.26.233.230,2024-07-18 18:14:34,fd5fc17e10a911ec8871b07b25146e9e
2024-07-18,2024-07-18 17:41:27,112.26.233.230,2024-07-18 18:14:34,fec2516b10a911ec8871b07b25146e9e
2024-07-18,2024-07-18 15:47:35,112.32.178.130,2024-07-18 18:30:54,304e6a8d10bf11ec8216b07b25146e9e
2024-07-18,2024-07-18 14:33:58,112.32.178.130,2024-07-18 18:30:54,6f88968110c911ec8216b07b25146e9e
2024-07-18,2024-07-18 09:18:49,112.26.224.30,2024-07-18 18:51:54,9003599610cb11ec8216b07b25146e9e
2024-07-18,2024-07-18 09:30:35,112.26.224.30,2024-07-18 18:51:54,3d549fcc10ab11ec8871b07b25146e9e
2024-07-18,2024-07-18 18:03:02,58.243.46.71,2024-07-18 21:58:14,8ba36e5810ab11ec8871b07b25146e9e
2024-07-18,2024-07-18 18:10:43,58.243.46.71,2024-07-18 21:58:14,7d29d1dc10ab11ec8871b07b25146e9e
2024-07-18,2024-07-18 11:39:34,27.186.0.88,2024-07-18 23:26:14,81e2677110a911ec8871b07b25146e9e
2024-07-18,2024-07-18 14:46:07,27.186.0.88,2024-07-18 23:26:14,ded26df210a711ec8871b07b25146e9e
2024-07-18,2024-07-18 12:40:36,27.186.0.88,2024-07-18 23:26:14,2dedbc8a10ca11ec8216b07b25146e9e
2024-07-19,2024-07-19 08:54:42,112.26.233.230,2024-07-19 18:05:14,fed8023410a911ec8871b07b25146e9e
2024-07-19,2024-07-19 14:36:03,112.26.233.230,2024-07-19 18:05:14,0427d4a310ac11ec8871b07b25146e9e
2024-07-19,2024-07-19 08:53:23,112.26.233.230,2024-07-19 18:05:14,86e25ef510a811ec8871b07b25146e9e
2024-07-19,2024-07-19 08:29:18,112.26.233.230,2024-07-19 18:07:14,fec2516b10a911ec8871b07b25146e9e
2024-07-19,2024-07-19 08:27:39,112.26.233.230,2024-07-19 18:07:14,0428acdb10ac11ec8871b07b25146e9e
2024-07-19,2024-07-19 08:24:14,112.26.233.230,2024-07-19 18:07:14,4cacabcd10ab11ec8871b07b25146e9e
2024-07-19,2024-07-19 16:52:32,36.56.95.171,2024-07-19 18:31:14,15841b866eac11ecb369fa164011f743
2024-07-19,2024-07-19 11:25:12,36.56.95.171,2024-07-19 18:31:14,24d6bd46a8e911eda9defa164011f743
2024-07-19,2024-07-19 14:36:18,112.32.180.243,2024-07-19 18:33:14,5c6b828410cb11ec8216b07b25146e9e
2024-07-19,2024-07-19 14:36:13,112.32.180.243,2024-07-19 18:33:14,304e6a8d10bf11ec8216b07b25146e9e
2024-07-19,2024-07-19 08:11:56,112.26.233.230,2024-07-19 18:39:14,4044d4f310a911ec8871b07b25146e9e
2024-07-19,2024-07-19 08:13:28,112.26.233.230,2024-07-19 18:39:14,403ca52f10a911ec8871b07b25146e9e
2024-07-19,2024-07-19 08:46:11,27.186.0.88,2024-07-20 01:07:34,f989459e10ab11ec8871b07b25146e9e
2024-07-19,2024-07-19 07:14:46,27.186.0.88,2024-07-20 01:07:34,2dedbc8a10ca11ec8216b07b25146e9e
2024-07-20,2024-07-20 08:41:35,112.26.224.30,2024-07-20 17:59:34,3d549fcc10ab11ec8871b07b25146e9e
2024-07-20,2024-07-20 08:40:40,112.26.224.30,2024-07-20 17:59:34,9003599610cb11ec8216b07b25146e9e
2024-07-20,2024-07-20 08:41:46,112.26.233.230,2024-07-20 18:03:17,0427d4a310ac11ec8871b07b25146e9e
2024-07-20,2024-07-20 08:40:35,112.26.233.230,2024-07-20 18:03:17,fed8023410a911ec8871b07b25146e9e
2024-07-20,2024-07-20 08:22:16,112.26.233.230,2024-07-20 18:03:54,0428acdb10ac11ec8871b07b25146e9e
2024-07-20,2024-07-20 11:15:48,112.26.233.230,2024-07-20 18:03:54,4890fa7c10ac11ec8871b07b25146e9e
2024-07-20,2024-07-20 11:33:57,112.26.233.230,2024-07-20 18:04:14,c601828710aa11ec8871b07b25146e9e
2024-07-20,2024-07-20 08:25:29,112.26.233.230,2024-07-20 18:04:14,fec2516b10a911ec8871b07b25146e9e
2024-07-20,2024-07-20 10:00:54,112.26.233.230,2024-07-20 18:04:14,fd5fc17e10a911ec8871b07b25146e9e
2024-07-20,2024-07-20 09:15:26,112.26.233.230,2024-07-20 18:04:14,4cda161710c911ec8216b07b25146e9e
2024-07-20,2024-07-20 08:14:42,112.26.233.230,2024-07-20 18:06:14,403ca52f10a911ec8871b07b25146e9e
2024-07-20,2024-07-20 08:16:29,112.26.233.230,2024-07-20 18:06:14,6b012e2472d711ecb369fa164011f743
2024-07-20,2024-07-20 08:13:08,112.26.233.230,2024-07-20 18:06:14,4043241610a911ec8871b07b25146e9e
2024-07-20,2024-07-20 13:06:30,27.186.0.88,2024-07-20 23:03:54,6cf8b0c910ab11ec8871b07b25146e9e
2024-07-20,2024-07-20 05:14:07,27.186.0.88,2024-07-20 23:03:54,f989459e10ab11ec8871b07b25146e9e
2024-07-20,2024-07-20 05:15:36,27.186.0.88,2024-07-20 23:03:54,cec6e0a910aa11ec8871b07b25146e9e
2024-07-21,2024-07-21 05:36:10,27.186.0.88,2024-07-21 23:43:14,cec6e0a910aa11ec8871b07b25146e9e
2024-07-21,2024-07-21 05:33:13,27.186.0.88,2024-07-21 23:43:14,f989459e10ab11ec8871b07b25146e9e
2024-07-22,2024-07-22 15:45:54,183.166.187.4,2024-07-22 17:28:54,5b714adf10a911ec8871b07b25146e9e
2024-07-22,2024-07-22 08:22:37,183.166.187.4,2024-07-22 17:28:54,de6b916910a811ec8871b07b25146e9e
2024-07-22,2024-07-22 09:04:28,183.166.187.4,2024-07-22 17:30:00,f29c887310a711ec8871b07b25146e9e
2024-07-22,2024-07-22 15:23:34,183.166.187.4,2024-07-22 17:30:00,af75a9bd10ca11ec8216b07b25146e9e
2024-07-22,2024-07-22 09:55:10,112.26.233.230,2024-07-22 18:09:14,4890fa7c10ac11ec8871b07b25146e9e
2024-07-22,2024-07-22 09:40:56,112.26.233.230,2024-07-22 18:09:14,fec2516b10a911ec8871b07b25146e9e
2024-07-22,2024-07-22 20:26:35,39.146.97.16,2024-07-22 23:41:14,58596735a81b11edb6a3fa164011f743
2024-07-22,2024-07-22 21:29:52,39.146.97.16,2024-07-22 23:41:14,57f981ee10ac11ec8871b07b25146e9e
2024-07-23,2024-07-23 11:36:20,112.123.242.131,2024-07-23 16:36:14,5f5f3f8d10a911ec8871b07b25146e9e
2024-07-23,2024-07-23 08:18:08,112.123.242.131,2024-07-23 16:36:14,5f705aee10a911ec8871b07b25146e9e
2024-07-23,2024-07-23 14:08:12,218.22.147.83,2024-07-23 17:46:00,c891751f10a911ec8871b07b25146e9e
2024-07-23,2024-07-23 15:49:59,218.22.147.83,2024-07-23 17:46:00,bd006be910a911ec8871b07b25146e9e
2024-07-23,2024-07-23 08:47:24,112.26.233.230,2024-07-23 18:04:00,c601828710aa11ec8871b07b25146e9e
2024-07-23,2024-07-23 08:21:12,112.26.233.230,2024-07-23 18:04:00,e85a18c310ab11ec8871b07b25146e9e
2024-07-23,2024-07-23 08:42:17,112.26.233.230,2024-07-23 18:04:00,066a924c10ac11ec8871b07b25146e9e
2024-07-23,2024-07-23 16:42:44,112.26.233.230,2024-07-23 18:04:00,2546d62210ab11ec8871b07b25146e9e
2024-07-23,2024-07-23 08:36:03,112.26.233.230,2024-07-23 18:06:14,fd5fc17e10a911ec8871b07b25146e9e
2024-07-23,2024-07-23 11:17:53,112.26.233.230,2024-07-23 18:06:14,86e25ef510a811ec8871b07b25146e9e
2024-07-23,2024-07-23 08:25:24,112.26.233.230,2024-07-23 18:06:14,4890fa7c10ac11ec8871b07b25146e9e
2024-07-23,2024-07-23 08:31:16,112.26.233.230,2024-07-23 18:06:14,85e2afa510a811ec8871b07b25146e9e
2024-07-23,2024-07-23 08:30:02,112.26.233.230,2024-07-23 18:06:14,4cda161710c911ec8216b07b25146e9e
2024-07-23,2024-07-23 14:37:29,112.26.233.230,2024-07-23 18:06:54,6b012e2472d711ecb369fa164011f743
2024-07-23,2024-07-23 08:13:48,112.26.233.230,2024-07-23 18:06:54,3765282510ac11ec8871b07b25146e9e
2024-07-23,2024-07-23 08:12:22,112.26.233.230,2024-07-23 18:06:54,37f376b810ac11ec8871b07b25146e9e
2024-07-23,2024-07-23 07:47:14,36.4.200.43,2024-07-23 18:31:34,e6ed581d10aa11ec8871b07b25146e9e
2024-07-23,2024-07-23 07:46:25,36.4.200.43,2024-07-23 18:31:34,bcc2f04510ab11ec8871b07b25146e9e
2024-07-23,2024-07-23 08:38:42,36.56.95.171,2024-07-23 18:32:34,15841b866eac11ecb369fa164011f743
2024-07-23,2024-07-23 08:36:51,36.56.95.171,2024-07-23 18:32:34,d026d7f9741411ecb369fa164011f743
2024-07-23,2024-07-23 15:55:25,39.146.97.16,2024-07-23 18:38:14,58596735a81b11edb6a3fa164011f743
2024-07-23,2024-07-23 15:58:41,39.146.97.16,2024-07-23 18:38:14,57f981ee10ac11ec8871b07b25146e9e
2024-07-23,2024-07-23 20:57:03,36.63.3.61,2024-07-24 01:40:34,25a49fce10ac11ec8871b07b25146e9e
2024-07-23,2024-07-23 11:49:34,36.63.3.61,2024-07-24 01:40:34,cc16db3410aa11ec8871b07b25146e9e
2024-07-24,2024-07-24 08:12:57,112.26.19.103,2024-07-24 11:11:54,636fbc0110a811ec8871b07b25146e9e
2024-07-24,2024-07-24 08:07:12,112.26.19.103,2024-07-24 11:11:54,ec3a8fea10aa11ec8871b07b25146e9e
2024-07-24,2024-07-24 08:57:26,112.123.242.131,2024-07-24 15:56:54,5f5f3f8d10a911ec8871b07b25146e9e
2024-07-24,2024-07-24 08:42:58,112.123.242.131,2024-07-24 15:56:54,5f705aee10a911ec8871b07b25146e9e
2024-07-24,2024-07-24 14:35:25,112.26.233.230,2024-07-24 17:02:34,6b012e2472d711ecb369fa164011f743
2024-07-24,2024-07-24 08:23:31,112.26.233.230,2024-07-24 17:02:34,fd5fc17e10a911ec8871b07b25146e9e
2024-07-24,2024-07-24 08:21:54,114.104.174.233,2024-07-24 17:23:14,41a6ef6410ca11ec8216b07b25146e9e
2024-07-24,2024-07-24 08:27:18,114.104.174.233,2024-07-24 17:23:14,6614495110a811ec8871b07b25146e9e
2024-07-24,2024-07-24 09:41:30,60.171.153.98,2024-07-24 17:33:55,252e968c10ab11ec8871b07b25146e9e
2024-07-24,2024-07-24 08:36:43,60.171.153.98,2024-07-24 17:33:55,26acae3e10ab11ec8871b07b25146e9e
2024-07-24,2024-07-24 08:35:45,112.26.233.230,2024-07-24 17:49:00,e85a18c310ab11ec8871b07b25146e9e
2024-07-24,2024-07-24 08:32:53,112.26.233.230,2024-07-24 17:49:00,c601828710aa11ec8871b07b25146e9e
2024-07-24,2024-07-24 10:04:41,112.26.233.230,2024-07-24 17:49:00,c78dc72a10aa11ec8871b07b25146e9e
2024-07-24,2024-07-24 08:29:50,112.26.233.230,2024-07-24 17:51:37,85e2afa510a811ec8871b07b25146e9e
2024-07-24,2024-07-24 09:32:23,112.26.233.230,2024-07-24 17:51:37,b044f8d810c811ec8216b07b25146e9e
2024-07-24,2024-07-24 08:22:08,112.26.233.230,2024-07-24 17:51:54,86e25ef510a811ec8871b07b25146e9e
2024-07-24,2024-07-24 08:25:00,112.26.233.230,2024-07-24 17:51:54,2546d62210ab11ec8871b07b25146e9e
2024-07-24,2024-07-24 14:37:39,112.32.181.224,2024-07-24 18:37:54,6f88968110c911ec8216b07b25146e9e
2024-07-24,2024-07-24 14:35:44,112.32.181.224,2024-07-24 18:37:54,304e6a8d10bf11ec8216b07b25146e9e
2024-07-24,2024-07-24 07:50:09,36.4.200.43,2024-07-25 06:06:14,b5ca888010a911ec8871b07b25146e9e
2024-07-24,2024-07-24 07:48:51,36.4.200.43,2024-07-25 06:06:14,e6ed581d10aa11ec8871b07b25146e9e
2024-07-25,2024-07-25 08:40:47,112.32.178.196,2024-07-25 11:23:14,6f88968110c911ec8216b07b25146e9e
2024-07-25,2024-07-25 08:44:08,112.32.178.196,2024-07-25 11:23:14,9e925936740e11ecb369fa164011f743
2024-07-25,2024-07-25 12:59:34,121.235.246.179,2024-07-25 17:32:54,5de66b4810c111ec8216b07b25146e9e
2024-07-25,2024-07-25 10:18:12,121.235.246.179,2024-07-25 17:32:54,fb86178210a711ec8871b07b25146e9e
2024-07-25,2024-07-25 08:29:59,112.29.99.205,2024-07-25 17:34:37,4b78996810ab11ec8871b07b25146e9e
2024-07-25,2024-07-25 08:17:46,112.29.99.205,2024-07-25 17:34:37,4bbffc6910ab11ec8871b07b25146e9e
2024-07-25,2024-07-25 08:23:26,112.26.233.230,2024-07-25 18:04:34,b044f8d810c811ec8216b07b25146e9e
2024-07-25,2024-07-25 08:21:27,112.26.233.230,2024-07-25 18:04:34,2546d62210ab11ec8871b07b25146e9e
2024-07-25,2024-07-25 09:02:07,183.161.131.13,2024-07-25 18:20:57,e9e8eeb310aa11ec8871b07b25146e9e
2024-07-25,2024-07-25 09:23:44,183.161.131.13,2024-07-25 18:20:57,86ce809110a911ec8871b07b25146e9e
2024-07-25,2024-07-25 14:52:26,112.32.176.159,2024-07-25 18:33:34,304e6a8d10bf11ec8216b07b25146e9e
2024-07-25,2024-07-25 14:50:35,112.32.176.159,2024-07-25 18:33:34,f847e26a10a711ec8871b07b25146e9e
2024-07-25,2024-07-25 07:43:37,36.4.200.43,2024-07-25 20:20:41,e6ed581d10aa11ec8871b07b25146e9e
2024-07-25,2024-07-25 07:48:14,36.4.200.43,2024-07-25 20:20:41,b9ee730910a911ec8871b07b25146e9e
2024-07-26,2024-07-26 08:37:18,112.32.176.139,2024-07-26 11:41:21,61b27b7f703111ecb369fa164011f743
2024-07-26,2024-07-26 08:32:27,112.32.176.139,2024-07-26 11:41:21,f847e26a10a711ec8871b07b25146e9e
2024-07-26,2024-07-26 09:55:16,117.71.63.75,2024-07-26 17:10:00,d4f3a70410ab11ec8871b07b25146e9e
2024-07-26,2024-07-26 09:58:56,117.71.63.75,2024-07-26 17:10:00,d5de29c010ab11ec8871b07b25146e9e
2024-07-26,2024-07-26 08:23:48,112.29.99.205,2024-07-26 17:34:21,4b78996810ab11ec8871b07b25146e9e
2024-07-26,2024-07-26 08:31:07,112.29.99.205,2024-07-26 17:34:21,4bbffc6910ab11ec8871b07b25146e9e
2024-07-26,2024-07-26 08:46:48,121.235.246.179,2024-07-26 17:37:01,008db36310a811ec8871b07b25146e9e
2024-07-26,2024-07-26 08:42:24,121.235.246.179,2024-07-26 17:37:01,5de66b4810c111ec8216b07b25146e9e
2024-07-26,2024-07-26 16:31:02,112.26.233.230,2024-07-26 17:56:21,b044f8d810c811ec8216b07b25146e9e
2024-07-26,2024-07-26 16:25:37,112.26.233.230,2024-07-26 17:56:21,86e25ef510a811ec8871b07b25146e9e
2024-07-26,2024-07-26 16:28:32,112.26.233.230,2024-07-26 17:56:21,8b277c0810a811ec8871b07b25146e9e
2024-07-26,2024-07-26 08:36:49,112.26.233.230,2024-07-26 17:56:41,e7a054ec10ab11ec8871b07b25146e9e
2024-07-26,2024-07-26 08:28:50,112.26.233.230,2024-07-26 17:56:41,4890fa7c10ac11ec8871b07b25146e9e
2024-07-26,2024-07-26 08:23:47,112.26.233.230,2024-07-26 17:56:41,c05d2c6910ab11ec8871b07b25146e9e
2024-07-26,2024-07-26 07:48:10,36.4.200.43,2024-07-26 18:12:21,b5ca888010a911ec8871b07b25146e9e
2024-07-26,2024-07-26 07:46:47,36.4.200.43,2024-07-26 18:12:21,b9ee730910a911ec8871b07b25146e9e
2024-07-27,2024-07-27 14:56:24,49.76.129.160,2024-07-27 15:40:01,008db36310a811ec8871b07b25146e9e
2024-07-27,2024-07-27 10:27:36,49.76.129.160,2024-07-27 15:40:01,5de66b4810c111ec8216b07b25146e9e
2024-07-27,2024-07-27 10:33:33,112.26.233.230,2024-07-27 18:05:00,c78dc72a10aa11ec8871b07b25146e9e
2024-07-27,2024-07-27 10:35:33,112.26.233.230,2024-07-27 18:05:00,c601828710aa11ec8871b07b25146e9e
2024-07-27,2024-07-27 10:31:16,112.26.233.230,2024-07-27 18:07:21,c05d2c6910ab11ec8871b07b25146e9e
2024-07-27,2024-07-27 10:27:35,112.26.233.230,2024-07-27 18:07:21,b8d8421f10c811ec8216b07b25146e9e
2024-07-27,2024-07-27 10:29:41,112.26.233.230,2024-07-27 18:07:21,e82afb3810ab11ec8871b07b25146e9e
2024-07-29,2024-07-29 08:48:26,223.214.124.100,2024-07-29 17:45:41,33857bdc10ab11ec8871b07b25146e9e
2024-07-29,2024-07-29 08:30:52,223.214.124.100,2024-07-29 17:45:41,296a7b7b10ab11ec8871b07b25146e9e
2024-07-29,2024-07-29 08:36:14,36.62.172.91,2024-07-29 18:07:41,86ce809110a911ec8871b07b25146e9e
2024-07-29,2024-07-29 08:35:05,36.62.172.91,2024-07-29 18:07:41,e9e8eeb310aa11ec8871b07b25146e9e
2024-07-29,2024-07-29 08:49:38,112.26.233.230,2024-07-30 18:09:41,8b277c0810a811ec8871b07b25146e9e
2024-07-29,2024-07-29 08:38:47,112.26.233.230,2024-07-30 18:09:41,b044f8d810c811ec8216b07b25146e9e
2024-07-30,2024-07-30 08:26:21,112.26.233.230,2024-07-30 18:09:41,a4264b9710a911ec8871b07b25146e9e
2024-07-30,2024-07-30 08:27:26,112.26.233.230,2024-07-30 18:09:41,b8d8421f10c811ec8216b07b25146e9e
