"_id",ipCount,ips
oR17p5fzVRZ9x6P6hjCCe32eYink,12,"39.144.38.16,39.144.38.211,39.144.38.1,39.144.38.38,39.144.38.206,223.215.156.11,223.215.151.63,223.215.138.168,39.144.38.57,39.144.38.226,39.144.38.249,114.97.249.86"
oR17p5fxknRq90D1aNZrnOTrBPJo,26,"183.161.6.251,36.61.43.179,114.102.250.89,36.59.225.179,36.61.5.58,117.70.167.84,36.63.75.44,117.70.139.41,114.101.231.151,36.63.3.61,114.101.214.204,36.60.121.176,114.104.101.78,183.161.7.60,114.99.103.206,36.63.72.186,36.63.73.239,223.246.169.203,36.63.2.39,36.61.52.248,36.60.63.150,114.102.237.13,114.99.103.32,36.63.1.244,114.99.160.18,223.246.252.22"
oR17p5fvI_A7zwaFATaxBsOFRbWU,4,"39.144.159.57,39.144.159.42,39.144.238.155,60.171.173.7"
oR17p5fmdrr5syc54LB7nZLioiks,2,"14.19.142.42,14.19.142.75"
oR17p5fkvE4rUj67ns7Pq7oCZlS8,5,"36.61.6.33,36.60.196.48,114.103.255.105,36.60.129.202,117.64.85.101"
oR17p5fdxQ3Bd35zewRRxoNMiXAY,13,"39.144.159.118,39.144.159.82,39.144.159.109,39.144.159.90,39.144.159.96,39.144.159.104,39.144.159.123,39.144.159.101,39.144.159.84,39.144.159.78,39.144.159.79,39.144.159.64,39.144.159.112"
oR17p5fdEI1P1DJ3EXukJVJ9DD9w,21,"39.144.38.15,39.144.38.239,39.144.38.155,39.144.38.104,39.144.38.32,39.144.38.154,39.144.38.234,39.144.38.179,39.144.38.11,39.144.38.138,39.144.38.127,39.144.38.167,39.144.38.213,39.144.38.251,39.144.38.33,39.144.38.187,39.144.38.86,39.144.38.143,39.144.38.91,39.144.38.197,39.144.38.41"
oR17p5faONNONexM8_hfJeDfFvlE,5,"117.70.188.43,114.100.47.169,120.243.2.147,223.215.237.23,183.167.22.252"
oR17p5fRT8-jI7PYawSlMPxNz7IQ,3,"36.5.96.158,36.5.96.199,36.7.74.147"
oR17p5fNZz6D_DlMLqHX7jki5-zY,10,"223.246.228.7,36.113.28.39,223.240.61.7,114.101.201.69,114.101.205.166,36.61.3.52,223.245.236.120,223.245.238.147,112.31.108.27,183.167.176.15"
oR17p5fNXZMWBR9M1YrtSOBfpqyg,1,124.65.129.74
oR17p5fHg2EqBoCcd806ZocqoNN4,5,"39.144.161.136,36.63.181.159,36.63.217.169,39.144.161.182,39.144.161.172"
oR17p5fEADLMv3H_z3L991h3uxB0,20,"223.215.234.35,223.246.99.252,36.59.159.83,36.61.59.165,223.246.172.47,36.59.174.231,36.59.19.97,36.60.111.149,60.173.163.99,36.59.176.190,114.102.224.214,36.59.252.202,36.60.103.37,36.60.81.196,223.246.122.129,36.59.61.232,36.60.45.16,117.70.172.15,223.215.228.136,117.70.191.217"
oR17p5aprz6cz3JtpvF7bsn7XczQ,1,58.20.168.128
oR17p5WgJeIns361rCQG3-KQR01M,2,"39.144.34.35,58.242.81.58"
oR17p5W_ppTe-fPnl7IfV6mVkTE0,3,"220.205.232.221,220.205.248.6,60.170.38.113"
oR17p5RLQfh8NlUHaKT_DaUVP0U4,1,58.243.187.235
oR17p5WZeF34ZZc0TOAnUuBpS5lY,7,"183.167.154.178,183.167.154.21,60.175.116.134,60.171.40.103,36.59.249.85,183.167.189.106,223.246.168.38"
oR17p5RlCyC5N6Oid0pXKFJysUQ0,4,"114.97.52.68,39.144.162.125,36.161.168.63,114.104.163.167"
oR17p5TS9bRa0F44Otf4x5HKXA-I,5,"183.167.218.142,223.246.248.209,183.167.205.51,223.214.239.104,183.167.218.153"
oR17p5WAjVxvVUg3ACIJBUyVTHf4,1,61.190.181.66
oR17p5YpSUe6IR0USfPeqHSax8kA,2,"120.243.118.20,111.39.168.75"
oR17p5W5IwKINZq0eggsfNo8ehXA,2,"36.61.162.175,114.105.101.27"
oR17p5W5GuqrmIzM4k7fntfaFiyI,7,"39.144.161.161,39.144.161.149,39.144.238.46,39.144.238.34,39.144.161.169,39.144.161.189,39.144.238.47"
oR17p5WjGmh_Mz8asDpQY4B7xh6M,1,220.180.196.34
oR17p5Vy05TTLnC2LOq_-stTGoDY,1,112.132.249.171
oR17p5WXnCFaNdpPfzxK5WFV6aL8,1,60.169.22.205
oR17p5Vn5z-dkMLQEW3fWE2620yI,3,"39.144.161.32,39.144.161.12,61.191.102.47"
oR17p5VfI3glklEeynBVOYxSG8Ic,10,"36.7.50.27,183.167.105.135,183.167.104.180,36.4.123.239,117.136.118.183,183.161.248.57,36.7.48.74,183.167.106.22,183.167.105.23,120.242.151.107"
oR17p5VDwU1SMpgeK4FJjrL4yWhU,3,"220.205.225.227,220.205.224.168,36.7.146.33"
oR17p5VdjiuE95GAYI4c3nBp0NHU,1,111.38.172.168
oR17p5UZ99hTZ4URyWnPiUO4nYPs,1,36.34.82.15
oR17p5VYjt48FQcDJW1DP9h_fQN0,1,220.180.50.224
oR17p5bXARNT_53gO3KiwfLyaKcg,2,"112.26.224.30,114.103.118.78"
oR17p5c8CFscqKV1vjAnzqdY5e_4,1,60.173.82.22
oR17p5VMWhVMgSATDddBt4y2qn0w,1,42.49.236.108
oR17p5UJarcSWY_Qz2ng1nCwz0v8,10,"183.167.37.179,183.167.39.254,114.96.249.18,183.167.36.172,183.166.62.210,39.146.34.27,39.146.35.173,39.146.34.43,114.96.250.223,36.60.113.81"
oR17p5elcQZVspwGbFGP7n_rwDtk,5,"183.165.209.160,114.99.219.113,36.60.113.74,36.59.156.186,36.62.199.222"
oR17p5VIurDWUth4uY8TSNN_iEEE,11,"39.144.159.22,112.53.233.13,39.144.159.32,223.215.91.20,39.144.159.46,39.144.159.60,39.144.159.49,39.144.159.37,223.215.91.84,39.144.238.156,39.144.238.155"
oR17p5Zv0vGV7i0Fybttr6e2ESRg,4,"117.136.118.180,39.144.34.251,183.160.255.218,117.64.74.133"
oR17p5YOBgCVRHhnAhPVWTxY1ttI,1,60.175.3.67
oR17p5frp8MuXDTeEmnhj0Ivlvb8,30,"117.70.187.143,36.59.13.25,36.61.32.246,117.70.183.108,36.61.44.89,223.246.51.137,36.59.194.24,114.101.207.166,36.59.212.223,36.33.125.215,36.59.43.78,36.59.148.191,60.173.163.99,36.61.42.140,114.102.227.229,36.59.204.163,36.59.54.202,223.215.224.80,223.246.226.185,36.59.159.99,36.61.54.180,36.33.125.4,114.101.210.10,223.246.224.87,36.59.56.232,223.246.63.136,36.59.236.156,223.246.61.168,223.246.185.7,114.101.197.75"
oR17p5X0Ss0hN2dTtwCtdDSLepfg,2,"124.73.205.223,183.164.114.167"
oR17p5VDte2hF8JfUIslHa3GToK0,7,"36.63.47.29,36.60.81.20,183.161.86.187,36.63.92.243,36.59.226.212,36.63.44.71,36.63.46.119"
oR17p5TAv_Wm9t8DpDvzLTCE35qE,35,"112.32.177.221,112.32.177.252,112.32.181.120,112.32.177.227,112.32.176.159,112.32.178.196,112.32.176.177,112.32.177.137,112.32.177.201,112.32.179.230,112.32.181.224,112.32.177.228,112.32.176.148,112.32.180.218,112.32.179.153,112.32.181.98,112.32.177.179,112.32.177.189,112.32.181.235,112.32.178.159,112.32.181.100,112.32.176.139,112.32.181.213,112.32.178.130,112.32.180.243,112.32.181.205,112.32.181.241,112.32.178.167,112.32.178.211,112.32.176.226,112.32.178.158,112.32.177.145,112.32.181.244,112.32.176.247,112.32.176.250"
oR17p5WPpTrtNFZ_TEOjh6WR9Uks,4,"36.59.141.7,36.60.104.167,114.102.255.37,61.133.143.40"
oR17p5fbHF_dnqUY4QY1xGVeYV18,5,"60.169.127.100,36.63.181.31,36.63.219.85,36.63.216.81,223.246.127.92"
oR17p5TZoRvZpFPu9TUv9e9Mbl8s,4,"183.167.169.109,36.60.57.116,183.165.131.78,60.175.116.134"
oR17p5V9SD4BY5Aul74P96aXn210,1,36.33.32.66
oR17p5UymEhQylcvdMY8jodpKIpg,8,"36.63.179.225,60.169.184.208,111.55.139.5,36.63.178.218,60.169.10.12,36.63.178.192,60.169.87.131,36.63.213.185"
oR17p5UsQ-SshGsQWZpikXQyqeKs,11,"117.136.102.22,223.104.37.202,36.56.0.86,223.104.37.201,183.161.204.134,36.56.5.181,223.104.37.174,223.104.37.227,39.144.34.176,117.136.116.44,120.243.25.144"
oR17p5TmeqTAc8TBWNJGUVjfZlhc,1,220.179.52.196
oR17p5R-JBkoaaw5Jmaoc_y3LKxg,3,"39.144.161.37,39.144.161.13,111.39.140.240"
oR17p5VBSFk313ctkyuOEBFk1ELk,2,"112.32.86.169,60.173.208.242"
oR17p5UqK9FfUtq8sCEFcI2FN46E,4,"117.136.8.78,39.144.244.66,39.144.104.151,223.104.213.4"
oR17p5UhiKRgezYAqsfzDw92tfII,6,"223.215.232.96,36.60.72.151,114.102.237.208,36.60.99.38,36.59.201.183,36.61.32.176"
oR17p5T2O6uRsqCarGUAIjS34Bto,1,36.32.166.44
oR17p5Uh0aLl7-IcxjlET7G8fGis,8,"223.160.170.94,223.160.171.130,223.160.168.158,223.160.171.28,223.160.171.209,223.160.168.104,223.160.169.51,223.160.170.250"
oR17p5fuJ6k_sEWJWvSQEg1YzZIk,1,114.100.50.246
oR17p5UewPYIz2UdidD5ca8MCEXs,4,"117.70.176.24,36.59.172.171,36.59.51.43,60.171.236.250"
oR17p5bY1gdHW4e7tlcIxKgTbwIk,19,"114.101.12.155,36.59.23.184,223.246.246.122,36.62.17.170,223.246.101.58,114.101.14.69,36.62.85.24,36.62.17.77,36.62.87.255,223.246.240.3,36.62.84.68,117.70.139.225,114.101.14.135,36.62.17.82,36.62.84.49,223.246.54.176,117.70.138.114,114.101.14.60,36.62.84.157"
oR17p5UPUIPyRPZZleG_W101ktmE,13,"117.70.151.188,36.59.18.160,114.101.223.37,36.61.53.156,36.59.193.221,111.39.14.154,223.215.246.67,36.61.53.219,36.59.179.75,36.59.237.228,36.59.193.212,36.59.223.0,36.61.0.94"
oR17p5b4hH2YvRUYgx-sP_4Oc7dY,2,"60.175.69.183,183.166.61.2"
oR17p5WViQYm-iafSB0WBl7mXlsE,4,"117.136.116.185,223.104.36.52,60.174.128.52,223.104.36.138"
oR17p5azVmzj3S2gTb-HsfoSQBWQ,2,"112.53.225.67,120.243.233.81"
oR17p5dUXav-h0iiuY7m8q9GCbkk,9,"218.12.18.194,218.12.17.107,110.228.59.140,218.12.17.115,218.12.17.183,218.12.16.109,218.12.19.135,27.184.140.114,27.184.140.203"
oR17p5WMKEt2VAeYsKNesM_eJptU,11,"114.102.205.188,58.243.61.29,36.61.75.203,36.61.161.186,58.243.61.27,114.102.197.121,58.243.61.28,114.102.212.167,36.61.78.224,114.102.217.159,114.102.218.46"
oR17p5QYiJ-LiEbY9-o5Um1OdH9E,5,"36.59.190.10,120.209.32.20,114.102.233.56,36.61.51.112,36.63.226.201"
oR17p5WIbzGdPdq9fkFmOQ-ZQmyo,5,"183.161.196.107,183.161.194.231,39.144.238.109,183.161.195.149,183.161.196.141"
oR17p5UE0VSfr1Z1KpkIqUeHp6xk,4,"36.62.208.243,36.59.166.208,223.215.54.255,223.215.47.75"
oR17p5c44OvDyigYHjduqjNNdSbY,6,"39.144.38.223,220.180.50.224,39.144.240.194,39.144.38.96,39.144.38.146,39.144.38.144"
oR17p5UCILSXhCyIBTvdIwD67T4s,6,"223.246.94.45,223.246.89.207,112.27.70.234,183.167.146.208,183.167.146.193,223.246.90.219"
oR17p5V3pk_ipHJLB-waE3IKXHqc,4,"124.93.235.231,39.144.55.78,39.144.55.120,39.144.55.79"
oR17p5QvEUs--gqvhk4wboUP1mDs,30,"117.70.183.187,36.59.202.173,223.246.190.241,36.32.42.15,223.215.228.193,36.60.73.166,36.59.162.124,114.101.217.209,36.32.40.158,36.32.43.57,36.32.14.216,36.59.145.180,36.32.12.9,36.61.6.190,36.32.14.4,36.32.13.240,114.101.221.228,60.174.213.224,36.59.209.61,36.32.42.138,36.32.41.84,36.32.42.10,36.32.14.119,223.215.233.17,36.32.40.226,36.60.95.137,36.32.15.146,36.32.14.152,36.32.14.237,36.60.116.76"
oR17p5QOe5MnVamaADtoLgC5hEiA,36,"36.6.7.185,36.62.172.91,39.144.241.62,36.6.5.41,183.161.131.13,39.144.241.26,183.161.130.7,114.101.226.110,36.62.172.127,39.144.159.255,36.59.22.47,36.34.129.250,39.144.159.203,183.165.216.3,39.144.159.235,39.144.241.39,183.161.129.227,36.6.4.131,39.144.241.31,183.165.219.13,39.144.241.22,36.6.7.113,36.6.7.52,36.6.6.82,36.6.7.94,36.6.4.145,39.144.159.221,39.144.241.46,36.6.5.169,36.62.175.184,36.33.62.183,39.144.241.56,36.6.7.195,39.144.159.230,183.161.130.46,183.165.216.119"
oR17p5UdpKA5jCkn-ox5Xhgb7I34,1,218.23.2.123
oR17p5U4Q8_OXBiQ3ArTNsw3Wy-s,1,114.104.171.128
oR17p5U2nFnCUDJEIKJbHQH1Wq3M,9,"58.243.250.231,58.243.250.131,58.243.254.42,58.243.250.141,58.243.254.8,220.205.253.10,112.123.242.131,220.205.248.208,220.205.233.67"
oR17p5UmJYeHDOWXrKrKwFL7qY1c,3,"223.246.171.82,36.61.8.254,114.104.174.233"
oR17p5U54yOCETVPH1ol_hwCGi40,7,"117.69.174.96,36.6.38.224,114.97.3.245,36.6.38.16,117.69.175.253,36.161.172.133,117.69.173.139"
oR17p5TzTxmUo3BVbvW_1OJAc8c8,2,"39.144.160.45,112.27.32.232"
oR17p5YSBXOE51EoDIjYaAmch4zo,3,"36.60.77.54,36.59.242.8,111.39.168.75"
oR17p5VCJ8_CAa2Ixr0xVkmwqKZ0,15,"39.144.38.25,39.144.38.192,39.144.38.95,39.144.38.152,39.144.38.172,39.144.38.165,39.144.38.157,39.144.38.116,112.32.32.93,39.144.38.75,39.144.38.83,39.144.38.54,39.144.38.13,39.144.38.108,39.144.38.40"
oR17p5Tt5HyFEbvWwZwAhFKgZBY4,8,"36.33.206.144,223.246.223.234,223.246.192.157,36.61.75.115,36.7.36.79,183.167.115.29,223.246.223.147,223.246.207.128"
oR17p5Wbok8Bjsbj-fyWoFv8HiqE,3,"220.178.209.202,183.167.190.113,36.161.37.140"
oR17p5WHBrwWZp-kjeNRWkGhk4G8,7,"112.32.145.209,112.32.144.253,112.32.145.166,117.136.101.139,112.32.147.242,112.32.147.141,112.32.146.165"
oR17p5ShNxc3GBUvCXgcEcSjis8c,2,"112.26.19.108,112.29.99.205"
oR17p5c3bAhPIr71irhFDiB2dOec,7,"114.101.235.253,36.59.140.11,114.101.202.93,36.61.43.248,112.31.49.70,223.246.126.144,36.61.59.105"
oR17p5TxKA_tzAPT3fNfjM6egMZ0,1,114.104.165.190
oR17p5cb91qzcI303dCq35cTGpSk,3,"36.159.218.20,39.144.161.188,223.241.100.153"
oR17p5W2CfqkKc4dv08PkI7dRjj4,3,"114.105.139.215,223.247.84.12,220.180.103.28"
oR17p5Tp7JN5law6dZeKiYvTONes,20,"58.243.254.68,220.205.249.54,220.205.225.214,220.205.224.139,220.205.249.156,220.205.225.98,220.205.249.237,220.205.249.124,220.205.248.79,220.205.249.20,220.205.248.29,220.205.248.213,220.205.252.19,220.205.233.132,60.173.163.99,220.205.252.244,220.205.252.99,220.205.248.154,220.205.253.189,220.205.224.88"
oR17p5Tg3YQbzvJcnbfLoJtW2sDk,8,"36.59.157.126,223.247.170.2,36.59.171.202,36.59.169.60,60.169.22.205,36.59.249.37,36.59.21.79,36.60.51.66"
oR17p5R0-RBAk0Bvpo8ch6LpuniQ,8,"36.61.73.139,36.61.64.122,36.61.76.150,36.61.73.155,36.34.72.100,112.53.233.13,117.64.25.111,117.64.3.2"
oR17p5VEKUtwQmYDVgY-NKnOBpNw,26,"112.3.195.41,49.93.127.107,49.93.224.235,180.98.43.138,49.93.184.0,49.93.177.33,49.93.6.148,221.224.158.218,49.93.103.208,49.93.245.175,112.0.133.53,180.98.164.241,49.93.165.143,49.93.160.87,49.93.187.3,180.98.201.78,49.93.238.28,180.98.162.10,49.93.255.58,180.98.72.205,49.93.126.12,180.98.92.136,180.98.43.159,49.93.135.157,180.98.90.197,49.93.69.125"
oR17p5QDTnL1cb-w0idtkeMbL9Jw,20,"39.146.97.42,36.161.194.117,39.146.97.16,36.161.194.162,39.144.159.153,39.144.159.187,39.144.159.134,39.144.159.149,39.144.159.173,39.144.159.148,39.144.159.147,39.144.159.132,39.144.159.157,39.144.159.129,120.243.42.192,39.144.159.178,39.146.97.163,39.144.159.181,39.144.159.140,39.144.159.163"
oR17p5dFUsv7dJAzWF3JwHnD8UpU,11,"39.144.159.148,39.144.159.188,114.107.223.117,39.144.159.151,120.243.78.218,117.70.237.80,114.105.149.135,39.144.159.179,36.4.201.141,36.4.248.211,39.144.159.171"
oR17p5UXU7hqRdcsGb1sRIiHH9b0,6,"114.101.215.89,36.61.40.22,36.61.32.235,112.53.233.13,36.60.110.181,36.59.235.201"
oR17p5XQHfVBBfGRIqHTT3ZYW1bw,2,"114.101.212.247,61.191.250.26"
oR17p5Rbwb0e6IlD_H5AISZl3N84,4,"36.60.63.126,223.215.242.123,36.161.139.43,220.179.229.7"
oR17p5eTawUgSWtLm6iQ--Mk4Lkg,19,"180.98.34.70,180.98.33.87,49.93.8.215,49.93.60.97,49.76.129.160,49.93.109.239,49.93.70.213,49.93.55.153,49.93.9.71,49.93.101.33,121.235.246.179,112.87.104.133,121.235.250.66,49.76.13.55,121.235.242.171,180.98.139.130,180.98.89.163,121.235.243.242,49.93.237.111"
oR17p5RTNChY_mJNwuL2pHoL9rhs,21,"36.60.93.232,114.101.234.168,117.70.150.22,36.59.128.177,223.246.243.182,223.246.99.115,223.246.34.53,36.59.167.114,223.215.250.141,36.60.100.230,36.61.49.212,60.171.142.119,36.59.254.192,117.70.157.12,36.59.55.160,36.60.121.20,223.246.227.80,114.101.238.192,36.60.105.197,36.61.59.184,223.215.255.224"
oR17p5THRpph_hZEVGTlqmokGcpE,2,"39.146.87.211,183.167.205.51"
oR17p5VJKmk-r4Gr_ewDUg6RAhW8,4,"36.56.93.4,223.246.93.81,36.56.95.171,223.246.86.251"
oR17p5SZe3XBYr7jbT2fi1L8q1ew,12,"223.104.37.107,218.22.147.83,58.242.75.131,58.242.75.132,223.104.37.170,223.104.37.168,223.104.37.207,223.104.37.87,223.104.37.210,223.104.37.128,223.244.226.15,223.104.37.189"
oR17p5Tq9rYXdyRTbTK-_HxkPy2c,1,111.38.31.16
oR17p5SsRPrsIjxWMXkqJy5K7gDg,5,"39.144.159.147,39.146.97.163,39.144.159.141,120.243.42.192,39.144.159.132"
oR17p5RAskd1qf25IHLSk4UpGNlI,9,"36.6.65.72,36.159.198.194,183.161.139.127,220.180.176.206,36.62.189.153,36.62.201.82,36.6.65.145,36.6.64.14,36.6.64.229"
oR17p5Rc05Mn14YMCwXR2BF2lkpQ,4,"39.144.38.49,112.26.19.111,39.144.38.104,39.144.38.168"
oR17p5RRSq6g648wquyTmJb3Cidc,13,"39.144.38.207,117.71.75.119,114.103.232.194,36.57.99.131,117.64.68.100,39.144.38.50,39.144.38.225,183.160.75.130,114.103.246.33,183.160.122.98,114.103.223.226,39.144.38.34,39.144.240.243"
oR17p5Wv-7eNPnLBcdOY_Ps9EK-8,2,"117.136.103.212,60.173.3.34"
oR17p5XzxqVW5nOKY1l3A20B_vlw,2,"120.243.218.212,39.144.162.39"
oR17p5Qp9LYcQZLT7SRe03stcX4Y,2,"36.61.35.114,36.6.24.113"
oR17p5Z4ey9_0G6I-a_1nlPVbM7U,7,"223.240.137.94,183.164.103.137,39.144.38.106,39.144.38.234,39.144.38.66,39.144.38.224,117.67.236.245"
oR17p5eoVDYciNYPZnmGD6p7RupY,1,112.253.29.119
oR17p5XlSm4dHRHz_dPRT2US_3Hs,5,"36.59.219.118,36.63.99.106,36.34.72.124,36.63.51.118,36.63.48.239"
oR17p5SX4-0vVCiGYt2RARNV-x3E,11,"183.165.174.55,36.59.31.28,36.60.49.48,117.71.193.250,36.60.109.180,36.60.83.70,117.71.193.45,36.59.158.45,36.60.76.132,183.165.173.96,117.70.171.247"
oR17p5dzwY1ZY9EGHfk81OwifWx4,3,"124.73.207.167,117.67.249.108,223.240.132.30"
oR17p5UW44Yn3j7pW4EAroc4e1Ms,3,"36.59.229.92,223.214.124.100,220.180.7.194"
oR17p5Qoq794vTlA8TKPjVwju3Vc,8,"223.246.55.174,36.60.106.198,183.161.30.180,36.63.71.125,36.59.144.235,117.70.150.59,60.175.52.186,114.102.225.214"
oR17p5VxGAN2PibAxe8rcGqpgqW0,1,223.215.141.193
oR17p5Wp88-RZlKQC_acDme6s-6w,1,36.148.183.21
oR17p5XFAq49RpulmF8uNfnFh7lU,2,"223.215.76.226,36.63.99.50"
oR17p5eh-08loi7ehKkVesSodt_0,7,"120.243.197.114,39.144.162.45,39.144.162.41,61.191.79.24,39.144.162.29,120.243.218.212,39.144.162.62"
oR17p5R6mhe5t9Ky-5pxtnZ956Tk,3,"183.161.84.240,114.104.111.136,114.104.107.6"
oR17p5c7PQKHDQHkeCnrbP8jr32Q,3,"39.144.159.10,39.144.159.50,39.144.159.58"
oR17p5VzaCq_4QYtf-7qO9QAN4cE,7,"39.144.38.253,60.173.195.82,39.144.38.193,39.144.38.247,39.144.38.242,39.144.38.244,39.144.38.192"
oR17p5Z_DE8P2GWyeSep5c_RS8dw,3,"120.243.119.138,120.243.118.228,112.29.118.88"
oR17p5WfihVWuFAPJfjaNM1PLoqo,6,"117.67.236.166,124.73.216.173,183.164.114.167,183.164.13.58,223.240.138.186,124.73.205.223"
oR17p5cEqtgTd-JG6leUz9eC0b5E,1,112.27.164.132
oR17p5TDV88nADKQnGqSY28iawH8,1,58.242.81.58
oR17p5dPIIhBbtDevJzNkGqII5xk,4,"60.170.26.20,60.170.26.21,120.243.116.213,60.170.26.22"
oR17p5VO5q7d4ZenUcrI3hwKi2Lo,1,111.39.140.240
oR17p5R5tYQ82i2Olu2TidyKtifU,3,"36.59.211.235,112.32.153.131,218.23.116.7"
oR17p5cCEwbKV2hjLfv_BaEjk2hk,5,"39.144.159.50,112.26.112.206,39.144.159.34,39.144.159.18,39.144.159.45"
oR17p5Qe9rPoko_LoAp-hCkOP6GY,1,180.110.216.53
oR17p5ahybcwjhREkGeIroXcHFEY,7,"58.243.254.65,114.101.145.174,124.112.196.89,58.243.254.170,124.112.196.151,58.243.254.31,223.247.248.54"
oR17p5SRPFBsCg1NUylFhTTi0cWc,3,"220.205.224.177,58.243.155.177,60.170.224.158"
oR17p5VDhUms2i649a53g136Eogc,2,"110.249.158.114,124.239.222.25"
oR17p5UMk32-2v6FrWfS-lvWa6x0,4,"39.144.38.213,183.160.49.222,117.70.148.213,60.173.195.82"
oR17p5ZdDu4lm7SqgiGz_5ENxeuc,2,"36.61.72.172,60.170.119.57"
oR17p5dD3mMn_34Ocbh6QxU-e0mM,2,"114.101.197.37,60.170.156.244"
oR17p5SC8SGtKacQP7ZsaMuS5AAE,5,"223.215.243.81,218.22.57.51,223.215.131.156,223.215.131.235,36.59.23.154"
oR17p5WP9zsI-vXvf7KwG8o0ceIc,7,"39.144.159.217,39.144.159.205,39.144.241.49,220.179.157.46,223.104.36.36,39.144.159.210,39.144.241.31"
oR17p5W3yv-3EA7xYZVZCmbg_qxQ,4,"220.205.232.13,220.205.232.25,220.205.249.219,60.169.22.205"
oR17p5QxkfnVy4ASHqYgA1RKy9vo,2,"112.32.94.68,112.32.92.164"
oR17p5Sq8qQD-Td0KkMdJZ6OKnw4,7,"220.205.225.246,112.123.53.174,220.205.224.10,220.205.248.96,220.205.249.160,220.205.225.52,220.205.252.20"
oR17p5WvJsc6e3nuF8LDJAfIjZ1s,3,"60.173.3.34,39.144.162.144,60.173.45.7"
oR17p5eD4X3F2UVubyDcwrB58GcA,14,"36.63.25.192,36.59.27.25,36.59.242.129,223.246.116.41,60.175.32.92,36.63.26.12,36.60.53.172,36.59.43.216,36.63.24.83,36.59.30.4,36.63.26.125,36.59.226.233,36.63.27.12,223.246.44.173"
oR17p5R9OmmE-ThrM2eGfg-S2_2o,5,"39.144.34.6,112.32.142.52,36.161.100.206,112.32.142.22,117.136.117.184"
oR17p5ZlToec5Rj1pc897ozgpL1s,15,"39.144.38.112,112.32.24.123,112.32.58.102,39.144.38.45,39.144.38.200,39.144.38.69,39.144.38.5,39.144.38.214,39.144.38.36,39.144.38.63,39.144.38.195,39.144.38.127,39.144.38.167,36.159.243.200,39.144.38.230"
oR17p5QQUoCIl190zkyQvn0WXwVI,1,60.175.44.252
oR17p5WPCiAj4U-tG00qHee9jP_I,8,"36.61.5.130,117.70.163.112,36.61.40.79,36.61.5.106,60.171.137.114,117.70.185.38,36.60.37.182,223.246.49.187"
oR17p5dTXNz9CMA-XrCm_VZPlngE,10,"39.144.38.2,114.103.233.228,39.144.38.164,114.103.232.88,117.71.78.18,39.144.38.184,39.144.38.218,39.144.38.25,36.57.120.143,117.71.79.189"
oR17p5TKKzOVK1_yNouboUpaujPI,8,"39.144.38.181,39.144.38.208,39.144.240.253,39.144.38.246,39.144.38.228,39.144.240.251,39.144.38.216,39.144.38.200"
oR17p5WFVbZWjYE1hif7tuInRB9Y,3,"61.190.142.227,36.60.51.146,36.61.59.30"
oR17p5e56tpTzD5tKitzOtWDOMns,5,"39.144.162.73,120.209.124.115,39.144.162.83,39.144.162.92,39.144.162.78"
oR17p5W6ibHXQAnwP5AjrLdsl4wA,4,"111.183.127.201,111.48.114.11,111.48.134.80,103.202.192.245"
oR17p5QdTEvESNVF5MS61zACgaVE,4,"111.48.114.11,111.181.1.171,111.48.134.80,103.202.192.245"
oR17p5QBuC1yE_xRukl44DiZBb8Y,2,"39.144.159.205,36.6.24.113"
oR17p5T3mN-jLf3zlkLD2fJhwpuk,6,"223.246.38.125,60.169.227.154,36.63.242.247,60.167.60.12,60.169.224.200,36.63.241.45"
oR17p5QPdtRvNTCPmFvprThbFEe4,3,"36.59.34.4,117.70.184.233,60.172.0.157"
oR17p5QCB4nHB_I1G9xa3KR3chX4,1,183.167.226.130
oR17p5V2Vf_MOOI17Jtq4rv-iOxI,2,"223.104.36.51,60.173.147.65"
oR17p5ch8XcHaOEpTNUJpHiYTIuE,5,"183.165.228.141,223.215.191.10,114.103.70.45,114.102.238.113,114.101.206.123"
oR17p5QGU8zfpE9O3azwTFNXcfSU,10,"36.59.195.220,36.60.55.45,36.59.62.0,36.60.103.20,36.59.212.3,223.246.255.231,36.60.50.237,36.59.18.74,223.241.100.153,223.246.50.137"
oR17p5WbTQ8CiUbcDUcz-BBOg0jE,1,60.170.183.133
oR17p5Rnba5PvymJNx5xQWpD6HDQ,10,"36.59.115.99,218.22.250.213,218.22.250.217,36.59.115.162,60.174.74.218,36.59.170.96,218.22.250.221,218.22.250.201,220.180.111.220,218.22.250.186"
oR17p5TxsShZPdMQnnRm2TCczeFc,1,221.8.218.66
oR17p5TTYeD-J8tI8-VlmJc8SV24,5,"223.240.166.11,223.240.172.90,223.240.172.153,223.240.167.74,223.240.165.255"
oR17p5VBzdNXy0yOLG-TKXMA5kOw,1,120.242.4.168
oR17p5SxZbmBqH9H2-Ow286BCleA,2,"36.62.196.215,112.29.66.152"
oR17p5RHHQ1XLED0K5KoOVHOETk0,5,"36.56.95.171,36.56.93.4,36.56.88.119,36.56.95.19,36.56.93.240"
oR17p5QwdJARDdx5AxR1J_KTlcWc,3,"220.205.249.122,220.205.252.217,112.32.85.43"
oR17p5S99J6lUyPVSXt2Imc-NOpI,2,"36.60.121.176,114.99.103.32"
oR17p5ToQakW-AtIhJ8055WqAP5o,11,"36.4.149.36,112.28.229.155,112.30.159.38,36.4.151.7,223.215.233.163,112.28.208.5,112.30.158.142,36.4.148.29,36.4.149.234,111.38.234.231,223.111.147.184"
oR17p5RZiLIc6ulkf70oufVN7WrY,3,"223.215.131.235,223.215.131.156,218.22.57.51"
oR17p5SvWvPz64YC6bJ0g82JtyIU,4,"114.106.121.228,114.106.120.96,114.102.218.41,114.106.121.114"
oR17p5cFjYQxl0fKmRVkzjpgVvN4,1,103.202.192.245
oR17p5S3GRGnWlzitQxgOYQk0Q3U,2,"36.61.69.219,111.39.156.4"
oR17p5QJfWEqRnWAxitNrWwGXLIk,7,"183.165.109.94,183.165.111.56,183.165.111.215,36.59.49.154,36.61.40.23,183.165.111.177,183.165.104.99"
oR17p5ReB1cTjh1lphboApDcSvuA,1,114.104.171.128
oR17p5UTjGqRn9fWUD1Qzg2oL27M,5,"218.22.238.217,60.172.220.232,117.57.181.189,117.57.64.61,39.144.160.172"
oR17p5Rdj8T_MgJQY_JJaGQ5ZWqQ,1,60.174.230.41
oR17p5YS6a0UDyv9BSvIt27ylNFQ,8,"39.144.238.109,36.161.7.191,36.161.5.190,36.161.5.183,36.161.7.196,36.161.9.90,39.144.161.24,36.161.9.59"
oR17p5WL9cpW9em5ahS2f5xcplhI,6,"114.102.210.116,60.172.220.232,218.22.238.217,114.102.221.168,117.57.64.61,223.246.200.0"
oR17p5Ulm1e-M-9rA7JJm0u1ZL8Q,2,"39.144.160.226,223.240.52.74"
oR17p5aXTAinwXc_i4AzTwRdljdE,4,"223.104.40.227,223.104.41.179,223.104.41.247,223.104.40.51"
oR17p5S5JggaCaPmrShtvd1iD5p0,1,218.23.56.46
oR17p5Yp506sKsBWhvziKDl87WMg,17,"36.60.56.202,112.32.178.159,112.32.177.252,223.246.181.89,112.32.176.139,112.32.176.177,112.32.181.241,112.32.179.153,112.32.178.196,112.32.177.145,114.101.195.77,112.32.181.98,112.32.177.228,36.59.61.189,36.59.145.237,112.32.178.167,112.32.176.247"
oR17p5R_LllVb3gD1SY9GItCJPug,6,"117.66.165.77,114.101.239.225,124.112.50.58,36.60.44.22,124.112.50.248,117.66.137.219"
oR17p5W7a2IF9My8vNuqeJfwJnnI,2,"36.61.2.125,112.26.233.230"
oR17p5SqLwVhIgUbop2yzPNbv59g,1,36.161.236.203
oR17p5ckqUpzZvST_DZdPvDIGLO8,3,"223.104.35.69,114.104.160.163,183.166.187.4"
oR17p5QpN0Yr8LEGRpIFu8RZ_M4o,2,"36.7.146.54,36.60.87.28"
oR17p5RnR3Mw6xCh0cK2fCp00h-I,11,"223.246.220.171,183.164.108.35,183.164.101.105,183.164.101.207,223.246.202.252,36.60.139.51,223.240.139.175,223.246.94.29,117.67.226.233,117.67.149.43,117.67.241.68"
oR17p5TDrUDfNOWeHUQwh07B1C04,2,"218.23.56.46,60.173.3.34"
oR17p5QsJLnGrMHTjg7r2ZoHvCfY,3,"120.243.116.163,120.243.116.213,60.170.26.21"
oR17p5XUuVXLPsbFmoR2Ez9chY90,1,114.100.50.246
oR17p5QuqQFKr6fNkpVCjhgCLbmA,11,"117.70.164.204,36.60.122.22,36.59.218.76,223.246.122.44,36.59.30.132,117.70.174.102,36.60.54.190,36.59.54.118,223.246.114.65,60.173.130.195,36.59.227.109"
oR17p5RmO5JKJ0lkfZCdBN9p9hSw,3,"114.103.233.228,114.103.232.88,117.71.78.18"
oR17p5SkufIbx5McbafdbtsQbL24,7,"39.144.161.123,39.144.161.105,39.144.161.85,39.144.161.91,39.144.161.71,39.144.161.92,39.144.161.74"
oR17p5QPSU3czojqaT01dBfOnsHY,5,"117.136.103.223,117.136.100.104,117.136.100.141,218.22.191.82,117.136.103.218"
oR17p5XjE3HHhvUe9XyRHby-v_8Q,17,"36.59.180.178,36.59.129.209,36.61.48.109,36.60.49.81,36.60.43.245,223.215.245.192,183.167.19.55,36.60.105.101,36.61.3.207,111.39.134.3,223.246.235.124,36.59.240.213,223.246.101.76,223.246.45.189,36.60.45.235,60.173.156.201,114.101.228.72"
oR17p5WXncgpfjr0ior2XC6rfPDM,18,"36.62.172.91,183.161.129.234,36.6.5.41,183.161.131.13,36.6.7.94,223.246.174.229,36.6.6.212,36.6.5.169,183.165.216.119,36.6.7.185,183.165.219.13,36.6.7.52,36.6.6.82,36.6.7.195,183.161.130.46,36.62.172.127,183.165.216.3,36.6.4.145"
oR17p5X06_utgje6Uw0zJdqNsuT8,6,"183.160.239.134,183.160.6.107,183.160.6.121,36.60.62.100,223.246.101.174,36.59.18.214"
oR17p5Vw72gUCz5OoPrFDywU-psQ,2,"36.60.111.86,114.105.105.46"
oR17p5dhHGUM9Ct6LHncePjINSr0,8,"223.246.239.95,223.246.112.198,36.61.8.166,36.59.253.222,114.101.68.11,61.190.142.227,114.101.69.212,223.246.118.81"
oR17p5S3TQKHQe0t8EZOU18qhxSw,3,"114.101.40.195,114.96.20.247,114.105.105.46"
oR17p5XdN87DNjCt114xs0L28Ydw,17,"60.166.190.178,60.166.190.216,36.6.39.7,114.97.2.255,117.69.173.137,117.69.172.121,114.97.10.176,114.104.218.203,114.97.3.162,114.97.9.188,114.104.217.245,117.69.174.54,114.97.8.209,114.97.3.139,117.69.172.164,60.166.190.156,114.97.0.39"
oR17p5a7Vl-EE3Mek2f862zYPTgY,3,"111.48.114.11,111.48.134.80,103.202.192.245"
oR17p5R5kWZx6DwxNUeSmRufWTnE,10,"39.144.34.200,120.242.20.183,223.104.37.96,39.144.34.174,120.242.19.182,60.172.149.3,120.242.20.8,39.144.34.85,39.144.34.151,223.104.37.76"
oR17p5ePcuJ21LPIj2r52AjCsZkI,1,117.67.249.108
oR17p5Tz05IGXn0ZUkRqDKbyjUqc,16,"36.59.171.38,36.62.85.24,36.62.85.192,36.62.17.170,117.70.190.81,223.246.123.137,36.62.16.69,114.101.14.135,36.59.34.127,36.59.220.111,36.59.19.47,114.101.12.81,36.62.17.82,223.246.101.27,36.62.17.77,36.60.34.101"
oR17p5RQzwHMeqiQnXcA6HDTdM7o,4,"36.161.7.191,223.246.112.109,223.246.53.91,36.161.9.90"
oR17p5bvzoFdnusLbKzn5BEYrKs8,12,"36.59.23.135,36.59.250.90,223.246.113.84,223.246.248.125,117.70.191.130,223.246.97.110,36.59.245.206,36.59.178.104,36.59.33.7,223.246.97.235,36.59.220.89,58.242.184.55"
oR17p5SCFo1ayElX-UYeJvqUh7ms,3,"36.60.196.158,112.26.19.108,112.29.99.205"
oR17p5SEOzhwenlHbflRrX2R9yXg,1,36.32.160.10
oR17p5ZPHETOZ74fflxPigh6Eu3Q,2,"112.32.138.254,36.33.24.209"
oR17p5bp3xvMi7mT9gIAsQLLVQqw,1,183.167.205.51
oR17p5SGMw9CUqmH5c8bevyqw4Hk,15,"39.144.241.34,36.62.205.43,39.144.159.213,39.144.241.44,39.144.159.192,39.144.241.61,39.144.159.237,39.144.159.245,36.6.1.133,36.62.206.102,36.159.197.64,39.144.241.31,39.144.159.225,36.62.148.212,39.144.241.9"
oR17p5cQlyW9f8qo_VGvXNBwCcVg,2,"223.104.33.61,114.104.162.202"
oR17p5Xud9GLdu-FJVGw0rq7r7Wo,1,112.31.108.24
oR17p5dL068Hf2d8X2_qPBiHqs6o,4,"36.60.132.206,36.60.142.1,36.60.130.27,112.26.242.243"
oR17p5UccGRgSOtX8KJVtaXsH1BU,2,"36.60.81.213,58.242.136.165"
oR17p5UOGXi58uFpqhBHx7vDDmGI,23,"39.144.241.0,39.144.159.226,39.144.159.202,39.144.241.35,39.144.241.7,220.179.157.46,39.144.159.207,39.144.159.216,39.144.159.199,39.144.241.53,223.104.36.232,39.144.159.247,39.144.159.238,39.144.241.36,39.144.241.14,39.144.241.48,39.144.241.22,39.144.241.52,223.104.37.225,39.144.241.27,39.144.241.26,39.144.159.198,39.144.159.212"
oR17p5QfLK08JLXensdNLcpcn98g,1,112.29.99.205
oR17p5SZ8m3m52GoPhdrp62d2USw,3,"120.242.231.1,36.148.183.50,36.148.183.21"
oR17p5Wj4JdjDOQYC8oQT-iNb-jQ,1,183.167.205.51
oR17p5f8fFBdYA8pNmh6Nuzgmqvk,9,"112.123.239.85,112.26.19.103,39.144.38.168,112.26.19.110,39.144.38.165,39.144.38.230,39.144.38.164,39.144.38.235,39.144.38.117"
oR17p5WOpu9YLvg7CeK_xFaFN65M,11,"117.64.72.59,36.161.102.72,114.102.245.12,114.103.224.19,36.161.102.161,36.59.206.2,114.102.238.137,36.59.220.203,183.160.124.114,117.71.69.124,114.103.202.33"
oR17p5SaOdk0peYaFLR1fv-wojr4,1,36.6.51.30
oR17p5eBWgczOYjEWPTnK8FytFg4,1,60.173.45.7
oR17p5Se_2a4zDW0kW8e995_GDWA,5,"114.102.238.18,223.246.58.140,223.246.34.224,120.242.219.201,36.59.208.202"
oR17p5aTxepukbx44nzJtoq-StzQ,1,60.173.76.184
oR17p5SjRSx1GYVhn_-BRbkgbqs4,2,"183.165.209.160,36.62.199.222"
oR17p5e_crertP2sva_fTRU9eqq4,4,"39.144.162.38,39.144.162.54,39.144.162.2,39.144.162.60"
oR17p5RAlMzbJVTO25WIkOFE2Umo,2,"117.136.100.89,60.174.220.88"
oR17p5UTruDA3yq0w3MOhnAjsGu4,2,"183.167.195.23,223.104.37.8"
oR17p5fU_CO7XsI6IjVVhKD2FgpY,15,"36.61.53.186,223.246.188.134,223.246.107.17,36.60.42.162,36.59.9.20,36.59.55.130,117.70.186.229,114.102.226.205,36.61.60.18,36.161.43.65,36.60.55.108,36.60.107.214,36.60.45.84,36.59.41.5,36.59.247.74"
oR17p5Sx9iLDcoEklqW71_1UwZQ0,3,"36.63.72.186,36.63.3.61,36.63.1.244"
oR17p5Wu_LuTmH0meAPqcZIVeSLA,8,"220.205.248.103,220.205.249.19,220.205.225.236,220.205.252.0,220.205.249.44,220.205.249.233,220.205.252.174,220.205.249.223"
oR17p5SxFbtPTj3LRScNxp0uwfvg,25,"36.60.33.151,36.59.242.140,114.101.229.153,117.70.182.78,36.61.41.228,36.59.151.141,36.59.132.2,36.61.55.95,36.59.228.164,117.70.191.196,36.60.88.46,223.246.54.122,117.70.143.118,117.70.165.3,36.60.90.155,223.246.170.198,36.60.44.246,36.59.153.242,36.59.137.99,117.70.151.163,36.59.133.162,117.70.137.81,36.59.147.70,117.70.175.226,223.246.101.196"
oR17p5TqS3VsPh9MAPkv-NVrusSw,13,"223.104.37.130,114.102.226.58,114.102.253.179,36.59.128.230,60.174.193.109,117.136.117.6,36.59.43.23,114.102.238.187,36.59.238.220,36.59.154.38,36.60.102.21,36.61.40.159,223.246.96.34"
oR17p5VZFME4FgVjwW79g-lOCW7A,1,220.178.213.115
oR17p5ZmY6a2p5u-vWJSDyB3CxrU,3,"183.164.113.200,124.73.207.245,114.101.228.230"
oR17p5Ryy6I0VjoLRsmBrW9oMTPM,5,"223.215.245.251,36.4.147.167,60.173.3.34,117.71.143.63,36.4.142.73"
oR17p5cVRLaEUJo05wUaReGhJXag,27,"112.32.177.189,112.32.177.252,112.32.181.120,112.32.181.98,112.32.177.137,112.32.181.212,112.32.180.218,112.32.177.221,112.32.179.230,112.32.176.148,112.32.178.159,112.32.181.100,36.61.129.170,112.32.176.226,112.32.176.139,112.32.181.213,112.32.178.130,112.32.177.201,36.60.140.66,112.32.181.244,112.32.176.247,112.32.181.224,112.32.181.241,112.32.181.205,36.60.206.128,36.60.62.8,112.32.176.250"
oR17p5XBcWyWUAFAYDRJ5p5UGtbA,6,"36.63.241.45,60.169.224.200,60.169.227.154,36.63.242.247,60.167.60.12,60.169.226.48"
oR17p5ejI2gJvJt7TefbBRs43CCQ,5,"39.144.159.250,39.144.241.37,36.159.194.174,39.144.159.254,39.144.241.41"
oR17p5VGpet6uGV2TxRIQlO5HPRE,1,124.73.196.101
oR17p5Z03qk7wffUlnZ4sxf1K8ao,1,60.169.22.205
oR17p5SrdqQ3V7OIcfQZS9dOqOyA,1,211.141.184.86
oR17p5Ws6XttBKztGoKCxWrjPDaQ,1,114.105.105.46
oR17p5QDCucMqruAnsIS6vq0HrkQ,3,"36.57.7.140,36.57.4.250,36.57.6.126"
oR17p5YhY77JOh_j5ytGEcrZE3pk,4,"39.144.162.56,39.144.162.47,60.173.70.102,39.144.162.53"
oR17p5RHIdVHbEzTmV_1EP955mgQ,7,"117.67.228.33,117.67.242.59,117.67.236.245,36.32.47.145,183.164.103.137,223.240.137.94,183.164.1.1"
oR17p5aS96Y4iInuv_CwGP779qLI,23,"39.144.160.129,39.144.160.160,39.144.160.174,39.144.160.161,223.242.212.149,223.242.215.140,117.57.189.185,39.144.160.186,114.96.128.84,39.144.160.172,117.57.188.8,39.144.160.178,39.144.160.175,223.242.212.178,39.144.160.176,39.144.160.173,39.144.160.162,39.144.160.151,223.242.214.226,39.144.160.168,39.144.160.184,39.144.160.146,117.57.188.97"
oR17p5aE5_SQNhe3g1PQ_C4VI9Zw,20,"220.205.244.90,220.205.244.9,220.205.242.103,220.205.240.66,36.32.122.37,220.205.240.104,58.242.220.58,220.205.240.137,220.205.244.156,120.242.190.116,58.242.220.35,60.175.255.30,220.205.240.170,36.32.122.68,220.205.245.2,220.205.240.241,220.205.240.83,220.205.240.205,36.32.122.177,220.205.242.43"
oR17p5TYgDrFbTQb7lDTHN-12EwA,4,"223.160.169.67,223.160.171.121,223.160.169.150,112.31.108.24"
oR17p5XG6VrAbDT3LH-rEEjJAbDI,6,"58.20.168.128,113.133.141.160,223.246.229.111,123.171.3.210,27.196.224.190,113.133.137.40"
oR17p5amAhnkEBxvW3lxG4U9b2DA,4,"58.243.254.114,220.205.224.65,58.243.250.108,220.205.224.37"
oR17p5f17FJarW-C9-3_t4hv814I,3,"39.144.161.111,39.144.161.74,60.171.109.62"
oR17p5ZYF6lpCCWSJfpOZkVdya3s,2,"223.215.248.110,60.171.153.98"
oR17p5XG9V6b2KSyzfKmBVpgdp-s,8,"36.61.204.140,36.60.128.160,36.60.136.99,36.60.136.192,60.172.168.225,36.61.196.91,117.64.11.55,36.60.135.227"
oR17p5XGl5wIPWPKWSGgzVqg4yS4,3,"111.48.114.11,111.48.134.80,103.202.192.245"
oR17p5XKXPt9O0bddMLpDCiHIyT0,4,"120.242.255.181,120.242.255.186,39.144.159.5,112.26.233.230"
oR17p5e4XvnQX2SfIlEDxqMwQX-8,1,36.98.34.102
oR17p5XNdmwdDmI5djZ3MS7v5_kA,12,"223.241.223.138,120.243.232.15,36.60.92.136,36.59.213.154,117.65.221.20,36.60.57.216,223.215.237.1,120.243.232.173,223.246.108.8,36.60.84.173,36.59.136.129,36.59.214.175"
oR17p5bMNK4y_O-cL_hRyd0VMm8M,2,"117.136.116.184,218.23.220.37"
oR17p5XS8DWg0yvLexd291uyAki8,2,"223.246.49.82,61.191.250.26"
oR17p5XX9upSXM8PryCtNf3AU6pU,4,"220.205.253.15,220.205.248.171,58.243.46.71,220.205.249.176"
oR17p5ciPOiGkCVS-9K8IZYCegxU,2,"223.246.62.84,223.215.141.193"
oR17p5XZTboQrlDm1iDjVtj6y9L0,3,"220.205.233.33,220.205.233.238,58.243.254.159"
oR17p5d-Tv7o3jzrCsZbG1ub56to,2,"39.144.162.122,114.104.171.128"
oR17p5bQ4-Dp7Z9EHD0V3o0eVLPo,6,"114.105.34.51,60.170.122.17,114.105.34.207,114.105.38.119,114.105.33.115,114.105.36.71"
oR17p5cu0bzITto7QV9U73kpwPMA,5,"117.136.117.44,223.104.35.237,60.173.45.7,223.104.35.112,223.104.35.233"
oR17p5X4G8FV_xNKQ5EWzx1MqLgk,2,"60.171.42.18,124.113.214.251"
oR17p5XZcGKgHJCU6lkxNuvssE2M,12,"39.144.38.2,39.144.38.102,39.144.38.207,39.144.38.172,117.71.68.248,39.144.38.173,39.144.38.204,39.144.38.178,39.144.38.240,39.144.38.8,39.144.38.199,39.144.38.40"
oR17p5XaY-_H2gHT7gvqIv6FPl7c,1,60.170.180.3
oR17p5ezMcKIKBRpcOqb_gNunjkI,5,"39.144.34.115,220.179.157.46,39.144.34.27,39.144.34.163,223.104.36.106"
oR17p5SoWA06kqfjyUwLbF1nHTt4,3,"114.101.199.79,114.101.220.29,120.243.2.147"
oR17p5XimIiCIiq7HEK1Vm2k59Sk,15,"220.205.233.201,220.205.232.121,220.205.248.90,220.205.253.54,220.205.249.22,220.205.253.121,220.205.249.176,220.205.252.30,36.32.244.122,220.205.225.255,220.205.232.29,220.205.249.156,220.205.249.233,220.205.232.217,220.205.252.45"
oR17p5Z58CaQ7z4pvu2uUqDlCqFo,2,"183.160.85.56,36.5.244.88"
oR17p5Xbypo-9Z2VFxklk-sCKrXQ,1,124.65.129.74
oR17p5YDENStduFYwkOKPh3TmtK0,1,111.39.63.61
oR17p5ZzKW2mUSmOMv5xX20RvK1Q,3,"117.71.160.58,223.104.18.107,117.136.117.98"
oR17p5drmJJmx6XBr6SE9t_w5z2A,7,"39.144.159.66,39.144.159.85,39.144.159.72,39.144.159.114,39.144.159.103,39.144.159.94,39.144.159.108"
oR17p5XwglNrs_YKsOYCyVepLYeE,2,"39.144.159.242,223.215.54.255"
oR17p5fACZY6Yw7V3TNueFhP1wBo,2,"183.166.61.10,183.166.61.1"
oR17p5Y0U0S2Ff3vqbR4TP0Dt9b4,6,"36.161.0.136,36.161.11.144,39.144.238.124,60.173.163.99,36.161.10.168,39.144.238.115"
oR17p5byX6fQX6gmt6GBTMvmJ5J8,6,"117.136.101.27,223.104.36.76,117.136.101.229,223.104.18.125,112.26.233.230,117.136.103.148"
oR17p5Y1kf_aNSFfjJAOAFDmUsPI,2,"223.240.52.74,183.167.145.47"
oR17p5Y5E7nV15u5lfGQX0ztXahk,1,183.166.57.247
oR17p5byPzO39ZtJtSDKupykiT4k,2,"39.144.161.71,218.22.169.6"
oR17p5YIIPpbNPhFuFqfpCk-Xybk,2,"36.61.3.224,220.179.136.185"
oR17p5StOOG-kl4TcTlEpbCJ1S14,7,"36.6.235.155,36.6.234.34,36.62.92.127,39.144.160.66,39.144.160.65,36.62.92.76,60.172.40.138"
oR17p5ewprGAcNb8YQmEQ-49N3Hg,2,"49.76.13.55,49.76.129.160"
oR17p5YM4_cdMv7Ps_J9FIenkoMY,3,"27.128.105.171,27.128.43.99,124.239.222.25"
oR17p5YP0n67nXf0-Dax2SKv2nAc,1,36.62.172.91
oR17p5YQsway-hWWxctH2SXtNZuk,1,183.167.219.124
oR17p5fh3-y4NorvFroaJ8hKHtqQ,2,"112.26.19.108,112.29.99.205"
oR17p5YROhohbpmKfD7A3t_yMEZ8,2,"117.70.51.127,223.247.34.88"
oR17p5ZTicng7M8w4L2jwa11ztRs,9,"36.59.39.58,36.61.56.10,36.59.27.58,223.215.197.235,36.60.113.9,36.161.3.216,36.61.40.208,114.101.239.14,36.59.30.193"
oR17p5Z6kd7Xq5YcESg1l3D-xtm0,5,"36.61.196.56,218.104.65.189,218.23.125.210,36.60.130.80,117.64.14.4"
oR17p5YSjX5lQQkJ-RYzADRnqA0I,18,"223.104.35.128,223.104.35.94,223.104.18.122,117.136.101.136,223.104.33.150,117.136.117.188,117.136.100.232,117.136.103.179,117.136.100.100,223.104.33.157,223.104.37.218,117.136.101.109,117.136.117.217,117.136.101.83,223.104.35.106,223.104.37.247,117.136.101.114,117.136.117.211"
oR17p5bX8OKM7Xc7XGMXF0Woz22Q,2,"223.246.82.84,218.23.219.28"
oR17p5YhuO_0Vi83W_JqZM0f9JjI,9,"183.164.121.180,112.32.34.210,39.144.38.229,117.67.208.232,39.144.38.202,39.144.38.248,39.144.38.184,39.144.38.32,223.240.133.39"
oR17p5YjN5oAL5GQbkTxWRkb3i8Q,11,"120.242.27.113,120.242.0.102,120.242.0.84,39.144.241.9,120.242.0.217,39.144.241.28,120.242.27.48,120.242.2.49,120.242.27.13,120.242.2.133,120.242.2.22"
oR17p5VpUHz6q_KGDxnTx8GVkkfE,2,"123.185.77.195,123.185.78.14"
oR17p5YlMAud4l-l0HM0IuLViTnA,2,"117.71.68.248,183.160.253.54"
oR17p5Z_LWBbEHDyBP06Cg_duptI,4,"117.62.48.205,49.65.220.22,36.161.243.29,180.108.32.254"
oR17p5Yn77yPToN72NSY54elKJGU,5,"114.103.214.195,117.71.64.94,223.104.35.72,223.104.35.82,36.57.119.77"
oR17p5Z8_6HzA_SwAlDl13CwhUyM,34,"112.32.179.136,112.32.177.189,112.32.181.120,112.32.177.227,112.32.176.159,112.32.178.196,112.32.176.177,112.32.177.137,112.32.179.230,112.32.181.224,112.32.177.228,112.32.181.212,112.32.180.218,112.32.179.153,112.32.181.98,112.32.177.179,112.32.178.159,112.32.181.100,112.32.177.221,112.32.181.205,112.32.177.201,112.32.176.139,112.32.181.213,112.32.178.130,112.32.180.243,112.32.181.241,112.32.178.167,112.32.178.211,112.32.176.226,112.32.178.158,112.32.177.145,112.32.181.244,112.32.176.247,112.32.176.250"
oR17p5YoHEsdfJ3YTxy7HH8GaYs0,4,"39.144.162.135,36.4.135.254,36.4.131.33,60.173.45.7"
oR17p5e6-Jd7HaeGo8lw-FgIWv1M,10,"39.144.36.238,39.144.37.143,60.170.212.4,39.144.36.137,39.144.36.21,60.170.156.244,39.144.36.39,39.144.37.57,39.144.36.185,39.144.36.49"
oR17p5YsSo6SRcBhzQEr-9OOEEZ4,5,"39.144.162.52,60.173.70.102,39.144.162.25,39.144.162.14,39.144.162.46"
oR17p5db8a1ewmliX6tIjAej8kr4,13,"36.4.189.111,36.4.191.110,39.144.159.149,36.4.191.95,36.4.191.10,39.144.159.128,36.4.189.43,39.144.159.155,36.4.189.201,114.105.129.90,36.4.189.123,183.162.180.254,36.4.189.116"
oR17p5YzQ7fgpI6F56vmqU6ujxg0,19,"36.61.128.210,114.102.205.81,114.102.223.139,117.64.8.131,223.246.70.70,223.246.83.96,218.23.208.93,223.246.70.135,223.246.73.21,36.61.136.226,114.102.192.216,223.246.79.182,223.246.81.43,223.246.94.32,223.246.94.29,36.61.130.206,223.246.93.121,117.64.18.185,223.246.87.185"
oR17p5ZEfYxLvYBVjUV6cVvQHDWg,4,"117.136.101.250,39.144.35.167,60.174.192.202,60.174.192.209"
oR17p5T3xSP93sAVDXUZdlN8glUg,3,"39.144.238.106,60.173.147.154,39.144.238.107"
oR17p5d_F9WzJoTeBpMcXUjk1gtU,6,"112.26.84.67,36.59.41.224,223.246.168.194,36.59.195.30,36.59.248.211,114.101.219.255"
oR17p5SlQjaIWHV0f4VAqArAee8E,2,"27.186.0.88,27.186.4.144"
oR17p5euWLoKg2qDCqGPpUJmAvzA,4,"36.59.10.198,36.60.62.218,36.59.199.84,120.210.132.157"
oR17p5ZF-cHACwwhl-MSkj4OP15k,1,36.4.248.59
oR17p5ZT4IGFm582VZ4t2uj8FCzo,3,"27.184.140.203,27.184.140.114,27.184.142.215"
oR17p5eJrHnBkj3M023PfKO2Hd48,13,"39.144.38.16,114.97.249.86,39.144.38.1,223.215.151.63,39.144.38.38,39.144.38.206,223.247.11.76,39.144.38.251,223.215.138.168,223.247.10.31,39.144.38.57,39.144.38.226,39.144.38.249"
oR17p5ZFQ0tMLbep3FqbsLQ1l0bk,6,"218.23.72.174,114.96.208.248,218.23.73.135,114.96.209.200,114.96.159.99,218.23.75.161"
oR17p5ZFflh0NiXYNJO2b10r5ppc,2,"36.59.136.129,223.241.223.138"
oR17p5ZI0KepQj_zaoGbshZOFWQM,1,220.179.229.7
oR17p5ZMAM3_HqRrFkXxKbMZaQrw,3,"39.144.159.47,39.144.159.43,60.171.153.98"
oR17p5ZnCcCY9wO4pPiz67r4CaGs,3,"223.246.238.100,36.60.72.199,60.170.183.133"
oR17p5ZOMoLNXFhYClLIbmpTQKkM,9,"117.64.17.73,36.161.128.153,117.64.2.122,36.161.129.35,36.161.129.39,36.161.129.127,36.161.128.155,36.161.129.24,58.242.87.162"
oR17p5ZUZYqY8G-LXzvUEL-kiiGM,2,"27.186.0.88,27.186.4.144"
oR17p5ZVHl5bQPzbS_2OpcMxPmh8,1,60.173.82.22
oR17p5ZlOqGT5OcSTArN3MEQ5VfU,12,"117.70.173.174,36.59.38.153,36.59.137.105,36.59.130.172,36.61.5.212,223.246.98.47,36.61.2.221,183.167.19.193,223.246.108.58,117.70.141.11,36.59.132.141,223.215.236.142"
oR17p5aAQ4VERqzBHQgA109DWNzo,1,36.4.248.59
oR17p5aeLsg3Dn8yDeW9qQjSmzFs,5,"36.63.51.118,36.34.72.124,36.59.37.121,36.63.99.106,36.59.219.118"
oR17p5dBM5bJhJVHIKPZMNC9xJOE,2,"111.48.134.80,111.48.114.11"
oR17p5ZpvnztLuJpiLTJ1hMUCkZM,1,112.27.82.17
oR17p5ZvEgG9DK8skLGRTjTA3jzQ,2,"36.63.181.236,36.63.180.2"
oR17p5a3P2lNE-d6eFlwRgjyfsxM,11,"117.136.102.33,39.144.35.69,39.144.35.61,39.144.35.73,39.144.35.127,39.144.35.247,39.144.35.244,39.144.35.132,39.144.35.134,60.174.93.89,223.104.33.55"
oR17p5aAMzRlJIwbMTi-wSDnI3Kk,2,"36.57.119.77,117.71.64.94"
oR17p5VrUPO3XmNlBttf0S26Js2g,5,"117.136.103.246,218.22.169.6,223.104.18.66,117.136.103.32,117.136.103.4"
oR17p5aCEMwg-rK0D1wpn3tFXbBA,2,"218.12.19.105,101.24.31.176"
oR17p5aQ97oYjcg4Y5qG_5T_c_uY,5,"39.144.106.88,39.144.45.59,117.186.6.169,39.144.40.172,39.144.43.178"
oR17p5aR5xNXVMNhRRkQwS8dSmbQ,17,"36.61.7.253,36.59.179.238,223.246.255.209,36.61.0.41,36.59.134.124,111.38.37.41,36.60.127.186,114.102.240.1,223.246.191.160,223.246.251.84,223.241.254.107,36.60.77.102,120.209.49.108,36.61.44.108,36.59.27.187,36.59.245.155,117.70.165.210"
oR17p5aRTQHbhohbjA2h9QwjkFQs,2,"39.144.159.26,60.175.3.67"
oR17p5cUgiRO5HPkzTbj6IoHngMg,14,"39.144.160.37,39.144.160.94,39.144.160.54,39.144.160.19,39.144.160.117,39.144.160.57,39.144.160.83,39.144.160.52,39.144.160.97,39.144.160.76,39.144.160.89,39.144.160.5,39.144.160.47,39.144.160.105"
oR17p5ahrLpL9h7oTPhFEV93oOB8,5,"117.136.117.183,112.26.19.108,117.136.101.217,112.32.142.38,117.136.117.203"
oR17p5aRhpexPeoBh1EThz6GytRY,2,"183.167.33.82,223.245.217.51"
oR17p5SR-HnCG4Vw7e4ncy8gtPT4,5,"114.104.128.1,114.104.219.44,114.101.223.161,114.104.171.128,223.246.247.29"
oR17p5aUw3EIFi7W5rTpLmLeHQWk,6,"114.102.242.189,117.70.190.59,60.171.116.203,36.60.105.166,223.246.170.118,114.101.197.100"
oR17p5aVOLMfqHcgw9IwQVCWus8s,5,"36.59.16.185,36.59.43.216,117.70.138.185,36.59.135.202,60.175.3.67"
oR17p5aY6HI5gxnxOpqOGEYuoCE8,2,"114.105.14.62,114.105.13.24"
oR17p5aZMoXXwGXsEXNUkQCUosUg,8,"223.246.113.110,36.60.100.180,117.70.160.127,223.215.252.160,218.22.191.82,36.59.218.3,36.59.218.90,36.60.47.87"
oR17p5VK4YoHRgZnrYW85P3Q0QOM,5,"36.159.243.200,112.32.56.83,39.144.38.36,39.144.38.28,39.144.38.243"
oR17p5acarokwRO7asmxz_6IT26w,6,"114.107.222.37,36.4.200.43,36.4.201.35,114.105.148.121,36.4.248.59,36.4.200.246"
oR17p5T4I_47pMagfmi30IBt8U40,4,"58.243.237.48,220.205.224.133,220.205.249.94,60.170.26.22"
oR17p5adAvQDPlu4rAsIeVR2f6PY,4,"114.100.50.107,39.144.34.233,120.243.29.251,60.173.130.195"
oR17p5Q1eomFMPC73SB4usuOtzwQ,11,"114.102.209.173,36.60.143.35,117.64.31.153,36.60.142.219,114.102.198.98,36.61.201.166,112.26.8.177,223.246.76.123,223.246.205.112,36.61.167.56,36.61.165.143"
oR17p5d_zrjiOF5XQ8oGal35Z4Nc,1,223.241.100.153
oR17p5akuEF8NGxzP8kL2aA48UA0,2,"124.73.196.101,117.67.249.102"
oR17p5ULFy2SUJg30ueIscqc-nHI,2,"112.26.19.108,112.29.99.205"
oR17p5SGXc8WkccuPlZfs3IvRjWE,19,"183.165.209.160,183.165.211.147,36.62.199.222,36.60.112.58,36.59.32.206,36.59.153.105,36.59.29.83,223.246.124.119,36.62.198.1,36.59.156.186,223.246.186.231,114.99.219.113,36.60.113.74,223.215.230.224,36.59.221.168,223.246.254.15,114.101.193.218,114.101.237.216,114.101.239.235"
oR17p5ROZZ9qjfByM5FqvFckI6Lg,4,"218.22.147.83,58.242.75.132,223.244.226.15,58.242.75.131"
oR17p5a2zn36jv8NBwOXvILYRO-g,2,"39.144.162.141,218.22.185.132"
oR17p5aqk6e_siE5gQejDGqNqySM,2,"39.144.34.110,112.27.239.12"
oR17p5VqiQEWP9irdS3XpYFRo0e0,10,"39.144.241.42,39.144.159.201,111.39.110.124,39.144.159.255,39.144.159.238,112.26.6.109,39.144.241.40,39.144.159.249,39.144.159.222,39.144.241.39"
oR17p5bAA_Mvw3aW5HOOtbt7IBi8,12,"36.56.88.8,36.56.95.171,36.56.93.4,36.60.198.71,223.246.86.251,36.61.203.39,223.246.93.81,36.56.88.119,36.60.204.61,36.56.95.19,36.61.174.144,36.56.93.240"
oR17p5bKh4YStCP64V4CXwZ6svVM,6,"39.144.159.53,60.171.153.98,120.242.222.199,39.144.159.32,183.161.51.71,39.144.159.3"
oR17p5cizngpyHf8HXI4BQrTdKqE,12,"36.63.98.64,39.144.159.61,39.144.159.30,120.242.230.0,223.215.76.79,36.63.97.70,36.63.50.175,60.175.17.147,39.144.159.34,39.144.238.157,39.144.159.59,183.161.29.166"
oR17p5e3U0qV1WS02n7HRzjXnpDE,2,"36.161.23.219,60.170.119.57"
oR17p5bQooDe3ko3j9hRFN4KQr4M,4,"36.7.210.30,36.60.58.24,36.7.209.52,218.22.185.132"
oR17p5eLEjPKflVnErxnavYguneE,7,"39.144.38.181,39.144.38.28,39.144.38.155,36.34.9.191,39.144.38.144,39.144.38.148,39.144.38.54"
oR17p5fngbfhMzIFVo6ThGy-UMXg,6,"36.62.149.180,36.62.207.12,36.62.151.160,36.62.148.21,36.62.150.90,36.62.149.171"
oR17p5bS6iKpeI1N5zeTdwSfiUCs,12,"183.164.39.27,183.164.63.142,183.164.22.138,183.164.62.202,117.64.69.42,117.67.239.8,183.164.13.136,183.164.113.200,183.164.1.132,183.164.62.82,117.67.159.243,124.73.207.245"
oR17p5TBq3f5dPYkFZLYoaGj2v9s,4,"117.136.100.177,117.136.101.130,117.136.101.90,114.99.185.184"
oR17p5bV1utdcLMY9BhapFY6X4Qg,18,"223.104.33.158,223.104.18.66,117.136.103.30,114.105.73.115,117.136.117.84,117.136.117.44,117.136.117.121,117.136.116.224,114.105.72.164,114.100.246.38,114.105.92.200,117.136.117.42,114.105.72.145,117.136.117.54,114.105.87.62,117.136.117.154,117.136.116.197,117.136.117.139"
oR17p5flDE653yevwXUCGfso7NW8,3,"223.240.53.83,223.240.52.74,183.167.145.47"
oR17p5bhsdPipu5vn2e-ooAAh5no,26,"36.61.75.8,36.60.129.57,223.246.198.74,223.246.194.207,36.61.140.50,36.60.199.51,223.246.223.116,117.64.17.101,117.64.28.204,36.60.137.186,220.180.157.131,114.102.195.221,117.64.1.126,36.61.143.14,223.246.79.26,36.61.165.156,36.61.164.98,36.61.206.59,114.102.217.18,114.105.73.160,36.61.171.217,117.64.1.141,223.246.94.31,36.61.74.101,36.61.207.201,36.61.134.151"
oR17p5fE7dLEqhXQ0HExNi8Semx4,1,61.133.143.40
oR17p5VtYKULj6jUBWaCY8Aq52cI,6,"36.60.41.254,117.70.136.86,36.59.240.156,117.70.139.175,60.170.156.244,223.246.50.39"
oR17p5biQ09cTeq7h-CXKs1O9HQk,5,"117.70.157.66,114.105.13.24,36.59.255.1,114.105.14.62,223.246.255.129"
oR17p5bpSDdpKmx-FiPIgHpxm8HQ,1,60.169.22.205
oR17p5bswDuBWa_Cpbg9ey5ML2ZE,3,"120.243.219.130,120.243.222.249,39.144.162.32"
oR17p5c7UBSNXut4MXgzKlI8XQ8o,6,"39.144.241.27,223.244.226.15,58.242.75.132,218.22.147.83,58.242.75.131,39.144.241.45"
oR17p5cDpM3C1iqAD3faOMOHSHKs,1,120.209.32.20
oR17p5QQGjeHnSU-_B0ov-yVh6QQ,2,"36.60.113.75,36.33.24.209"
oR17p5cH5Cb-uzOuUfyLDTGYO5LI,8,"36.4.186.119,114.98.55.61,114.98.54.226,36.59.112.41,39.144.159.135,36.4.184.196,36.59.112.118,36.4.186.147"
oR17p5UJo1QYxJwaV5NCERJr1vsc,18,"39.144.160.113,114.105.85.138,36.159.134.188,114.105.86.8,39.144.160.20,39.144.160.126,114.105.87.62,114.105.86.117,114.105.72.164,114.100.246.38,39.144.160.63,220.180.169.153,114.105.75.188,114.105.73.115,39.144.160.120,114.105.72.40,114.105.84.242,114.105.85.94"
oR17p5cMlN0Zc5M45CiSvqj3BhFw,3,"114.106.115.97,114.106.112.2,60.169.22.205"
oR17p5cTjehZZNl0G8sSweeo4we0,1,120.243.109.201
oR17p5evXA5ASJJy7ZwQ0rczjtVM,2,"60.173.3.34,218.23.56.46"
oR17p5TJ7nK-Ewq1xNFJLneslvik,2,"117.136.101.15,61.191.149.220"
oR17p5bmB-XHFw9gmKKVP4vk1DSg,3,"120.243.108.74,39.144.159.116,120.243.109.201"
oR17p5cdgfQx_SUcQ7L5iBaLS60Y,1,218.23.2.123
oR17p5aA-ATX1XuqgfV1VTdT3Xcw,3,"112.123.239.85,117.70.159.246,36.60.93.192"
oR17p5cqTP3gC0SHpDZFyzxI5vzQ,12,"211.141.223.21,39.144.161.76,112.132.249.154,58.242.131.172,39.144.161.79,39.144.161.112,39.144.161.97,218.22.173.89,39.144.161.106,39.144.161.66,39.144.161.69,117.65.242.188"
oR17p5ctcqvuZkCxPfLilmFt2ARc,8,"27.184.145.165,183.197.43.65,27.184.136.156,27.184.142.215,27.184.140.114,27.184.140.122,27.184.140.203,183.197.43.173"
oR17p5dLyoTRbP4z2bVycJIkcPeY,2,"223.246.32.245,112.26.237.33"
oR17p5YrbFT2qPiJFcGjF8cx9x2U,8,"114.103.246.136,117.64.74.156,36.57.99.85,36.57.116.215,36.57.119.236,114.103.238.142,117.70.139.69,117.64.84.22"
oR17p5cu2RM36pdw775cM_4ssVuA,4,"223.104.35.102,223.104.35.231,36.161.0.90,112.53.236.74"
oR17p5cxpnBqvEQHWdMUjR_MqG2A,3,"223.215.252.248,223.215.243.114,218.22.21.251"
oR17p5cz9IaX-_PUqozSektQPobs,7,"36.7.50.27,183.167.104.180,183.167.106.22,183.167.105.23,183.161.248.57,36.7.48.74,36.4.123.239"
oR17p5czNaPB-B-7RWsLxkq1iP94,2,"27.184.140.203,110.228.59.140"
oR17p5aI-aC6CtiZdIa9jliLRD1k,4,"39.144.238.43,39.144.161.166,60.169.22.205,36.63.236.184"
oR17p5dCsgjwA6H2HFJSxJOpMpRc,8,"101.90.11.98,101.82.206.132,114.92.226.79,114.92.225.63,101.82.108.220,114.93.184.34,101.90.62.233,58.40.21.225"
oR17p5dTtI_k4WfodNjsVXdCQesc,4,"36.7.210.167,36.7.208.239,117.136.103.224,36.7.210.8"
oR17p5fjL9LS3NFzVKl6y06xPasQ,3,"36.62.227.4,36.62.227.255,183.165.207.255"
oR17p5dWkicEo5A3UhFAUjgU35OQ,5,"117.65.252.226,36.61.128.23,36.61.139.14,117.65.170.110,117.65.169.176"
oR17p5Uu0iWMcY7rxpHlh_zAVpIM,1,112.132.249.171
oR17p5dXCWrhsHTqyayEIDOswR0w,7,"117.65.177.127,223.241.225.121,120.243.239.73,60.171.85.158,117.65.179.11,114.96.40.90,114.96.41.0"
oR17p5dbLpFsQZpCuy9JP_21D1tU,5,"117.67.228.112,124.73.208.241,39.144.38.109,117.67.158.127,124.73.197.91"
oR17p5dcNl8ghj_-ZvR1LYm_mxZk,6,"36.60.52.177,36.60.84.176,60.174.34.66,36.60.48.114,114.101.219.147,36.59.153.44"
oR17p5ddLoxPtTWTAojkv1XQMM50,5,"117.136.101.15,218.23.109.61,112.32.119.145,117.136.118.228,117.136.117.247"
oR17p5dh68AdECIdHLti6hX81VI8,4,"114.98.96.147,39.144.241.45,183.161.185.90,36.62.250.25"
oR17p5dE-Ye3RTI88137n4YDo90c,8,"39.144.38.132,39.144.38.240,39.144.38.34,39.144.38.144,39.144.38.46,39.144.38.32,117.71.63.75,39.144.38.82"
oR17p5eCxJUlRksGMQytWuVKxB5k,3,"1.204.64.113,1.204.40.103,1.204.59.40"
oR17p5eDvK4sCoApimfhn_PM56hI,4,"39.144.238.117,39.144.161.55,111.39.140.240,39.144.161.28"
oR17p5cMVw3PR4Lx33pDsUunV89g,4,"60.167.79.122,39.144.161.191,120.242.107.218,60.167.79.181"
oR17p5eEONHlOIBoVP5DVKDGoME0,2,"218.23.20.210,218.23.20.211"
oR17p5eF2H1MUsdeQBXe73IDejBk,2,"36.61.8.99,114.104.174.233"
oR17p5eKnPgGyPdY0JdCz6XgodRo,20,"223.160.186.75,223.160.188.24,223.160.187.210,223.160.188.38,223.160.189.116,223.160.189.41,171.218.205.46,223.160.187.35,125.69.11.177,223.160.186.103,171.218.227.216,218.88.71.146,223.160.191.34,223.160.191.91,171.218.204.35,223.160.191.4,223.160.188.58,171.88.108.212,125.69.37.222,171.218.178.42"
oR17p5ecMicicSYIDY08buyCwa3k,19,"223.104.37.195,223.104.36.6,223.214.250.151,223.244.168.39,223.104.37.66,223.244.154.20,223.104.36.227,223.215.39.165,223.104.36.98,223.215.38.117,117.136.117.151,223.244.155.116,223.104.36.74,223.214.251.156,39.144.34.235,117.136.118.20,60.172.132.149,223.104.36.152,39.144.34.127"
oR17p5eynvbs5v4p9rQZTtec_QI4,7,"111.38.189.115,114.99.134.153,220.178.177.29,120.242.111.129,39.144.161.140,120.242.111.173,36.63.202.222"
oR17p5SEpcYVrQdHqEXgii2zUPTk,1,111.39.168.75
oR17p5fCjQuNj1mdt9k5xjR34908,1,220.179.229.7
oR17p5fDC8N89cd_btXV1Bj6Bshc,2,"220.205.252.188,60.173.155.51"
