_id,openIdCount,ipCount,totalDuration
3744b0c410a811ec8871b07b25146e9e,1,5,62.18412666666666
92df012010cb11ec8216b07b25146e9e,1,5,73.97594861111111
856fbac210ab11ec8871b07b25146e9e,2,5,47.734951388888895
0649a8f310c411ec8216b07b25146e9e,1,1,37.186101666666666
6392e9b510cb11ec8216b07b25146e9e,1,2,4.279658333333333
aec7d80f6e9711ecb369fa164011f743,3,1,2.624530555555556
5e4ed3ea10ab11ec8871b07b25146e9e,2,1,53.847770833333335
38c2c3b110a811ec8871b07b25146e9e,1,3,40.0997375
d354abaf10a911ec8871b07b25146e9e,2,2,30.43322722222222
dafe0ae410c111ec8216b07b25146e9e,1,1,39.1845
dff0ad7f10ab11ec8871b07b25146e9e,1,1,30.158448333333336
f4ef2d2110ab11ec8871b07b25146e9e,1,4,45.80186916666666
aae81ac710aa11ec8871b07b25146e9e,1,2,44.42490055555556
be7d88ed10aa11ec8871b07b25146e9e,1,1,0.3663180555555555
df72634b10c711ec8216b07b25146e9e,2,3,20.294252222222223
e307dbed10ab11ec8871b07b25146e9e,1,1,51.168968333333325
6be64af410ab11ec8871b07b25146e9e,2,1,66.40510611111111
dab008ed10c111ec8216b07b25146e9e,3,1,138.15768805555555
db7bf9c310ab11ec8871b07b25146e9e,1,1,50.69059444444444
ec3a8fea10aa11ec8871b07b25146e9e,1,3,86.27949027777777
a68d9fdc10ab11ec8871b07b25146e9e,1,1,28.47234722222222
ce827cdd10ab11ec8871b07b25146e9e,2,2,29.446805277777777
7ce92b9810a811ec8871b07b25146e9e,1,1,0.2908552777777778
88ca3da310ac11ec8871b07b25146e9e,1,1,23.8137925
720488cd10a911ec8871b07b25146e9e,1,2,46.13588277777778
8143349a10cb11ec8216b07b25146e9e,1,2,5.017361111111112
62e9c78610ab11ec8871b07b25146e9e,1,1,37.86028138888889
1de890f310ab11ec8871b07b25146e9e,1,2,42.13855416666667
f37d7af2ea4311edab80fa164011f743,3,4,70.9848638888889
18d628aa10a911ec8871b07b25146e9e,3,4,74.73677333333333
a6b4cc2a10ab11ec8871b07b25146e9e,1,1,5.514753611111112
8d73fb5310ac11ec8871b07b25146e9e,2,5,57.42786361111112
008db36310a811ec8871b07b25146e9e,2,4,56.32832
5de66b4810c111ec8216b07b25146e9e,2,4,69.39764916666667
1e78015e10ac11ec8871b07b25146e9e,2,3,36.74743361111111
d6769b2210a711ec8871b07b25146e9e,1,1,50.047581666666666
4ab4a91a10ac11ec8871b07b25146e9e,2,1,3.2387647222222222
4044d4f310a911ec8871b07b25146e9e,3,1,143.29343166666666
5ab56fb910ab11ec8871b07b25146e9e,1,1,48.78717916666667
0d26fc2610aa11ec8871b07b25146e9e,2,1,50.75445194444445
1785847410a911ec8871b07b25146e9e,4,3,55.81124222222222
9dd454446d2011ecb369fa164011f743,3,3,67.88765944444444
0dc2883c10a911ec8871b07b25146e9e,3,1,47.36185555555555
a31e697510a911ec8871b07b25146e9e,2,1,21.908299722222225
dd59b9da10a811ec8871b07b25146e9e,1,3,6.814130555555555
5650bdf110ab11ec8871b07b25146e9e,2,1,65.88881861111112
36ffed0210ab11ec8871b07b25146e9e,3,6,64.52556027777777
ffee623010a711ec8871b07b25146e9e,2,5,65.75737111111111
385ea20810a811ec8871b07b25146e9e,1,1,5.964106388888889
a1bb5f1010a911ec8871b07b25146e9e,2,5,47.29030416666667
cf510b1410c611ec8216b07b25146e9e,4,2,55.06134444444445
9ee1b4e410a911ec8871b07b25146e9e,1,1,39.31853305555556
d65fe1fc10ab11ec8871b07b25146e9e,4,1,183.83186138888888
c1a7b33410a911ec8871b07b25146e9e,1,1,43.85267388888888
6b570fe110ab11ec8871b07b25146e9e,1,3,49.65573944444444
7a42bd2c2ce111ecb7eafa164011f743,4,4,80.86404222222222
4c20a42110ab11ec8871b07b25146e9e,1,1,38.06446388888889
07d1050d10ca11ec8216b07b25146e9e,1,1,27.67681361111111
149643dc10aa11ec8871b07b25146e9e,2,3,53.98095055555555
8ed51b5010a911ec8871b07b25146e9e,6,17,180.74523583333337
5daa131c10ab11ec8871b07b25146e9e,3,7,52.46307166666666
a4d162ee10c911ec8216b07b25146e9e,2,6,42.28801583333333
a46bfcd310a911ec8871b07b25146e9e,3,5,100.53814222222222
31029a1110aa11ec8871b07b25146e9e,3,1,40.886230833333336
e9e8eeb310aa11ec8871b07b25146e9e,2,6,38.567013888888894
ea92213310a911ec8871b07b25146e9e,1,1,43.91741111111112
fb70a78e10a711ec8871b07b25146e9e,2,1,52.441287222222215
af5e828d10a911ec8871b07b25146e9e,3,4,45.41038027777778
ab46c96c6f9311ecb369fa164011f743,2,7,55.50684861111111
456b81c610a911ec8871b07b25146e9e,1,1,6.927660833333333
8a9564c310a811ec8871b07b25146e9e,1,2,31.332981666666665
769aed3510ab11ec8871b07b25146e9e,1,1,61.52476055555555
b8025df710aa11ec8871b07b25146e9e,2,5,36.36049527777778
d073b49710aa11ec8871b07b25146e9e,1,4,91.01726305555556
fb86178210a711ec8871b07b25146e9e,2,4,53.62258527777778
4b61556710ac11ec8871b07b25146e9e,2,3,37.493293888888886
37822b4ca9ae11eca4f5fa164011f743,3,7,64.10297083333333
e6f3c51e10c311ec8216b07b25146e9e,1,1,60.54898638888889
c660ca2210a811ec8871b07b25146e9e,2,2,2.5196588888888893
4c6da50c10ab11ec8871b07b25146e9e,1,1,77.94651472222222
d04d68a410aa11ec8871b07b25146e9e,5,5,41.42799888888889
7005f70e10ab11ec8871b07b25146e9e,2,2,18.76537722222222
f847e26a10a711ec8871b07b25146e9e,2,16,47.40518527777777
0ad217e96e3011ecb369fa164011f743,3,1,6.582874722222221
0ec395a110ac11ec8871b07b25146e9e,2,2,35.04820527777778
b795c55c10a811ec8871b07b25146e9e,1,4,31.699174444444445
f57b83fb10a711ec8871b07b25146e9e,1,2,30.223889444444445
200008bb10ab11ec8871b07b25146e9e,2,7,83.70457333333333
8ba62c3c10a811ec8871b07b25146e9e,1,1,15.975170833333332
61bfe25510ab11ec8871b07b25146e9e,2,2,26.34778083333333
847103c710a811ec8871b07b25146e9e,2,2,23.278199722222222
3716c7f96dca11ecb369fa164011f743,1,6,59.79659972222222
60fb468f143011eca228fa164011f743,1,3,32.374425277777775
140d600a10ac11ec8871b07b25146e9e,2,2,13.308311666666668
00ed70b910c511ec8216b07b25146e9e,2,3,20.37002194444444
360fa26810c711ec8216b07b25146e9e,2,3,30.44081027777778
5dfa2c2d10a911ec8871b07b25146e9e,2,2,51.1938475
6293147210a811ec8871b07b25146e9e,1,1,50.19295361111111
52fbb3e210ab11ec8871b07b25146e9e,1,2,0.3478738888888888
b72ad8d6332c11edbf26fa164011f743,4,4,37.134569166666665
cfe061cf138311eca228fa164011f743,3,3,63.90533111111111
3a9b4456e94c11eca3e4fa164011f743,2,2,43.22701527777778
a003dca210a911ec8871b07b25146e9e,2,1,161.1995061111111
32f1f39210bf11ec8216b07b25146e9e,2,1,94.04645444444444
60e2b28910ac11ec8871b07b25146e9e,1,2,24.012000277777776
1bd34b0d10a911ec8871b07b25146e9e,2,2,29.25520722222222
011e406010ab11ec8871b07b25146e9e,2,2,67.35277611111111
aa07cf0a6dd611ecb369fa164011f743,1,5,48.13367222222222
567f929d10a811ec8871b07b25146e9e,4,1,50.45933111111112
dcaf1bd110a711ec8871b07b25146e9e,1,2,27.42811527777777
30adb56410ab11ec8871b07b25146e9e,2,1,237.8747058333333
481d60bb10a911ec8871b07b25146e9e,1,1,68.65396222222222
1483cc7a10a811ec8871b07b25146e9e,1,1,51.54526944444444
7c90830f10ac11ec8871b07b25146e9e,2,2,27.81181027777778
3746e8cf10a911ec8871b07b25146e9e,3,4,66.66919166666666
4b78996810ab11ec8871b07b25146e9e,1,1,194.80869583333336
fa2ebabd10aa11ec8871b07b25146e9e,2,3,113.72180888888887
6cf8b0c910ab11ec8871b07b25146e9e,1,2,32.94131027777778
f5f31a7410a911ec8871b07b25146e9e,1,1,4.862281111111112
1ce8551856e511eeb806fa164011f743,1,2,22.862671111111112
d3a932c810ab11ec8871b07b25146e9e,1,6,47.38903055555556
476c157310ac11ec8871b07b25146e9e,1,1,4.856434444444445
81f5f5ea10ab11ec8871b07b25146e9e,2,1,0.2764580555555556
34ec139f67a811ecb369fa164011f743,2,3,29.07578638888889
9352e74da40811ec93eafa164011f743,4,10,115.81660583333334
36a9551010ab11ec8871b07b25146e9e,1,1,41.29871472222222
488fa0ab10a911ec8871b07b25146e9e,2,1,55.64814388888889
84cb701310ab11ec8871b07b25146e9e,2,2,41.65781861111111
9c11c7ad10ac11ec8871b07b25146e9e,1,3,40.32642138888889
f06bb81410a911ec8871b07b25146e9e,2,2,43.41235666666667
3ee7c73310a911ec8871b07b25146e9e,2,2,40.7162975
2ab88fd810a911ec8871b07b25146e9e,1,4,64.96810694444444
38dfd54310a811ec8871b07b25146e9e,1,2,30.014274722222225
5f705aee10a911ec8871b07b25146e9e,1,1,72.96769111111112
1b037b0510a811ec8871b07b25146e9e,2,1,43.16118222222222
d0b8c12310aa11ec8871b07b25146e9e,2,6,28.683034166666665
c2f2e6a36ee811ecb369fa164011f743,2,2,1.6771641666666668
923e71cd10c311ec8216b07b25146e9e,1,1,11.610859166666668
c0bf14db10a811ec8871b07b25146e9e,2,2,32.958666111111114
91831d45703a11ecb369fa164011f743,2,6,31.801938888888888
bc2280f010aa11ec8871b07b25146e9e,1,1,66.82381277777777
27eb35f910ab11ec8871b07b25146e9e,2,2,28.31568777777777
33857bdc10ab11ec8871b07b25146e9e,1,2,51.23219333333334
89f3ec7210a911ec8871b07b25146e9e,2,1,54.115811944444445
9c70475010ac11ec8871b07b25146e9e,2,2,52.917251666666665
30b1f25b10c511ec8216b07b25146e9e,2,4,59.74982694444444
2287c30510ab11ec8871b07b25146e9e,2,5,89.06781083333334
8b65bb0010a811ec8871b07b25146e9e,2,1,28.992869444444445
3564f11410a811ec8871b07b25146e9e,2,4,11.965854166666666
c549011e10c211ec8216b07b25146e9e,4,7,59.832855555555554
ccfce44510ab11ec8871b07b25146e9e,1,1,1.3737975
a465b4ab7c3e11ecb17dfa164011f743,2,3,70.08317722222222
927b84bb10ab11ec8871b07b25146e9e,2,2,35.62654138888889
9862925a10a911ec8871b07b25146e9e,2,2,37.59422277777777
3b66774a10a811ec8871b07b25146e9e,1,1,38.2364275
81f2989610ab11ec8871b07b25146e9e,1,3,31.377036111111117
d558c24d10a711ec8871b07b25146e9e,2,2,144.37779916666665
759fcdfc10a911ec8871b07b25146e9e,1,2,38.22358972222222
4b712bb910a911ec8871b07b25146e9e,1,6,41.54384083333333
8820584710a911ec8871b07b25146e9e,2,1,63.15451527777778
815e5d9310ab11ec8871b07b25146e9e,1,5,77.1274686111111
cde4c1f810ab11ec8871b07b25146e9e,2,1,14.533339722222223
72e59aab10ac11ec8871b07b25146e9e,1,2,48.03375083333333
a55e132f10a911ec8871b07b25146e9e,1,2,63.24381222222222
295a0bef10ac11ec8871b07b25146e9e,1,3,60.24664805555555
f7b4757f10c111ec8216b07b25146e9e,1,2,43.03076416666666
15841b866eac11ecb369fa164011f743,2,2,56.145537222222224
ffa8aa3310c111ec8216b07b25146e9e,1,3,42.622603055555565
24d6bd46a8e911eda9defa164011f743,3,4,58.13068583333334
0c4b3c7d10ac11ec8871b07b25146e9e,1,2,20.28623444444445
f0aefce210ab11ec8871b07b25146e9e,2,1,69.52852805555555
d810449a10ab11ec8871b07b25146e9e,1,1,52.32814805555556
d9616dfe10aa11ec8871b07b25146e9e,2,3,164.50211666666667
7ccd51ad10cb11ec8216b07b25146e9e,1,1,62.26809388888889
c8be454c10a911ec8871b07b25146e9e,2,1,37.06011416666666
f3cc6e7110a711ec8871b07b25146e9e,1,1,11.026549444444443
b3ea457210c111ec8216b07b25146e9e,2,11,64.31880777777778
0220742910a811ec8871b07b25146e9e,1,1,49.96008194444445
e839787cb34d11ed82a1fa164011f743,3,1,37.446010833333325
4e3d34f810a811ec8871b07b25146e9e,3,2,5.638900277777778
8d33869310ac11ec8871b07b25146e9e,2,1,36.57844638888889
78087d5f10ac11ec8871b07b25146e9e,1,2,30.508107777777774
284abafa924111edb6a3fa164011f743,5,4,52.20768444444444
d6aaf75410a711ec8871b07b25146e9e,4,1,58.88362361111112
87ae525510a911ec8871b07b25146e9e,1,2,93.90480722222222
aa935e2310a811ec8871b07b25146e9e,1,4,51.53981416666667
8b27e1e410c211ec8216b07b25146e9e,1,1,31.18441111111111
41f17fc810a911ec8871b07b25146e9e,1,1,135.6153775
3d549fcc10ab11ec8871b07b25146e9e,1,2,24.830287777777773
2114ccab10ab11ec8871b07b25146e9e,3,1,48.31394888888888
ce089e6b10a911ec8871b07b25146e9e,1,2,80.78588027777778
354288d710ac11ec8871b07b25146e9e,2,2,13.397025833333334
6f88968110c911ec8216b07b25146e9e,4,25,87.96849666666667
16e9c1f210a911ec8871b07b25146e9e,1,1,30.69265888888889
a9fc953110a911ec8871b07b25146e9e,2,1,28.140834444444447
e7f6f8a22b2a11ecb7eafa164011f743,3,15,56.359875555555554
61a0f68b10a811ec8871b07b25146e9e,2,1,43.85179055555555
8ba36e5810ab11ec8871b07b25146e9e,1,1,3.920010555555556
36b053f910a811ec8871b07b25146e9e,3,3,31.136694166666665
fadb099e10ab11ec8871b07b25146e9e,1,2,11.66588361111111
995a671110ac11ec8871b07b25146e9e,2,1,36.22090611111111
52585f0710ac11ec8871b07b25146e9e,2,1,28.08653083333333
5cd7c03d10a911ec8871b07b25146e9e,2,2,5.042770833333333
831cc50f10a911ec8871b07b25146e9e,2,5,49.48687444444444
27fd0534b33811ed82a1fa164011f743,2,2,33.693427500000006
66e19b6b10a911ec8871b07b25146e9e,1,4,50.838790277777775
9fb3dfc56dc311ecb369fa164011f743,2,3,25.193447777777774
d0b666b210ab11ec8871b07b25146e9e,3,1,56.19206472222222
19b4e9fa10a911ec8871b07b25146e9e,1,1,11.463339722222225
0e1ed3db10c211ec8216b07b25146e9e,2,1,35.34956416666667
5af8db5510ab11ec8871b07b25146e9e,2,1,30.42291944444444
87c029ec10c811ec8216b07b25146e9e,2,5,52.520921944444446
8ec53a7110ab11ec8871b07b25146e9e,3,2,41.96382583333333
bbe4ac9c489f11eeb806fa164011f743,1,1,0.8415177777777778
f4eb38fe10c011ec8216b07b25146e9e,4,3,75.73752305555556
b857d0ec10aa11ec8871b07b25146e9e,3,2,1.5693244444444443
7d846ec010a911ec8871b07b25146e9e,3,1,36.8013275
066a924c10ac11ec8871b07b25146e9e,3,2,41.14040916666667
6ab19b6d10a911ec8871b07b25146e9e,1,3,48.548091388888885
2a00070d10a911ec8871b07b25146e9e,1,4,86.39667194444444
216ef02c10ab11ec8871b07b25146e9e,1,1,36.56386777777778
4a3a8c5510ab11ec8871b07b25146e9e,1,2,53.14095666666666
449e46b86f6711ecb369fa164011f743,2,3,41.227824722222216
eef23d5c10aa11ec8871b07b25146e9e,1,1,17.22492722222222
86e25ef510a811ec8871b07b25146e9e,1,2,44.09711111111111
b75cd8ac10a811ec8871b07b25146e9e,1,1,30.419841388888887
aa136c3910a911ec8871b07b25146e9e,4,3,233.77585861111112
8dcaa50510aa11ec8871b07b25146e9e,2,4,47.4230725
8d8935ec10a911ec8871b07b25146e9e,3,4,44.13488083333333
4647d16610ab11ec8871b07b25146e9e,1,1,20.549988611111115
860eb8c310ab11ec8871b07b25146e9e,2,11,42.418125
198c539010a911ec8871b07b25146e9e,2,1,76.18618055555557
01616c5710a811ec8871b07b25146e9e,1,2,5.51461
a4589c3010ab11ec8871b07b25146e9e,1,5,46.58125222222223
a018aa1510a811ec8871b07b25146e9e,2,5,74.85788694444445
ff619c1e10a911ec8871b07b25146e9e,2,1,79.28913861111111
a736e5f010ab11ec8871b07b25146e9e,2,2,15.832461944444445
57f981ee10ac11ec8871b07b25146e9e,1,4,38.88069055555556
9df49bd910a911ec8871b07b25146e9e,1,6,18.980669444444445
4b6c9f1710ab11ec8871b07b25146e9e,2,1,45.76439416666666
c1eb251d10c011ec8216b07b25146e9e,1,1,27.029045555555555
bbe3fe5110a811ec8871b07b25146e9e,1,1,37.623813055555566
440074d310c211ec8216b07b25146e9e,1,2,149.43749472222223
a56994e510ab11ec8871b07b25146e9e,1,1,29.685184166666662
4c46ea1e10a911ec8871b07b25146e9e,2,1,42.014403888888886
8bb5e51810a911ec8871b07b25146e9e,3,4,75.36129305555556
8b5c9e6a10aa11ec8871b07b25146e9e,2,1,26.644641111111117
cec6e0a910aa11ec8871b07b25146e9e,2,3,55.34894861111111
3f03000b10a811ec8871b07b25146e9e,1,1,66.43576166666666
a67fbba810a911ec8871b07b25146e9e,2,5,38.64929166666666
7151271d162311eeb806fa164011f743,2,1,59.200055
e4bb0dd210a911ec8871b07b25146e9e,1,1,33.314015833333336
f950474c10ab11ec8871b07b25146e9e,2,1,49.55918499999999
5f5f3f8d10a911ec8871b07b25146e9e,1,1,17.13793888888889
de80a0bd10a711ec8871b07b25146e9e,3,2,123.33158138888888
4f5e15dd10a911ec8871b07b25146e9e,2,1,74.2164188888889
6921f74610a811ec8871b07b25146e9e,1,2,54.18299388888889
ad39934810ab11ec8871b07b25146e9e,1,2,2.317963055555555
ca806b4910a911ec8871b07b25146e9e,1,2,28.731990277777776
bcc2f04510ab11ec8871b07b25146e9e,1,2,22.697645833333333
6235df3f10a811ec8871b07b25146e9e,1,2,43.355343888888896
2b8e3120659a11ed87c1fa164011f743,1,2,9.35217861111111
a450013b10a911ec8871b07b25146e9e,2,1,7.7076722222222225
883587a610ab11ec8871b07b25146e9e,3,4,113.8673852777778
9b1aeec610a911ec8871b07b25146e9e,1,1,37.79430694444444
6458c96810ab11ec8871b07b25146e9e,2,2,29.474326388888887
54b5de142d3a11efbde5fa164011f743,3,7,70.9344463888889
361b828610ac11ec8871b07b25146e9e,1,1,45.63911861111111
7a09679110c111ec8216b07b25146e9e,2,3,85.39354166666666
999975e010ab11ec8871b07b25146e9e,2,5,65.20705472222222
c50efc5a10ab11ec8871b07b25146e9e,1,2,65.72581138888889
f80c043c10ca11ec8216b07b25146e9e,1,3,38.24580388888889
c195214010a911ec8871b07b25146e9e,1,3,43.356588888888886
cf79070410a711ec8871b07b25146e9e,1,1,54.00868166666667
740a861b10ac11ec8871b07b25146e9e,1,2,49.44983444444445
d9b6032e6ed211ecb369fa164011f743,1,3,35.83583833333333
6aa2f1ab10a911ec8871b07b25146e9e,1,1,37.77534944444445
fd7959c76e9211ecb369fa164011f743,3,2,68.45475305555556
58596735a81b11edb6a3fa164011f743,1,3,62.78271861111112
461bb6fd10ab11ec8871b07b25146e9e,1,2,46.99092027777778
ec7776966f8211ecb369fa164011f743,3,4,57.86404055555556
5ce29c9810a911ec8871b07b25146e9e,1,1,38.593650833333335
f280baae10ab11ec8871b07b25146e9e,2,3,48.99208972222222
747edaa4130411eca228fa164011f743,6,5,78.49809194444444
131438c610ac11ec8871b07b25146e9e,6,2,58.88872638888889
d18b7eff10a911ec8871b07b25146e9e,2,2,20.404904722222224
5e9e049110a911ec8871b07b25146e9e,2,4,26.729239166666662
f3269e1910a911ec8871b07b25146e9e,1,2,28.953040555555557
3e1fd20810ab11ec8871b07b25146e9e,1,3,44.13134
743cadd010ab11ec8871b07b25146e9e,2,2,64.75663472222223
aceee45810aa11ec8871b07b25146e9e,1,1,65.28379388888888
ee3efc5e10a911ec8871b07b25146e9e,2,1,15.134331944444446
46bc282410ab11ec8871b07b25146e9e,2,2,56.67711055555556
25a49fce10ac11ec8871b07b25146e9e,3,4,109.612885
835063a810a911ec8871b07b25146e9e,3,2,48.710725833333335
72db79dc10a811ec8871b07b25146e9e,2,1,73.1953086111111
fe8d253210ca11ec8216b07b25146e9e,4,1,51.74616305555556
a7c1c51410a911ec8871b07b25146e9e,2,2,55.42899222222222
ee15977a15ca11eca228fa164011f743,2,3,55.869641944444446
206a9de410a911ec8871b07b25146e9e,2,1,70.16813944444445
d2ce4c4b10a911ec8871b07b25146e9e,2,3,71.28908472222221
0ade0ebe10a811ec8871b07b25146e9e,1,11,49.588391388888894
e07b779510ab11ec8871b07b25146e9e,3,1,43.63374527777778
d868ed7410a711ec8871b07b25146e9e,2,8,30.373675
2f1a997310ab11ec8871b07b25146e9e,2,1,31.143040277777786
0f9c162410a811ec8871b07b25146e9e,1,7,46.24031666666667
ce32971310c611ec8216b07b25146e9e,1,1,37.19223416666667
1b1efb3810a811ec8871b07b25146e9e,1,1,57.32462888888889
0756c16010a811ec8871b07b25146e9e,1,4,86.2428147222222
8a1e196e10a811ec8871b07b25146e9e,5,1,93.39772833333332
988712ba10ab11ec8871b07b25146e9e,1,1,32.56253777777778
b9f94376cabe42888a8d878502a1ac53,3,2,150.2784752777778
098303fd10aa11ec8871b07b25146e9e,2,2,31.49256111111111
e11b952510aa11ec8871b07b25146e9e,1,2,6.092295833333334
acce7ce8143411eca228fa164011f743,1,1,54.81312583333333
4b93788310ab11ec8871b07b25146e9e,3,1,111.4967422222222
ff407c7c7c2b11ecb17dfa164011f743,1,1,3.760699444444444
32065b2810ca11ec8216b07b25146e9e,1,3,54.28490055555555
3f583f20736e11ecb369fa164011f743,6,2,57.60201277777778
3e59e15f10a911ec8871b07b25146e9e,1,2,22.528014444444445
0b317f3510ac11ec8871b07b25146e9e,2,3,3.367139444444444
81c47e5610a811ec8871b07b25146e9e,3,4,28.21722583333333
61b27b7f703111ecb369fa164011f743,3,9,23.248625
e85a18c310ab11ec8871b07b25146e9e,3,2,16.93010083333333
6844a2f510c311ec8216b07b25146e9e,3,1,33.22864166666667
0ccc891410a811ec8871b07b25146e9e,1,1,2.519435
54d16a9410ac11ec8871b07b25146e9e,2,1,197.0188588888889
19e58dcc10aa11ec8871b07b25146e9e,1,2,39.155634722222224
30a8948a10aa11ec8871b07b25146e9e,1,1,39.21693861111111
8dc7a7fd10a911ec8871b07b25146e9e,1,2,63.49825583333333
b16bdbcb10ab11ec8871b07b25146e9e,1,9,81.09954166666667
63957c3310ab11ec8871b07b25146e9e,2,3,73.92061444444445
ba2bd10b10ca11ec8216b07b25146e9e,1,1,6.441625555555556
b745a73d10a811ec8871b07b25146e9e,1,1,61.56737972222222
e68003d26ed511ecb369fa164011f743,3,1,91.68010833333334
ec7634ad10a911ec8871b07b25146e9e,1,2,22.79300111111111
80296f7a10ab11ec8871b07b25146e9e,2,3,1.8966422222222223
e6db168c10ab11ec8871b07b25146e9e,2,1,17.20158722222222
d026d7f9741411ecb369fa164011f743,3,3,50.20451888888889
a461d48b1cd711efbde5fa164011f743,2,3,25.670823055555555
246d17e910ab11ec8871b07b25146e9e,2,1,41.15703694444445
4e146dba10a811ec8871b07b25146e9e,1,15,46.23481138888889
932df34710a811ec8871b07b25146e9e,2,1,148.85557194444445
bbb2025a661a11ed87c1fa164011f743,1,3,13.92376722222222
00dc137110ac11ec8871b07b25146e9e,1,1,47.43028
f762ac9d10aa11ec8871b07b25146e9e,1,3,64.1333875
1a6ad5f610a811ec8871b07b25146e9e,2,2,14.56484388888889
19c894ff10bf11ec8216b07b25146e9e,1,1,62.637324166666666
3f2d074910a911ec8871b07b25146e9e,2,1,29.757290277777777
814ed3bf10ab11ec8871b07b25146e9e,1,2,49.69670944444445
f202e94f10aa11ec8871b07b25146e9e,1,1,46.50136
351473b610a811ec8871b07b25146e9e,2,3,50.060178055555554
ee69825d10aa11ec8871b07b25146e9e,2,5,56.76962527777778
5ff61f3610cb11ec8216b07b25146e9e,1,3,57.69113027777777
d95d47b310a911ec8871b07b25146e9e,2,1,70.36358277777778
1f6befc010ab11ec8871b07b25146e9e,2,2,42.70962194444444
48388ae610a911ec8871b07b25146e9e,3,3,40.74087055555555
516cc80310a911ec8871b07b25146e9e,2,4,65.26200416666667
ed9e07e010a711ec8871b07b25146e9e,1,1,8.252319444444444
2f25641e10a911ec8871b07b25146e9e,1,1,49.67397972222222
9ce2dfa810ab11ec8871b07b25146e9e,1,2,84.10527555555556
bed92b3910a911ec8871b07b25146e9e,1,1,3.331116666666667
72986a3410c611ec8216b07b25146e9e,2,3,25.681791666666665
adc36be010c911ec8216b07b25146e9e,2,5,80.88821416666666
be77c88910a811ec8871b07b25146e9e,3,2,35.36765194444445
13aa691d10ac11ec8871b07b25146e9e,1,1,15.330930833333332
81ae7f2110a811ec8871b07b25146e9e,2,5,92.66610444444446
497948b510a911ec8871b07b25146e9e,2,1,4.214753888888889
c7a3661d10a911ec8871b07b25146e9e,2,2,27.366750000000003
8717117910aa11ec8871b07b25146e9e,3,2,35.62222555555556
3cc6fc9110ab11ec8871b07b25146e9e,1,1,3.7916972222222234
957387c010c011ec8216b07b25146e9e,4,1,55.50374805555556
fa096a3310ab11ec8871b07b25146e9e,1,3,42.82250833333333
35b7b61910ab11ec8871b07b25146e9e,2,1,36.58530416666667
fda9c66110a811ec8871b07b25146e9e,3,3,42.56375777777778
6ed5b43e10cb11ec8216b07b25146e9e,2,4,51.31086944444444
ae879149ed5411eca3e4fa164011f743,2,2,49.69551611111112
21db03dc10a911ec8871b07b25146e9e,3,5,50.00316583333333
0975401010ac11ec8871b07b25146e9e,1,1,28.001375277777772
767453db10ab11ec8871b07b25146e9e,2,1,73.79827611111111
b092e18110c111ec8216b07b25146e9e,4,1,92.92356111111113
c47fb94510a911ec8871b07b25146e9e,2,2,38.75077694444444
c0de48dc10a911ec8871b07b25146e9e,2,3,61.49366694444445
3cb3390210a811ec8871b07b25146e9e,1,3,36.67720611111111
faa3682f6eba11ecb369fa164011f743,1,1,109.10372722222222
8c522a0110c011ec8216b07b25146e9e,1,2,48.00210361111111
5408380810a811ec8871b07b25146e9e,4,1,36.54460166666666
39794b7610ac11ec8871b07b25146e9e,2,1,2.322053888888889
26c7770010ac11ec8871b07b25146e9e,1,1,4.225984722222223
dd8b2d5610ab11ec8871b07b25146e9e,1,1,23.38898083333333
8e2ab4cb10a911ec8871b07b25146e9e,2,3,35.037055
4287b7df71b511ecb369fa164011f743,2,4,14.294439722222222
3f15db3410a911ec8871b07b25146e9e,1,2,22.93409388888889
303de25410a911ec8871b07b25146e9e,2,4,48.74909111111111
15c2f10010a911ec8871b07b25146e9e,1,7,58.28255194444444
cb4a474c10a911ec8871b07b25146e9e,1,2,38.49978861111111
8c9f488d10ab11ec8871b07b25146e9e,2,3,76.0229425
2dedbc8a10ca11ec8216b07b25146e9e,2,2,56.10697472222223
9cd0983510a911ec8871b07b25146e9e,1,2,34.499045833333334
d2e8cfa110a711ec8871b07b25146e9e,2,2,47.15825361111112
a7cc9e5310a911ec8871b07b25146e9e,1,1,45.4064725
b044f8d810c811ec8216b07b25146e9e,1,1,38.52242694444444
8e45903510a911ec8871b07b25146e9e,1,1,38.43740722222222
296a7b7b10ab11ec8871b07b25146e9e,1,2,43.02707722222223
6996ac37a36b11ec93eafa164011f743,3,1,48.32427694444445
64138e2810a911ec8871b07b25146e9e,1,2,41.12642944444444
909bee9210a911ec8871b07b25146e9e,1,1,0.2741369444444445
60824f3510a911ec8871b07b25146e9e,2,2,29.513169444444443
c61ca13410a911ec8871b07b25146e9e,1,1,35.92277055555555
4fb9352b10aa11ec8871b07b25146e9e,1,2,25.585376944444445
7e0d927d10ac11ec8871b07b25146e9e,3,2,37.634971388888886
638e661410a911ec8871b07b25146e9e,1,4,48.06198888888889
c729a2b310ab11ec8871b07b25146e9e,2,2,46.551769166666666
9150958d10ab11ec8871b07b25146e9e,2,3,59.339795277777775
a619067910ab11ec8871b07b25146e9e,2,1,2.711802777777778
4cda161710c911ec8216b07b25146e9e,3,1,85.25647944444445
6460c7cd10ab11ec8871b07b25146e9e,1,1,55.78235444444445
9638c87f10ab11ec8871b07b25146e9e,1,1,47.60914388888889
51bea69710ab11ec8871b07b25146e9e,2,2,86.6568075
c32fa64210ab11ec8871b07b25146e9e,1,2,42.45357305555556
9af5e64a10a911ec8871b07b25146e9e,1,1,40.65143166666667
3c50cf4310a811ec8871b07b25146e9e,2,2,55.9971075
dc70b4cf10a811ec8871b07b25146e9e,1,2,79.11462472222222
0bf55d0c10ac11ec8871b07b25146e9e,2,4,31.82352888888889
d6b1fdd410ab11ec8871b07b25146e9e,1,1,14.146102222222222
d240711f10ab11ec8871b07b25146e9e,1,3,55.470137777777786
3210bf0010a811ec8871b07b25146e9e,1,3,45.08640416666666
8a4282a810aa11ec8871b07b25146e9e,1,1,4.064048333333334
41ba7f2c10ab11ec8871b07b25146e9e,1,1,3.600551666666667
510fd17510a811ec8871b07b25146e9e,4,2,45.04522861111111
496ff63810a911ec8871b07b25146e9e,1,1,11.417375833333333
70af1eb410c011ec8216b07b25146e9e,1,3,47.89555166666666
621f3b8c10a811ec8871b07b25146e9e,2,2,61.74504277777778
5ea5ae3810a911ec8871b07b25146e9e,1,1,0.0606922222222222
a3529d4310aa11ec8871b07b25146e9e,1,1,17.85833555555556
b9a49197d47311eebde5fa164011f743,1,3,32.63755166666667
89a5b06a10ac11ec8871b07b25146e9e,1,1,22.46923472222222
afce468e10ab11ec8871b07b25146e9e,3,2,13.6582125
3478c81b10ac11ec8871b07b25146e9e,1,1,45.67334777777777
3cd9dac810ab11ec8871b07b25146e9e,2,1,71.44091333333334
1ebc8e3810ab11ec8871b07b25146e9e,1,5,147.01476194444447
a705fd4d10a811ec8871b07b25146e9e,1,2,54.54421083333334
81e2677110a911ec8871b07b25146e9e,2,3,59.58931583333334
f23f513610aa11ec8871b07b25146e9e,1,2,48.44089388888889
29c108e210ab11ec8871b07b25146e9e,2,3,48.42625944444445
85d0183710ac11ec8871b07b25146e9e,2,3,39.893725
3eccd9e710a911ec8871b07b25146e9e,4,1,30.122608888888887
ce70dea410a911ec8871b07b25146e9e,1,2,41.19661861111111
4848a1ee10a911ec8871b07b25146e9e,2,3,33.45417722222222
3f19e9ce10a911ec8871b07b25146e9e,3,2,50.52946583333333
3d9449cf10ab11ec8871b07b25146e9e,2,2,44.71083055555555
4366840210a911ec8871b07b25146e9e,1,3,33.98799944444444
f989459e10ab11ec8871b07b25146e9e,2,2,57.53274111111111
3e4a854f10a911ec8871b07b25146e9e,2,5,50.87754277777778
472da3f96dea11ecb369fa164011f743,2,2,52.584831388888894
343d0cda10ab11ec8871b07b25146e9e,1,1,57.63277194444444
56094bef10ab11ec8871b07b25146e9e,4,2,59.91190305555555
798720fd6dfd11ecb369fa164011f743,1,2,51.470277222222215
c3c25d2b10c511ec8216b07b25146e9e,5,1,75.57227944444443
fed8023410a911ec8871b07b25146e9e,2,2,85.58541305555556
9298e2f410cb11ec8216b07b25146e9e,2,2,85.73746249999999
722eb1fd10cb11ec8216b07b25146e9e,1,1,6.049008333333333
b351a14410c211ec8216b07b25146e9e,2,5,37.39949666666666
a05e2ddf10ab11ec8871b07b25146e9e,1,3,89.8532813888889
3fec056410a911ec8871b07b25146e9e,1,3,111.38278222222222
4665835110a811ec8871b07b25146e9e,1,2,44.53815222222222
538c8cc610a811ec8871b07b25146e9e,4,3,29.65964611111111
c4edcbbe6e9111ecb369fa164011f743,2,3,47.17871305555556
2492f45a10a911ec8871b07b25146e9e,1,1,4.906635
edd4dbb010a711ec8871b07b25146e9e,1,2,88.53008305555555
2ead51cc10ab11ec8871b07b25146e9e,2,6,45.88024361111112
6ad8172b10c511ec8216b07b25146e9e,1,1,62.72924916666667
ef433e2b10ab11ec8871b07b25146e9e,1,4,45.09528555555555
bf56acc5702b11ecb369fa164011f743,1,3,32.91739666666667
1ef25cb010ac11ec8871b07b25146e9e,2,2,55.27176444444445
d82794cb10a911ec8871b07b25146e9e,1,2,29.273823333333333
b5dff42310a811ec8871b07b25146e9e,2,3,54.27882111111112
b4144da610ab11ec8871b07b25146e9e,1,1,2.530045555555556
597d072d10ab11ec8871b07b25146e9e,2,3,18.777446111111107
40b448fb10ab11ec8871b07b25146e9e,2,8,142.8875775
f90171f710a911ec8871b07b25146e9e,1,1,31.076453333333337
82d0ce1f10ab11ec8871b07b25146e9e,1,3,58.64601111111112
5c917f8410c911ec8216b07b25146e9e,1,4,45.82477111111111
3cb78afb10ab11ec8871b07b25146e9e,5,1,114.44053111111111
eb097ee574ff11ecb369fa164011f743,2,1,13.868603333333336
85c1785c10bd11ec8216b07b25146e9e,4,3,55.08076222222223
4bbffc6910ab11ec8871b07b25146e9e,1,1,143.03138027777777
abfb68f4710411ecb369fa164011f743,1,2,19.403161388888886
26e3715a10ab11ec8871b07b25146e9e,2,6,53.97145833333333
01eca9ee10ac11ec8871b07b25146e9e,2,3,56.84422583333333
35d41e6710ac11ec8871b07b25146e9e,1,1,3.6284191666666654
6b012e2472d711ecb369fa164011f743,4,2,132.9879897222222
a9850e0e10ab11ec8871b07b25146e9e,5,4,68.28496472222221
b39def0f10aa11ec8871b07b25146e9e,2,1,105.92096194444444
8bf426104bf111ecb369fa164011f743,1,1,38.92953027777778
8835a68010aa11ec8871b07b25146e9e,3,2,37.171923611111104
155f7ab6160811eca228fa164011f743,1,2,45.64793305555556
73af131610cb11ec8216b07b25146e9e,2,6,44.44548916666667
cdf14b768f2c11edb6a3fa164011f743,1,1,54.679568333333336
f2b3b3fe10a911ec8871b07b25146e9e,2,2,7.312963055555556
c4ed829210ab11ec8871b07b25146e9e,1,1,44.421574166666666
908c9d7b10ab11ec8871b07b25146e9e,2,8,45.951124166666666
011a062d10ab11ec8871b07b25146e9e,2,2,35.121829722222216
6805eec410c511ec8216b07b25146e9e,1,3,65.47657333333333
4e7b661d10a911ec8871b07b25146e9e,1,1,224.69982861111112
393eeee0315811ecb7eafa164011f743,2,5,29.590288333333334
56b9e1b610a811ec8871b07b25146e9e,1,1,0.0671761111111111
603d826c10a811ec8871b07b25146e9e,2,1,44.16955666666667
445d167f10a811ec8871b07b25146e9e,2,3,42.889381388888886
6351776610ab11ec8871b07b25146e9e,3,3,48.08813
a13b05d710ac11ec8871b07b25146e9e,3,4,39.32925194444445
e98ed020a69311edb6a3fa164011f743,3,4,53.2423475
4c37d5ee10a811ec8871b07b25146e9e,1,5,53.84804611111111
b5a778de10a811ec8871b07b25146e9e,1,4,62.36117583333334
4094c09f10ab11ec8871b07b25146e9e,2,4,184.52162888888887
f6a61c3c10a911ec8871b07b25146e9e,2,3,54.599590000000006
fdb581b110c711ec8216b07b25146e9e,3,6,58.06833527777778
66a57fe110c011ec8216b07b25146e9e,5,4,48.47180611111112
2b333d4c10ab11ec8871b07b25146e9e,1,1,4.864348055555555
9d4f01ff10a911ec8871b07b25146e9e,1,1,191.30829722222225
4043241610a911ec8871b07b25146e9e,3,1,135.78592138888888
403ca52f10a911ec8871b07b25146e9e,3,1,149.80699972222223
50eab2d410a911ec8871b07b25146e9e,2,1,129.5221361111111
4efaae1910a911ec8871b07b25146e9e,4,2,54.75447499999999
c592f42c10ab11ec8871b07b25146e9e,2,1,59.47726055555555
fb9bbc3b10a711ec8871b07b25146e9e,2,1,6.908239444444445
4890fa7c10ac11ec8871b07b25146e9e,3,1,91.53401027777775
8b28408210a811ec8871b07b25146e9e,2,1,105.27586166666669
d69890f910a711ec8871b07b25146e9e,2,1,58.33733472222222
85e0dbe210a811ec8871b07b25146e9e,3,2,98.05492194444444
59cb1fd310c611ec8216b07b25146e9e,1,1,18.3199675
4cacabcd10ab11ec8871b07b25146e9e,3,2,127.5872611111111
30ed080710a811ec8871b07b25146e9e,2,6,31.83481111111111
043f0b9e10ac11ec8871b07b25146e9e,3,1,26.83138222222222
875e04cb10a811ec8871b07b25146e9e,2,1,123.32297055555556
2c692f3e383d11efbde5fa164011f743,2,1,20.14286361111111
1ef7be4f10a811ec8871b07b25146e9e,1,1,6.189182777777778
1af6208510c811ec8216b07b25146e9e,1,1,36.02455666666666
1afc2f0b10a911ec8871b07b25146e9e,1,2,49.85003055555556
3765282510ac11ec8871b07b25146e9e,2,1,61.82255944444445
8872567b10a911ec8871b07b25146e9e,3,1,48.23379888888889
37f376b810ac11ec8871b07b25146e9e,2,1,52.37282972222223
07586fd010c611ec8216b07b25146e9e,3,1,52.840291666666666
fd5fc17e10a911ec8871b07b25146e9e,3,2,122.88277611111111
4691024410ca11ec8216b07b25146e9e,2,1,175.5214861111111
fec2516b10a911ec8871b07b25146e9e,3,2,116.15135861111112
2204a6c410a811ec8871b07b25146e9e,2,3,43.594437500000005
9b41664610a811ec8871b07b25146e9e,3,1,87.49600527777778
3f1c677a10a911ec8871b07b25146e9e,1,3,18.487412777777777
85e2afa510a811ec8871b07b25146e9e,3,1,64.01804416666667
c78dc72a10aa11ec8871b07b25146e9e,4,2,25.667745555555555
4c17ef0910a911ec8871b07b25146e9e,1,1,109.23359166666664
8abb793f10a911ec8871b07b25146e9e,1,5,66.83988000000001
cd28224310ab11ec8871b07b25146e9e,1,5,95.55689055555555
c601828710aa11ec8871b07b25146e9e,3,1,27.92289916666667
09b3c65310a811ec8871b07b25146e9e,1,1,57.661731388888896
8bbdf55f10a911ec8871b07b25146e9e,4,7,65.23986361111112
e7a054ec10ab11ec8871b07b25146e9e,2,1,21.11680111111111
0428acdb10ac11ec8871b07b25146e9e,3,2,115.25243111111112
2754433310a911ec8871b07b25146e9e,5,3,100.4087786111111
c05d2c6910ab11ec8871b07b25146e9e,2,1,25.888221666666663
8b277c0810a811ec8871b07b25146e9e,1,1,12.185277500000002
8e5ec41710ab11ec8871b07b25146e9e,2,2,40.53356083333333
a4264b9710a911ec8871b07b25146e9e,1,1,6.827916111111111
661b001310aa11ec8871b07b25146e9e,1,2,104.22109472222222
b8d8421f10c811ec8216b07b25146e9e,1,1,10.531653333333333
9003599610cb11ec8216b07b25146e9e,1,2,22.983186111111117
8df9905210a811ec8871b07b25146e9e,1,1,3.4177886111111118
63bf50db10ac11ec8871b07b25146e9e,3,3,32.035936388888885
407f7f2b10ac11ec8871b07b25146e9e,1,1,93.88718055555556
5ad97cb310ac11ec8871b07b25146e9e,2,1,58.41670444444445
8a5d273a10ab11ec8871b07b25146e9e,1,1,124.70290777777775
a8ea620610ab11ec8871b07b25146e9e,1,2,38.85247027777778
3e655df110a911ec8871b07b25146e9e,1,2,3.900577222222222
fe9d303a152411eca228fa164011f743,2,6,29.828082222222225
7920f5ad10ac11ec8871b07b25146e9e,1,1,73.61791388888888
84c0368010ab11ec8871b07b25146e9e,2,2,56.48671555555556
a0edbca410ab11ec8871b07b25146e9e,2,4,74.75057194444445
4939fe0f10a811ec8871b07b25146e9e,2,1,61.22066944444445
e6e4bc7b10aa11ec8871b07b25146e9e,2,3,67.10895888888889
5296056510c311ec8216b07b25146e9e,1,1,79.46668777777778
2d49d37210aa11ec8871b07b25146e9e,2,1,12.018020000000002
d41973e210ab11ec8871b07b25146e9e,1,2,11.585866944444444
0f9e7c3010a811ec8871b07b25146e9e,2,1,73.0097263888889
52ddf2c110ac11ec8871b07b25146e9e,2,2,100.94219694444443
473ffed510a911ec8871b07b25146e9e,2,1,42.32187222222222
9dc8c4dd10a911ec8871b07b25146e9e,3,2,32.84592138888889
5792090610ab11ec8871b07b25146e9e,2,1,41.28449166666667
d7af036210c811ec8216b07b25146e9e,2,6,64.57419277777778
29bd3a0710a811ec8871b07b25146e9e,3,8,54.50715166666667
d32ea0c410ab11ec8871b07b25146e9e,1,1,5.854484444444444
41ed6a2010a911ec8871b07b25146e9e,1,1,37.85263027777778
52df336a10a811ec8871b07b25146e9e,2,2,32.70216416666667
483967fe10a811ec8871b07b25146e9e,3,5,93.766275
21417a1b10a811ec8871b07b25146e9e,1,1,10.605735555555556
86ce809110a911ec8871b07b25146e9e,2,6,38.26174583333333
84309e4710a811ec8871b07b25146e9e,2,1,54.53994611111112
cf19c7ca10a711ec8871b07b25146e9e,1,1,5.3832033333333325
83f7a99310a811ec8871b07b25146e9e,3,2,38.147213055555554
b79c0f2510a811ec8871b07b25146e9e,1,3,29.065459444444443
a32d915c6ba011ed9c97fa164011f743,1,2,20.19182333333333
21d67dce10ab11ec8871b07b25146e9e,2,1,45.05330333333333
a2480f9410a911ec8871b07b25146e9e,1,2,47.8690175
328023f410a811ec8871b07b25146e9e,2,1,22.823033055555552
0761931510a811ec8871b07b25146e9e,1,3,29.3053875
e013172a10a911ec8871b07b25146e9e,2,4,24.44722055555556
62ade9a810a911ec8871b07b25146e9e,2,1,53.828875
1dc4690710ac11ec8871b07b25146e9e,2,2,31.9860475
4872606b10a911ec8871b07b25146e9e,1,2,57.89816055555556
9a3d9b8d10a911ec8871b07b25146e9e,2,1,19.858675833333333
56a97f666def11ecb369fa164011f743,2,2,65.2117588888889
65b79c5c10ac11ec8871b07b25146e9e,4,1,58.686162777777774
fca7fcee10c211ec8216b07b25146e9e,1,1,1.7054113888888889
47502d7f10a911ec8871b07b25146e9e,2,1,39.0070275
fd11b33810a911ec8871b07b25146e9e,1,1,76.37428944444444
75432cad10ab11ec8871b07b25146e9e,1,1,0.1577266666666666
0feffa7310ac11ec8871b07b25146e9e,2,2,36.45744083333334
104bb82d10ab11ec8871b07b25146e9e,1,1,35.82916138888889
2ff9bab410ab11ec8871b07b25146e9e,2,1,55.486263055555554
3b34571710a911ec8871b07b25146e9e,1,2,28.321850833333333
59111a5d10a811ec8871b07b25146e9e,1,1,35.100613888888894
2fe3e22910ab11ec8871b07b25146e9e,4,1,149.39372722222222
2da3552510ab11ec8871b07b25146e9e,4,1,194.03020777777775
cc16db3410aa11ec8871b07b25146e9e,2,7,69.0842538888889
36b1eb0b10a811ec8871b07b25146e9e,1,3,19.712356666666665
c5a5d00610a811ec8871b07b25146e9e,2,2,43.14412694444445
30d6209710ab11ec8871b07b25146e9e,3,2,176.27069666666665
794b875f10a811ec8871b07b25146e9e,3,3,59.3094275
47bb5d3210a911ec8871b07b25146e9e,2,2,5.881523055555556
c301366e10ab11ec8871b07b25146e9e,2,1,76.60809249999998
8a2a073c775e11ecb369fa164011f743,2,3,6.509018611111111
a2d233cd10a911ec8871b07b25146e9e,1,2,27.586885833333334
0f73dde010ac11ec8871b07b25146e9e,3,3,45.34374305555556
b8d22a3c10ab11ec8871b07b25146e9e,1,1,51.05151305555555
80c4567c10ac11ec8871b07b25146e9e,3,1,152.52895166666667
c311a52110ab11ec8871b07b25146e9e,2,1,69.76415416666667
452eafa110c711ec8216b07b25146e9e,1,1,41.06015055555555
018611da10a811ec8871b07b25146e9e,1,2,30.284356944444443
c714d2676df811ecb369fa164011f743,1,6,56.34897833333333
2a4fa31110a811ec8871b07b25146e9e,2,1,29.532264722222223
488ecdb310ab11ec8871b07b25146e9e,2,1,46.69470305555556
7d29d1dc10ab11ec8871b07b25146e9e,1,1,3.781426666666667
99f33f0110a911ec8871b07b25146e9e,2,2,53.16581
2ae1671c12f911eca228fa164011f743,1,1,0.883605
fea40c4710a711ec8871b07b25146e9e,2,3,27.129642222222223
920843e310ca11ec8216b07b25146e9e,3,1,56.639427777777776
857035f710a911ec8871b07b25146e9e,1,1,1.95983
cdf77822ab5911eda9defa164011f743,2,3,67.8674113888889
2efd21ad10ab11ec8871b07b25146e9e,3,11,126.22874277777778
d2cef44310a811ec8871b07b25146e9e,1,2,37.948325277777776
5063295110ab11ec8871b07b25146e9e,1,8,48.13021472222222
24bc515f67a911ed87c1fa164011f743,1,7,23.374596666666665
593fad5110a911ec8871b07b25146e9e,1,1,0.0810766666666666
93999f1610a811ec8871b07b25146e9e,4,3,56.29165277777778
04ebd8cb10a811ec8871b07b25146e9e,4,3,55.1092975
6692e63810ab11ec8871b07b25146e9e,4,3,44.759050555555554
f0bbc44610a811ec8871b07b25146e9e,2,1,6.449222777777778
9432af0e10ab11ec8871b07b25146e9e,1,1,57.725749444444446
4a25f29e10a911ec8871b07b25146e9e,1,1,46.1164625
50736c6210ac11ec8871b07b25146e9e,2,1,23.587390833333338
8f8fc1e110a911ec8871b07b25146e9e,2,1,3.02961
e99a69d610a711ec8871b07b25146e9e,2,1,63.61199972222222
414ffa5b10a911ec8871b07b25146e9e,3,2,54.84784944444445
1aa7bea010ab11ec8871b07b25146e9e,2,7,69.34170527777778
7e1fab3210ab11ec8871b07b25146e9e,2,1,43.99277444444444
0fbf190610ac11ec8871b07b25146e9e,2,2,40.84467111111111
51bc621d10a911ec8871b07b25146e9e,2,2,45.566393888888896
a1ca6ace10a811ec8871b07b25146e9e,1,4,39.88986527777778
f7361f8e10ab11ec8871b07b25146e9e,2,2,40.86173472222222
c529551610ab11ec8871b07b25146e9e,2,3,54.89632583333333
c5f85d81588e11ecb369fa164011f743,1,3,29.80665527777778
ee4aa0c16ee011ecb369fa164011f743,3,3,4.157133333333333
25f7ff5a10a811ec8871b07b25146e9e,3,1,43.45319388888889
8adb76fb10ab11ec8871b07b25146e9e,1,6,33.97361305555555
07e03a2d10a811ec8871b07b25146e9e,1,3,71.1498075
46c178286e3211ecb369fa164011f743,1,1,135.439035
973be587bc1e11ed82a1fa164011f743,2,4,32.347881666666666
6f0cea7610a811ec8871b07b25146e9e,1,1,42.24352888888889
c55535c810a811ec8871b07b25146e9e,1,1,98.44128777777776
d497626110a811ec8871b07b25146e9e,1,1,196.75002638888887
4d24600510a811ec8871b07b25146e9e,2,2,28.151108055555557
ca744d8f10a811ec8871b07b25146e9e,3,1,31.54788583333333
776fd37510a811ec8871b07b25146e9e,3,2,28.788263333333337
25c6228410ab11ec8871b07b25146e9e,2,1,58.92050833333333
00334ecf10a911ec8871b07b25146e9e,2,2,57.16008944444444
8318eca710a911ec8871b07b25146e9e,1,5,70.05086861111111
1f9a0aed10ac11ec8871b07b25146e9e,2,2,25.39186888888889
014f14b110ac11ec8871b07b25146e9e,2,4,63.42897027777778
1f9f0eea10ac11ec8871b07b25146e9e,1,7,50.843512777777775
6a95ea8b137711eca228fa164011f743,2,5,65.08110833333333
07cb4b2210a811ec8871b07b25146e9e,1,1,0.1322755555555555
622b52a610a911ec8871b07b25146e9e,1,2,26.806507777777774
4bf0fd0c10a911ec8871b07b25146e9e,1,2,30.046311666666664
9e925936740e11ecb369fa164011f743,3,13,34.02876361111111
5c6b828410cb11ec8216b07b25146e9e,3,8,30.06249861111111
28dfb93e10ab11ec8871b07b25146e9e,3,7,56.087225277777776
d2ba541fab3c11eda9defa164011f743,1,1,53.84415027777778
effdb97510a911ec8871b07b25146e9e,1,3,100.9371622222222
14b0c48e10a911ec8871b07b25146e9e,1,3,55.0296725
e1d67dae10a911ec8871b07b25146e9e,1,3,62.554785555555554
e573ca3110a811ec8871b07b25146e9e,2,1,45.97844805555555
021facb010a811ec8871b07b25146e9e,1,1,56.16727611111112
0177b03610a811ec8871b07b25146e9e,2,1,37.86826444444445
f49b308e10a911ec8871b07b25146e9e,1,5,19.308579444444444
3fb7d83110a911ec8871b07b25146e9e,1,3,55.25005027777778
5fd333f510a911ec8871b07b25146e9e,2,1,50.0202125
b4e168aa10aa11ec8871b07b25146e9e,1,3,115.50804527777775
e82afb3810ab11ec8871b07b25146e9e,2,1,6.431956944444443
ace4f24110aa11ec8871b07b25146e9e,1,1,1.3566250000000002
2ad7f05510ab11ec8871b07b25146e9e,2,1,37.03621999999999
90c4023a10ab11ec8871b07b25146e9e,2,1,61.71468638888889
577a2daf10ab11ec8871b07b25146e9e,3,2,73.45624749999999
734bf0b710cb11ec8216b07b25146e9e,1,2,41.19795861111111
d69ea27b10aa11ec8871b07b25146e9e,2,3,73.50426222222222
984818566f0711ecb369fa164011f743,1,2,68.5463163888889
ff2444b610a811ec8871b07b25146e9e,2,2,47.73719833333333
9a42b91328dd11ecb7eafa164011f743,1,1,44.48543416666666
9c80ca1310ac11ec8871b07b25146e9e,2,2,19.910228611111112
9144fed710a811ec8871b07b25146e9e,1,2,35.532740833333335
9d8eaf9510ac11ec8871b07b25146e9e,1,3,42.93382
f5a6a2dd10a711ec8871b07b25146e9e,2,1,123.0567338888889
ded26df210a711ec8871b07b25146e9e,1,3,37.7446075
85f0d56910a811ec8871b07b25146e9e,1,2,55.41282388888889
6172105e10a811ec8871b07b25146e9e,1,4,2.5130927777777776
ec7953e810a911ec8871b07b25146e9e,1,1,0.0072702777777777
04f45ade10a811ec8871b07b25146e9e,2,4,49.35442777777778
8a43a8ba10a911ec8871b07b25146e9e,1,2,59.77026638888889
6a1c00a310a911ec8871b07b25146e9e,2,4,31.13297638888889
244fa46410ac11ec8871b07b25146e9e,2,2,24.262701666666665
237508b710a911ec8871b07b25146e9e,2,1,7.9596430555555555
2b9d518e10a911ec8871b07b25146e9e,2,6,170.9732891666667
81dbc0a010a811ec8871b07b25146e9e,1,4,55.03885972222222
df06d17f10a911ec8871b07b25146e9e,1,1,124.0284352777778
b8555f9710ab11ec8871b07b25146e9e,1,3,43.49090527777778
01bdc85c10a811ec8871b07b25146e9e,1,1,34.12499111111111
be54427710aa11ec8871b07b25146e9e,2,3,58.51753083333334
73f98fae10a811ec8871b07b25146e9e,1,2,83.09133138888889
c3de1b1110c411ec8216b07b25146e9e,2,2,49.07327833333333
304e6a8d10bf11ec8216b07b25146e9e,3,16,52.52039416666666
a28bc84d10a911ec8871b07b25146e9e,1,1,51.20614944444445
a6c11e2110a811ec8871b07b25146e9e,2,1,28.127272777777776
881384fbec4111eca3e4fa164011f743,1,2,49.19846638888888
081351b510a811ec8871b07b25146e9e,2,2,13.908688333333334
7e35865510ac11ec8871b07b25146e9e,3,2,40.969720277777775
2d42934110ac11ec8871b07b25146e9e,1,1,8.994465833333333
16d5d91c10aa11ec8871b07b25146e9e,1,1,1.5079747222222222
53591cbf10c711ec8216b07b25146e9e,1,2,30.218855
252e968c10ab11ec8871b07b25146e9e,2,1,81.44918750000001
5a87371110a811ec8871b07b25146e9e,5,1,20.159417777777776
410526c310ab11ec8871b07b25146e9e,2,1,35.07861583333333
7308b5d310a911ec8871b07b25146e9e,1,1,60.53854750000001
a52173e010a811ec8871b07b25146e9e,1,4,51.25489611111111
689c9f2a10aa11ec8871b07b25146e9e,2,5,34.01515583333334
9dc8034c10a911ec8871b07b25146e9e,2,9,53.50114361111111
bd5c5d8f10ab11ec8871b07b25146e9e,3,2,33.94721611111111
cc5e5591e6fb11eca3e4fa164011f743,2,4,30.444209444444443
846f702710a811ec8871b07b25146e9e,2,3,63.01363222222222
012fad7f10ac11ec8871b07b25146e9e,2,7,36.9624625
67c2a36110a911ec8871b07b25146e9e,2,1,83.74169666666667
663e8c1b314211ecb7eafa164011f743,3,5,24.233551666666663
d4d657a910aa11ec8871b07b25146e9e,3,2,43.45697499999999
0c12c77110a811ec8871b07b25146e9e,1,3,60.80367638888889
2751e28110ab11ec8871b07b25146e9e,2,2,62.86631694444444
265ba54510ac11ec8871b07b25146e9e,1,8,52.29503805555555
c70b0d1710ab11ec8871b07b25146e9e,1,2,57.10158222222222
b231892c10ab11ec8871b07b25146e9e,2,8,32.09869444444444
8af6842710ab11ec8871b07b25146e9e,1,1,30.34520861111111
b317a9d910c611ec8216b07b25146e9e,1,1,29.75988694444444
3f143be610a911ec8871b07b25146e9e,1,3,23.919095
12ab795010a811ec8871b07b25146e9e,3,4,10.761680555555555
4d52a35d10a811ec8871b07b25146e9e,2,3,24.63338611111111
4855189e10aa11ec8871b07b25146e9e,2,16,51.19271166666667
4430ca0710c111ec8216b07b25146e9e,2,10,57.60053249999999
339ba46410c411ec8216b07b25146e9e,6,1,43.87132972222222
496148c610a811ec8871b07b25146e9e,2,3,15.230546666666667
316f6ca910ab11ec8871b07b25146e9e,3,1,38.52650972222222
d2cbdbe410a711ec8871b07b25146e9e,1,1,60.04048722222222
8465706410a811ec8871b07b25146e9e,5,1,79.2018975
28f2674b10a911ec8871b07b25146e9e,1,2,48.00389444444444
d17f6b3f10a711ec8871b07b25146e9e,2,1,133.8185611111111
0a704b9b6edb11ecb369fa164011f743,3,2,64.40896944444445
de4a2e9b10a711ec8871b07b25146e9e,1,2,51.31473722222222
5317467610c211ec8216b07b25146e9e,1,1,1.046198888888889
ad2cb22f699f11eeb806fa164011f743,1,1,34.31556888888888
d513975010a811ec8871b07b25146e9e,1,2,36.1882675
4e727bff10c311ec8216b07b25146e9e,1,1,7.544062222222222
e3a9468910a911ec8871b07b25146e9e,2,2,36.124695555555554
c992b4d610a811ec8871b07b25146e9e,2,1,12.288011666666666
6164e7e710cb11ec8216b07b25146e9e,1,5,14.655595277777776
2458ee0a10ab11ec8871b07b25146e9e,1,2,36.31869222222223
d94c60e910a911ec8871b07b25146e9e,1,2,23.48081555555556
3b2e785510a811ec8871b07b25146e9e,1,2,23.1146025
45825d8010ac11ec8871b07b25146e9e,1,2,38.67205694444444
b22901d010a911ec8871b07b25146e9e,1,2,43.42876666666667
4fe5389010a811ec8871b07b25146e9e,1,2,30.489496666666664
13cc4ae410aa11ec8871b07b25146e9e,2,1,68.8895388888889
e6ed581d10aa11ec8871b07b25146e9e,1,1,49.00921861111112
a09bfed210a811ec8871b07b25146e9e,2,6,79.22138
ba10a89b10c011ec8216b07b25146e9e,2,6,45.855957222222216
b5ca888010a911ec8871b07b25146e9e,1,1,53.91645361111112
b9ee730910a911ec8871b07b25146e9e,1,2,27.077245277777777
8b592ef010ab11ec8871b07b25146e9e,3,6,49.56840444444445
3a1f9f0e10ab11ec8871b07b25146e9e,1,1,114.68360333333334
8140805610a811ec8871b07b25146e9e,2,8,45.4611925
53e636df10a911ec8871b07b25146e9e,1,2,41.15831027777777
a86ef5641f1911efbde5fa164011f743,2,8,129.80669972222222
20ff14a410a811ec8871b07b25146e9e,1,2,44.82472638888889
9147370110ab11ec8871b07b25146e9e,1,2,66.80806277777778
235fcb5e10a811ec8871b07b25146e9e,1,1,30.731114444444447
8ba60c4310ab11ec8871b07b25146e9e,5,3,149.19658194444443
6c2fbd1110a811ec8871b07b25146e9e,2,1,30.31984138888889
01e8556b10a811ec8871b07b25146e9e,1,4,5.592116388888888
64dedebe10ab11ec8871b07b25146e9e,1,1,0.6337516666666666
253ff30f10ab11ec8871b07b25146e9e,1,1,62.23818388888889
6cc6cbd310aa11ec8871b07b25146e9e,2,1,49.381841666666666
2546d62210ab11ec8871b07b25146e9e,1,1,39.448575
b8adede610a811ec8871b07b25146e9e,1,1,4.4682369444444445
58834a986ded11ecb369fa164011f743,2,1,60.58789888888888
6c54b41f10ac11ec8871b07b25146e9e,1,2,31.11579194444444
a891e48c10a911ec8871b07b25146e9e,2,1,58.95827527777778
d997f7a310ab11ec8871b07b25146e9e,1,3,44.42239833333333
411bead710bd11ec8216b07b25146e9e,3,2,46.16889305555557
8b1b14c110ab11ec8871b07b25146e9e,2,4,69.40130027777779
8d9f41e310cb11ec8216b07b25146e9e,1,2,112.58687444444443
34272c4e10a911ec8871b07b25146e9e,5,5,65.91785416666667
8d2b173b10ab11ec8871b07b25146e9e,1,1,1.0174455555555555
4c263f8110ab11ec8871b07b25146e9e,2,2,81.16224416666667
9fec359710a811ec8871b07b25146e9e,1,1,56.75302972222222
0427d4a310ac11ec8871b07b25146e9e,1,3,83.76260416666668
8bb18cf810ab11ec8871b07b25146e9e,2,1,67.39649611111112
6d06ad8710c311ec8216b07b25146e9e,2,1,8.976325277777779
97fbc84210ab11ec8871b07b25146e9e,2,1,13.073458333333331
61ed5c0310a811ec8871b07b25146e9e,1,1,44.1623525
f53fb77510ca11ec8216b07b25146e9e,2,3,49.74481583333333
50e1e8e710c111ec8216b07b25146e9e,1,1,142.49844444444446
ce94601310ab11ec8871b07b25146e9e,1,5,50.87831527777778
18fee0c110ab11ec8871b07b25146e9e,2,1,7.804309722222222
cdb022b36f6811ecb369fa164011f743,1,1,11.206897222222224
b7defbba10be11ec8216b07b25146e9e,1,4,30.69787277777778
2c10945010a911ec8871b07b25146e9e,2,3,29.34131222222222
90b4045e10a911ec8871b07b25146e9e,1,1,84.068045
869ae0ac10ab11ec8871b07b25146e9e,1,2,18.331159166666662
06f4c13c10a811ec8871b07b25146e9e,1,6,94.04220305555556
c700291b23f111ecb7eafa164011f743,3,2,10.696045833333333
01193ca410ab11ec8871b07b25146e9e,1,1,0.0574911111111111
819314c068ab11ecb369fa164011f743,2,7,48.074618888888885
3e873f1810a811ec8871b07b25146e9e,2,3,59.403129166666666
09c3a2c710a911ec8871b07b25146e9e,4,6,25.573111666666662
f717405910a711ec8871b07b25146e9e,2,1,2.5131172222222222
e3028cc210ab11ec8871b07b25146e9e,1,1,46.21022555555556
e18023a310a711ec8871b07b25146e9e,3,1,48.28561694444444
66e269ef10a911ec8871b07b25146e9e,4,6,88.24666833333332
3cf7ca91120d426cb1bf39b9cc653b0c,2,1,74.77058694444445
ebd0735910a911ec8871b07b25146e9e,1,2,59.7479125
356e25b010c111ec8216b07b25146e9e,2,1,5.903359722222223
6eb10d36a76b11edb6a3fa164011f743,3,5,45.43098972222222
2f4f499010a811ec8871b07b25146e9e,2,5,94.56091444444444
70b2acb210c311ec8216b07b25146e9e,2,2,50.82285555555556
70a7a29710c011ec8216b07b25146e9e,1,4,25.327045833333333
4f94a6a610aa11ec8871b07b25146e9e,1,1,52.75016055555556
561ca7ac826711edb6a3fa164011f743,2,4,56.29045555555556
4b7776bca6eb11edb6a3fa164011f743,3,4,79.2818086111111
d4f3a70410ab11ec8871b07b25146e9e,2,2,8.651076666666667
4b5693a410a811ec8871b07b25146e9e,3,3,38.81791194444445
7eb7505d10c011ec8216b07b25146e9e,2,3,42.41793527777778
a881d6e510a911ec8871b07b25146e9e,2,1,140.82086055555556
303da3f410ab11ec8871b07b25146e9e,1,1,53.035485277777774
43b145b20c1b11efbde5fa164011f743,2,2,69.37073555555554
621404a810c011ec8216b07b25146e9e,2,1,57.52247777777778
69287c1010c611ec8216b07b25146e9e,3,13,54.74822222222223
7b8764ae10bf11ec8216b07b25146e9e,2,1,15.189574166666665
eb15bf7310c111ec8216b07b25146e9e,2,3,75.86271
e3cb76b910a811ec8871b07b25146e9e,1,1,4.78958611111111
785d40135c0f11ecb369fa164011f743,2,4,44.82250194444445
4cbbe26410a811ec8871b07b25146e9e,1,1,25.65485361111111
4dc027b110a811ec8871b07b25146e9e,2,3,144.60774722222223
3c4976ae10a811ec8871b07b25146e9e,1,5,31.90761361111111
41a6ef6410ca11ec8216b07b25146e9e,1,1,46.99689388888888
439287f210a911ec8871b07b25146e9e,4,1,49.15606527777778
6614495110a811ec8871b07b25146e9e,2,1,43.69923305555555
7b163c76492a11eda93afa164011f743,1,2,37.55204222222223
