_id,0,1,2
3744b0c410a811ec8871b07b25146e9e,0.1,0.08163265306122448,0.13049603507509294
92df012010cb11ec8216b07b25146e9e,0.1,0.08163265306122448,0.15524456852356844
856fbac210ab11ec8871b07b25146e9e,0.2,0.08163265306122448,0.10017028055219292
0649a8f310c411ec8216b07b25146e9e,0.1,0.0,0.07803048218826349
6392e9b510cb11ec8216b07b25146e9e,0.1,0.02040816326530612,0.00896683643935105
aec7d80f6e9711ecb369fa164011f743,0.30000000000000004,0.0,0.005493074253759968
5e4ed3ea10ab11ec8871b07b25146e9e,0.2,0.0,0.11299979215761531
38c2c3b110a811ec8871b07b25146e9e,0.1,0.04081632653061225,0.08414558587772343
d354abaf10a911ec8871b07b25146e9e,0.2,0.02040816326530612,0.06385763088088545
dafe0ae410c111ec8216b07b25146e9e,0.1,0.0,0.08222469646904974
dff0ad7f10ab11ec8871b07b25146e9e,0.1,0.0,0.06328092826829168
f4ef2d2110ab11ec8871b07b25146e9e,0.1,0.061224489795918366,0.09611315093636964
aae81ac710aa11ec8871b07b25146e9e,0.1,0.02040816326530612,0.09322318584953763
be7d88ed10aa11ec8871b07b25146e9e,0.1,0.0,0.0007535651386018935
df72634b10c711ec8216b07b25146e9e,0.2,0.04081632653061225,0.042578072632554156
e307dbed10ab11ec8871b07b25146e9e,0.1,0.0,0.10737755383130267
6be64af410ab11ec8871b07b25146e9e,0.2,0.0,0.1393549757424745
dab008ed10c111ec8216b07b25146e9e,0.30000000000000004,0.0,0.2899484279361104
db7bf9c310ab11ec8871b07b25146e9e,0.1,0.0,0.10637354849219377
ec3a8fea10aa11ec8871b07b25146e9e,0.1,0.04081632653061225,0.18106709314332578
a68d9fdc10ab11ec8871b07b25146e9e,0.1,0.0,0.05974215962486717
ce827cdd10ab11ec8871b07b25146e9e,0.2,0.02040816326530612,0.061787340420139884
7ce92b9810a811ec8871b07b25146e9e,0.1,0.0,0.0005951847722134666
88ca3da310ac11ec8871b07b25146e9e,0.1,0.0,0.04996484125051804
720488cd10a911ec8871b07b25146e9e,0.1,0.02040816326530612,0.09681417466839133
8143349a10cb11ec8216b07b25146e9e,0.1,0.02040816326530612,0.01051511811769408
62e9c78610ab11ec8871b07b25146e9e,0.1,0.0,0.0794454424449829
1de890f310ab11ec8871b07b25146e9e,0.1,0.02040816326530612,0.08842462966824485
f37d7af2ea4311edab80fa164011f743,0.30000000000000004,0.061224489795918366,0.1489669160417129
18d628aa10a911ec8871b07b25146e9e,0.30000000000000004,0.061224489795918366,0.15684137825959188
a6b4cc2a10ab11ec8871b07b25146e9e,0.1,0.0,0.011559039488052833
8d73fb5310ac11ec8871b07b25146e9e,0.2,0.08163265306122448,0.12051364763108799
008db36310a811ec8871b07b25146e9e,0.2,0.061224489795918366,0.11820593878288393
5de66b4810c111ec8216b07b25146e9e,0.2,0.061224489795918366,0.145635688956713
1e78015e10ac11ec8871b07b25146e9e,0.2,0.04081632653061225,0.07710981097249694
d6769b2210a711ec8871b07b25146e9e,0.1,0.0,0.10502400104196892
4ab4a91a10ac11ec8871b07b25146e9e,0.2,0.0,0.006782221502638533
4044d4f310a911ec8871b07b25146e9e,0.30000000000000004,0.0,0.3007272645858836
5ab56fb910ab11ec8871b07b25146e9e,0.1,0.0,0.1023786835009855
0d26fc2610aa11ec8871b07b25146e9e,0.2,0.0,0.10650757184177723
1785847410a911ec8871b07b25146e9e,0.4,0.04081632653061225,0.11712070218932887
9dd454446d2011ecb369fa164011f743,0.30000000000000004,0.04081632653061225,0.14246654076881338
0dc2883c10a911ec8871b07b25146e9e,0.30000000000000004,0.0,0.09938723152429546
a31e697510a911ec8871b07b25146e9e,0.2,0.0,0.04596561602740655
dd59b9da10a811ec8871b07b25146e9e,0.1,0.04081632653061225,0.014286156122214004
5650bdf110ab11ec8871b07b25146e9e,0.2,0.0,0.13827139777437267
36ffed0210ab11ec8871b07b25146e9e,0.30000000000000004,0.10204081632653061,0.13541020765291661
ffee623010a711ec8871b07b25146e9e,0.2,0.08163265306122448,0.1379955173492954
385ea20810a811ec8871b07b25146e9e,0.1,0.0,0.012502135669744936
a1bb5f1010a911ec8871b07b25146e9e,0.2,0.08163265306122448,0.09923706033365637
cf510b1410c611ec8216b07b25146e9e,0.4,0.02040816326530612,0.1155468257923049
9ee1b4e410a911ec8871b07b25146e9e,0.1,0.0,0.08250600342689277
d65fe1fc10ab11ec8871b07b25146e9e,0.4,0.0,0.38580883117125464
c1a7b33410a911ec8871b07b25146e9e,0.1,0.0,0.09202220343419663
6b570fe110ab11ec8871b07b25146e9e,0.1,0.04081632653061225,0.10420160731953312
7a42bd2c2ce111ecb7eafa164011f743,0.4,0.061224489795918366,0.16970121618446096
4c20a42110ab11ec8871b07b25146e9e,0.1,0.0,0.07987397820940088
07d1050d10ca11ec8216b07b25146e9e,0.1,0.0,0.058072503292136875
149643dc10aa11ec8871b07b25146e9e,0.2,0.04081632653061225,0.1132793081497668
8ed51b5010a911ec8871b07b25146e9e,0.6000000000000001,0.32653061224489793,0.3793306587425593
5daa131c10ab11ec8871b07b25146e9e,0.30000000000000004,0.12244897959183673,0.11009360227417055
a4d162ee10c911ec8216b07b25146e9e,0.2,0.10204081632653061,0.0887383180087059
a46bfcd310a911ec8871b07b25146e9e,0.30000000000000004,0.08163265306122448,0.2109929795958013
31029a1110aa11ec8871b07b25146e9e,0.30000000000000004,0.0,0.08579626858466283
e9e8eeb310aa11ec8871b07b25146e9e,0.2,0.10204081632653061,0.0809287240784556
ea92213310a911ec8871b07b25146e9e,0.1,0.0,0.09215807313415283
fb70a78e10a711ec8871b07b25146e9e,0.2,0.0,0.11004788134533276
af5e828d10a911ec8871b07b25146e9e,0.30000000000000004,0.061224489795918366,0.09529149878566552
ab46c96c6f9311ecb369fa164011f743,0.2,0.12244897959183673,0.11648184455548928
456b81c610a911ec8871b07b25146e9e,0.1,0.0,0.01452443209773633
8a9564c310a811ec8871b07b25146e9e,0.1,0.02040816326530612,0.06574602463959878
769aed3510ab11ec8871b07b25146e9e,0.1,0.0,0.12911216544642096
b8025df710aa11ec8871b07b25146e9e,0.2,0.08163265306122448,0.0762977094728208
d073b49710aa11ec8871b07b25146e9e,0.1,0.061224489795918366,0.19101067341569858
fb86178210a711ec8871b07b25146e9e,0.2,0.061224489795918366,0.11252717543392014
4b61556710ac11ec8871b07b25146e9e,0.2,0.04081632653061225,0.07867521351329507
37822b4ca9ae11eca4f5fa164011f743,0.30000000000000004,0.12244897959183673,0.1345232820319159
e6f3c51e10c311ec8216b07b25146e9e,0.1,0.0,0.12706422241304727
c660ca2210a811ec8871b07b25146e9e,0.2,0.02040816326530612,0.005272970866639188
4c6da50c10ab11ec8871b07b25146e9e,0.1,0.0,0.16357794471201345
d04d68a410aa11ec8871b07b25146e9e,0.5,0.08163265306122448,0.08693332483495238
7005f70e10ab11ec8871b07b25146e9e,0.2,0.02040816326530612,0.03936928825179402
f847e26a10a711ec8871b07b25146e9e,0.2,0.3061224489795918,0.09947817142186022
0ad217e96e3011ecb369fa164011f743,0.30000000000000004,0.0,0.01380079917284949
0ec395a110ac11ec8871b07b25146e9e,0.2,0.02040816326530612,0.07354349107365298
b795c55c10a811ec8871b07b25146e9e,0.1,0.061224489795918366,0.06651458561788706
f57b83fb10a711ec8871b07b25146e9e,0.1,0.02040816326530612,0.06341827528174465
200008bb10ab11ec8871b07b25146e9e,0.2,0.12244897959183673,0.17566288856604645
8ba62c3c10a811ec8871b07b25146e9e,0.1,0.0,0.0335132367892717
61bfe25510ab11ec8871b07b25146e9e,0.2,0.02040816326530612,0.0552831453532265
847103c710a811ec8871b07b25146e9e,0.2,0.02040816326530612,0.04884074559862938
3716c7f96dca11ecb369fa164011f743,0.1,0.10204081632653061,0.12548512236608972
60fb468f143011eca228fa164011f743,0.1,0.04081632653061225,0.06793179390966714
140d600a10ac11ec8871b07b25146e9e,0.2,0.02040816326530612,0.02791606498668026
00ed70b910c511ec8216b07b25146e9e,0.2,0.04081632653061225,0.042737097210234595
360fa26810c711ec8216b07b25146e9e,0.2,0.04081632653061225,0.06387354610628
5dfa2c2d10a911ec8871b07b25146e9e,0.2,0.02040816326530612,0.10742976992575536
6293147210a811ec8871b07b25146e9e,0.1,0.0,0.10532910592283494
52fbb3e210ab11ec8871b07b25146e9e,0.1,0.02040816326530612,0.0007148547444126126
b72ad8d6332c11edbf26fa164011f743,0.4,0.061224489795918366,0.07792232639979058
cfe061cf138311eca228fa164011f743,0.30000000000000004,0.04081632653061225,0.13410847817045934
3a9b4456e94c11eca3e4fa164011f743,0.2,0.02040816326530612,0.0907090786993286
a003dca210a911ec8871b07b25146e9e,0.2,0.0,0.3383083173194698
32f1f39210bf11ec8216b07b25146e9e,0.2,0.0,0.19736830370921488
60e2b28910ac11ec8871b07b25146e9e,0.1,0.02040816326530612,0.050380837340112346
1bd34b0d10a911ec8871b07b25146e9e,0.2,0.02040816326530612,0.061385216735698266
011e406010ab11ec8871b07b25146e9e,0.2,0.02040816326530612,0.14134393409035445
aa07cf0a6dd611ecb369fa164011f743,0.1,0.08163265306122448,0.10100711102053313
567f929d10a811ec8871b07b25146e9e,0.4,0.0,0.10588817580191988
dcaf1bd110a711ec8871b07b25146e9e,0.1,0.02040816326530612,0.057550538234482654
30adb56410ab11ec8871b07b25146e9e,0.2,0.0,0.4992333002384989
481d60bb10a911ec8871b07b25146e9e,0.1,0.0,0.14407484778166035
1483cc7a10a811ec8871b07b25146e9e,0.1,0.0,0.10816733005747946
7c90830f10ac11ec8871b07b25146e9e,0.2,0.02040816326530612,0.05835583266533919
3746e8cf10a911ec8871b07b25146e9e,0.30000000000000004,0.061224489795918366,0.13990923531624672
4b78996810ab11ec8871b07b25146e9e,0.1,0.0,0.40884687870000835
fa2ebabd10aa11ec8871b07b25146e9e,0.2,0.04081632653061225,0.23866269993340117
6cf8b0c910ab11ec8871b07b25146e9e,0.1,0.02040816326530612,0.06912156529953696
f5f31a7410a911ec8871b07b25146e9e,0.1,0.0,0.010189638087104085
1ce8551856e511eeb806fa164011f743,0.1,0.02040816326530612,0.047968639169331834
d3a932c810ab11ec8871b07b25146e9e,0.1,0.10204081632653061,0.09944426608601382
476c157310ac11ec8871b07b25146e9e,0.1,0.0,0.010177367173733461
81f5f5ea10ab11ec8871b07b25146e9e,0.2,0.0,0.000564968056135959
34ec139f67a811ecb369fa164011f743,0.2,0.04081632653061225,0.06100865045815238
9352e74da40811ec93eafa164011f743,0.4,0.18367346938775508,0.24305923445466515
36a9551010ab11ec8871b07b25146e9e,0.1,0.0,0.08666198478774147
488fa0ab10a911ec8871b07b25146e9e,0.2,0.0,0.1167783933776026
84cb701310ab11ec8871b07b25146e9e,0.2,0.02040816326530612,0.08741566769166552
9c11c7ad10ac11ec8871b07b25146e9e,0.1,0.04081632653061225,0.08462134728531831
f06bb81410a911ec8871b07b25146e9e,0.2,0.02040816326530612,0.0910980709673525
3ee7c73310a911ec8871b07b25146e9e,0.2,0.02040816326530612,0.08543961455750528
2ab88fd810a911ec8871b07b25146e9e,0.1,0.061224489795918366,0.13633901925082845
38dfd54310a811ec8871b07b25146e9e,0.1,0.02040816326530612,0.06297833843494945
5f705aee10a911ec8871b07b25146e9e,0.1,0.0,0.15312844986260254
1b037b0510a811ec8871b07b25146e9e,0.2,0.0,0.09057090907761041
d0b8c12310aa11ec8871b07b25146e9e,0.2,0.10204081632653061,0.06018434683870965
c2f2e6a36ee811ecb369fa164011f743,0.2,0.02040816326530612,0.0035047531212123095
923e71cd10c311ec8216b07b25146e9e,0.1,0.0,0.02435347218538372
c0bf14db10a811ec8871b07b25146e9e,0.2,0.02040816326530612,0.0691579915128736
91831d45703a11ecb369fa164011f743,0.2,0.10204081632653061,0.06673026639246367
bc2280f010aa11ec8871b07b25146e9e,0.1,0.0,0.14023375223638024
27eb35f910ab11ec8871b07b25146e9e,0.2,0.02040816326530612,0.0594133646753573
33857bdc10ab11ec8871b07b25146e9e,0.1,0.02040816326530612,0.10751024969752693
89f3ec7210a911ec8871b07b25146e9e,0.2,0.0,0.11356235360360332
9c70475010ac11ec8871b07b25146e9e,0.2,0.02040816326530612,0.11104682977154846
30b1f25b10c511ec8216b07b25146e9e,0.2,0.061224489795918366,0.12538695622511803
2287c30510ab11ec8871b07b25146e9e,0.2,0.08163265306122448,0.18691918664162954
8b65bb0010a811ec8871b07b25146e9e,0.2,0.0,0.06083462537681238
3564f11410a811ec8871b07b25146e9e,0.2,0.061224489795918366,0.025098531402944307
c549011e10c211ec8216b07b25146e9e,0.4,0.12244897959183673,0.12556121567110906
ccfce44510ab11ec8871b07b25146e9e,0.1,0.0,0.002868050825966938
a465b4ab7c3e11ecb17dfa164011f743,0.2,0.04081632653061225,0.1470744669583413
927b84bb10ab11ec8871b07b25146e9e,0.2,0.02040816326530612,0.07475729591719014
9862925a10a911ec8871b07b25146e9e,0.2,0.02040816326530612,0.07888704184604571
3b66774a10a811ec8871b07b25146e9e,0.1,0.0,0.08023489335903211
81f2989610ab11ec8871b07b25146e9e,0.1,0.04081632653061225,0.06583848557540871
d558c24d10a711ec8871b07b25146e9e,0.2,0.02040816326530612,0.3030031219954193
759fcdfc10a911ec8871b07b25146e9e,0.1,0.02040816326530612,0.08020794958611607
4b712bb910a911ec8871b07b25146e9e,0.1,0.10204081632653061,0.08717645250854911
8820584710a911ec8871b07b25146e9e,0.2,0.0,0.13253267496952573
815e5d9310ab11ec8871b07b25146e9e,0.1,0.08163265306122448,0.16185894062832074
cde4c1f810ab11ec8871b07b25146e9e,0.2,0.0,0.030487139070996913
72e59aab10ac11ec8871b07b25146e9e,0.1,0.02040816326530612,0.10079739721661159
a55e132f10a911ec8871b07b25146e9e,0.1,0.02040816326530612,0.1327200903177935
295a0bef10ac11ec8871b07b25146e9e,0.1,0.04081632653061225,0.12642967837137933
f7b4757f10c111ec8216b07b25146e9e,0.1,0.02040816326530612,0.09029718923809717
15841b866eac11ecb369fa164011f743,0.2,0.02040816326530612,0.11782231649695128
ffa8aa3310c111ec8216b07b25146e9e,0.1,0.04081632653061225,0.08944054562879819
24d6bd46a8e911eda9defa164011f743,0.30000000000000004,0.061224489795918366,0.12198872242079792
0c4b3c7d10ac11ec8871b07b25146e9e,0.1,0.02040816326530612,0.04256124501741118
f0aefce210ab11ec8871b07b25146e9e,0.2,0.0,0.1459103759876592
d810449a10ab11ec8871b07b25146e9e,0.1,0.0,0.10981042622908574
d9616dfe10aa11ec8871b07b25146e9e,0.2,0.04081632653061225,0.3452397964570057
7ccd51ad10cb11ec8216b07b25146e9e,0.1,0.0,0.13067226446674532
c8be454c10a911ec8871b07b25146e9e,0.2,0.0,0.0777660611452279
f3cc6e7110a711ec8871b07b25146e9e,0.1,0.0,0.023127129999009444
b3ea457210c111ec8216b07b25146e9e,0.2,0.2040816326530612,0.13497627800354495
0220742910a811ec8871b07b25146e9e,0.1,0.0,0.10484035768199017
e839787cb34d11ed82a1fa164011f743,0.30000000000000004,0.0,0.07857597640748766
4e3d34f810a811ec8871b07b25146e9e,0.30000000000000004,0.02040816326530612,0.011819597012326193
8d33869310ac11ec8871b07b25146e9e,0.2,0.0,0.0767551426319101
78087d5f10ac11ec8871b07b25146e9e,0.1,0.02040816326530612,0.06401478928630727
284abafa924111edb6a3fa164011f743,0.5,0.061224489795918366,0.10955759865732001
d6aaf75410a711ec8871b07b25146e9e,0.4,0.0,0.12356897913309788
87ae525510a911ec8871b07b25146e9e,0.1,0.02040816326530612,0.19707101623035314
aa935e2310a811ec8871b07b25146e9e,0.1,0.061224489795918366,0.10815588058638077
8b27e1e410c211ec8216b07b25146e9e,0.1,0.0,0.06543420655237286
41f17fc810a911ec8871b07b25146e9e,0.1,0.0,0.28461265725393675
3d549fcc10ab11ec8871b07b25146e9e,0.1,0.02040816326530612,0.05209824925996927
2114ccab10ab11ec8871b07b25146e9e,0.30000000000000004,0.0,0.10138547351074029
ce089e6b10a911ec8871b07b25146e9e,0.1,0.02040816326530612,0.1695371708396792
354288d710ac11ec8871b07b25146e9e,0.2,0.02040816326530612,0.02810225720798818
6f88968110c911ec8216b07b25146e9e,0.4,0.4897959183673469,0.18461195934865374
16e9c1f210a911ec8871b07b25146e9e,0.1,0.0,0.06440212292887797
a9fc953110a911ec8871b07b25146e9e,0.2,0.0,0.05904638461163475
e7f6f8a22b2a11ecb7eafa164011f743,0.30000000000000004,0.28571428571428564,0.11827216720168394
61a0f68b10a811ec8871b07b25146e9e,0.2,0.0,0.09202034950486757
8ba36e5810ab11ec8871b07b25146e9e,0.1,0.0,0.008212012027997328
36b053f910a811ec8871b07b25146e9e,0.30000000000000004,0.04081632653061225,0.06533405880580696
fadb099e10ab11ec8871b07b25146e9e,0.1,0.02040816326530612,0.024468956824672955
995a671110ac11ec8871b07b25146e9e,0.2,0.0,0.07600474141609719
52585f0710ac11ec8871b07b25146e9e,0.2,0.0,0.05893241284863763
5cd7c03d10a911ec8871b07b25146e9e,0.2,0.02040816326530612,0.010568447735737492
831cc50f10a911ec8871b07b25146e9e,0.2,0.08163265306122448,0.1038471954974698
27fd0534b33811ed82a1fa164011f743,0.2,0.02040816326530612,0.07070009983974945
66e19b6b10a911ec8871b07b25146e9e,0.1,0.061224489795918366,0.10668458011694643
9fb3dfc56dc311ecb369fa164011f743,0.2,0.04081632653061225,0.05286044508089437
d0b666b210ab11ec8871b07b25146e9e,0.30000000000000004,0.0,0.11791996785188599
19b4e9fa10a911ec8871b07b25146e9e,0.1,0.0,0.024043860157460087
0e1ed3db10c211ec8216b07b25146e9e,0.2,0.0,0.07417597946915286
5af8db5510ab11ec8871b07b25146e9e,0.2,0.0,0.06383599704140629
87c029ec10c811ec8216b07b25146e9e,0.2,0.08163265306122448,0.11021501773832296
8ec53a7110ab11ec8871b07b25146e9e,0.30000000000000004,0.02040816326530612,0.08805791195301223
bbe4ac9c489f11eeb806fa164011f743,0.1,0.0,0.0017509085750556403
f4eb38fe10c011ec8216b07b25146e9e,0.4,0.04081632653061225,0.15894173968725386
b857d0ec10aa11ec8871b07b25146e9e,0.30000000000000004,0.02040816326530612,0.003278420414946474
7d846ec010a911ec8871b07b25146e9e,0.30000000000000004,0.0,0.07722292281544361
066a924c10ac11ec8871b07b25146e9e,0.30000000000000004,0.02040816326530612,0.08632973500011709
6ab19b6d10a911ec8871b07b25146e9e,0.1,0.04081632653061225,0.10187688896123306
2a00070d10a911ec8871b07b25146e9e,0.1,0.061224489795918366,0.1813130326097383
216ef02c10ab11ec8871b07b25146e9e,0.1,0.0,0.07672454521902382
4a3a8c5510ab11ec8871b07b25146e9e,0.1,0.02040816326530612,0.11151633912312917
449e46b86f6711ecb369fa164011f743,0.2,0.04081632653061225,0.08651320171211259
eef23d5c10aa11ec8871b07b25146e9e,0.1,0.0,0.036136210400863136
86e25ef510a811ec8871b07b25146e9e,0.1,0.02040816326530612,0.09253522532332628
b75cd8ac10a811ec8871b07b25146e9e,0.1,0.0,0.06382953685559006
aa136c3910a911ec8871b07b25146e9e,0.4,0.04081632653061225,0.4906306892037258
8dcaa50510aa11ec8871b07b25146e9e,0.2,0.061224489795918366,0.09951571290777757
8d8935ec10a911ec8871b07b25146e9e,0.30000000000000004,0.061224489795918366,0.0926144959600574
4647d16610ab11ec8871b07b25146e9e,0.1,0.0,0.043114809076186686
860eb8c310ab11ec8871b07b25146e9e,0.2,0.2040816326530612,0.08901138955595057
198c539010a911ec8871b07b25146e9e,0.2,0.0,0.15988337662834515
01616c5710a811ec8871b07b25146e9e,0.1,0.02040816326530612,0.011558738078787694
a4589c3010ab11ec8871b07b25146e9e,0.1,0.08163265306122448,0.09774891067820324
a018aa1510a811ec8871b07b25146e9e,0.2,0.08163265306122448,0.1570955700435054
ff619c1e10a911ec8871b07b25146e9e,0.2,0.0,0.16639582751073936
a736e5f010ab11ec8871b07b25146e9e,0.2,0.02040816326530612,0.03321372109723521
57f981ee10ac11ec8871b07b25146e9e,0.1,0.061224489795918366,0.08158706487715327
9df49bd910a911ec8871b07b25146e9e,0.1,0.10204081632653061,0.03982114096700345
4b6c9f1710ab11ec8871b07b25146e9e,0.2,0.0,0.09603449885907818
c1eb251d10c011ec8216b07b25146e9e,0.1,0.0,0.056712975522357115
bbe3fe5110a811ec8871b07b25146e9e,0.1,0.0,0.07894914556358687
440074d310c211ec8216b07b25146e9e,0.1,0.02040816326530612,0.3136223499048744
a56994e510ab11ec8871b07b25146e9e,0.1,0.0,0.062287647152455876
4c46ea1e10a911ec8871b07b25146e9e,0.2,0.0,0.0881640645650151
8bb5e51810a911ec8871b07b25146e9e,0.30000000000000004,0.061224489795918366,0.15815211270821808
8b5c9e6a10aa11ec8871b07b25146e9e,0.2,0.0,0.055906192118070894
cec6e0a910aa11ec8871b07b25146e9e,0.2,0.04081632653061225,0.11615044594296568
3f03000b10a811ec8871b07b25146e9e,0.1,0.0,0.13941931525214676
a67fbba810a911ec8871b07b25146e9e,0.2,0.08163265306122448,0.08110140768451689
7151271d162311eeb806fa164011f743,0.2,0.0,0.1242331015095177
e4bb0dd210a911ec8871b07b25146e9e,0.1,0.0,0.06990379521714905
f950474c10ab11ec8871b07b25146e9e,0.2,0.0,0.10399896001793796
5f5f3f8d10a911ec8871b07b25146e9e,0.1,0.0,0.03595364033770666
de80a0bd10a711ec8871b07b25146e9e,0.30000000000000004,0.02040816326530612,0.2588315743676475
4f5e15dd10a911ec8871b07b25146e9e,0.2,0.0,0.1557492646376199
6921f74610a811ec8871b07b25146e9e,0.1,0.02040816326530612,0.11370335425702655
ad39934810ab11ec8871b07b25146e9e,0.1,0.02040816326530612,0.004849654088181561
ca806b4910a911ec8871b07b25146e9e,0.1,0.02040816326530612,0.06028709533330606
bcc2f04510ab11ec8871b07b25146e9e,0.1,0.02040816326530612,0.04762228610988359
6235df3f10a811ec8871b07b25146e9e,0.1,0.02040816326530612,0.0909784132380829
2b8e3120659a11ed87c1fa164011f743,0.1,0.02040816326530612,0.019612980720879886
a450013b10a911ec8871b07b25146e9e,0.2,0.0,0.01616151057797944
883587a610ab11ec8871b07b25146e9e,0.30000000000000004,0.061224489795918366,0.23896823389979754
9b1aeec610a911ec8871b07b25146e9e,0.1,0.0,0.07930697607797273
6458c96810ab11ec8871b07b25146e9e,0.2,0.02040816326530612,0.06184510139567712
54b5de142d3a11efbde5fa164011f743,0.30000000000000004,0.12244897959183673,0.14886110040177047
361b828610ac11ec8871b07b25146e9e,0.1,0.0,0.09577157203644211
7a09679110c111ec8216b07b25146e9e,0.2,0.04081632653061225,0.1792076749008341
999975e010ab11ec8871b07b25146e9e,0.2,0.08163265306122448,0.13684051996027213
c50efc5a10ab11ec8871b07b25146e9e,0.1,0.02040816326530612,0.13792928018554573
f80c043c10ca11ec8216b07b25146e9e,0.1,0.04081632653061225,0.0802545724107627
c195214010a911ec8871b07b25146e9e,0.1,0.04081632653061225,0.09098102622904293
cf79070410a711ec8871b07b25146e9e,0.1,0.0,0.1133375098707672
740a861b10ac11ec8871b07b25146e9e,0.1,0.02040816326530612,0.10376945639292344
d9b6032e6ed211ecb369fa164011f743,0.1,0.04081632653061225,0.07519656581582419
6aa2f1ab10a911ec8871b07b25146e9e,0.1,0.0,0.07926718830598467
fd7959c76e9211ecb369fa164011f743,0.30000000000000004,0.02040816326530612,0.1436567499891631
58596735a81b11edb6a3fa164011f743,0.1,0.04081632653061225,0.131752352616934
461bb6fd10ab11ec8871b07b25146e9e,0.1,0.02040816326530612,0.09860871704429792
ec7776966f8211ecb369fa164011f743,0.30000000000000004,0.061224489795918366,0.12142909053294786
5ce29c9810a911ec8871b07b25146e9e,0.1,0.0,0.08098462937567381
f280baae10ab11ec8871b07b25146e9e,0.2,0.04081632653061225,0.10280874729960836
747edaa4130411eca228fa164011f743,0.6000000000000001,0.08163265306122448,0.16473558832280552
131438c610ac11ec8871b07b25146e9e,0.6000000000000001,0.02040816326530612,0.12357968878145487
d18b7eff10a911ec8871b07b25146e9e,0.2,0.02040816326530612,0.04281030876284085
5e9e049110a911ec8871b07b25146e9e,0.2,0.061224489795918366,0.056083745495102574
f3269e1910a911ec8871b07b25146e9e,0.1,0.02040816326530612,0.06075103298595656
3e1fd20810ab11ec8871b07b25146e9e,0.1,0.04081632653061225,0.09260706450183168
743cadd010ab11ec8871b07b25146e9e,0.2,0.02040816326530612,0.13589518390547237
aceee45810aa11ec8871b07b25146e9e,0.1,0.0,0.1370015791962414
ee3efc5e10a911ec8871b07b25146e9e,0.2,0.0,0.0317484942868419
46bc282410ab11ec8871b07b25146e9e,0.2,0.02040816326530612,0.11893797618739596
25a49fce10ac11ec8871b07b25146e9e,0.30000000000000004,0.061224489795918366,0.2300389401123571
835063a810a911ec8871b07b25146e9e,0.30000000000000004,0.02040816326530612,0.10221822416856326
72db79dc10a811ec8871b07b25146e9e,0.2,0.0,0.15360617072191912
fe8d253210ca11ec8216b07b25146e9e,0.4,0.0,0.10858896314162818
a7c1c51410a911ec8871b07b25146e9e,0.2,0.02040816326530612,0.11631844050701634
ee15977a15ca11eca228fa164011f743,0.2,0.04081632653061225,0.11724327082084382
206a9de410a911ec8871b07b25146e9e,0.2,0.0,0.14725278464397382
d2ce4c4b10a911ec8871b07b25146e9e,0.2,0.04081632653061225,0.14960541105163966
0ade0ebe10a811ec8871b07b25146e9e,0.1,0.2040816326530612,0.10406025803411659
e07b779510ab11ec8871b07b25146e9e,0.30000000000000004,0.0,0.09156271870991582
d868ed7410a711ec8871b07b25146e9e,0.2,0.14285714285714285,0.06373264339629303
2f1a997310ab11ec8871b07b25146e9e,0.2,0.0,0.06534737794714418
0f9c162410a811ec8871b07b25146e9e,0.1,0.12244897959183673,0.09703335925280059
ce32971310c611ec8216b07b25146e9e,0.1,0.0,0.07804335300518118
1b1efb3810a811ec8871b07b25146e9e,0.1,0.0,0.12029697984319243
0756c16010a811ec8871b07b25146e9e,0.1,0.061224489795918366,0.1809901189303768
8a1e196e10a811ec8871b07b25146e9e,0.5,0.0,0.19600676518400867
988712ba10ab11ec8871b07b25146e9e,0.1,0.0,0.06832660215221524
b9f94376cabe42888a8d878502a1ac53,0.30000000000000004,0.02040816326530612,0.31538738973559294
098303fd10aa11ec8871b07b25146e9e,0.2,0.02040816326530612,0.06608094804983422
e11b952510aa11ec8871b07b25146e9e,0.1,0.02040816326530612,0.012771178127180404
acce7ce8143411eca228fa164011f743,0.1,0.0,0.11502586756985549
4b93788310ab11ec8871b07b25146e9e,0.30000000000000004,0.0,0.2339927568928321
ff407c7c7c2b11ecb17dfa164011f743,0.1,0.0,0.00787765179252034
32065b2810ca11ec8216b07b25146e9e,0.1,0.04081632653061225,0.11391723473796535
3f583f20736e11ecb369fa164011f743,0.6000000000000001,0.02040816326530612,0.12087914979831707
3e59e15f10a911ec8871b07b25146e9e,0.1,0.02040816326530612,0.047266265800078464
0b317f3510ac11ec8871b07b25146e9e,0.2,0.04081632653061225,0.007051652818835794
81c47e5610a811ec8871b07b25146e9e,0.30000000000000004,0.061224489795918366,0.05920671393580528
61b27b7f703111ecb369fa164011f743,0.30000000000000004,0.16326530612244897,0.04877867452890034
e85a18c310ab11ec8871b07b25146e9e,0.30000000000000004,0.02040816326530612,0.03551743233744881
6844a2f510c311ec8216b07b25146e9e,0.30000000000000004,0.0,0.06972461294749299
0ccc891410a811ec8871b07b25146e9e,0.1,0.0,0.005272500971343827
54d16a9410ac11ec8871b07b25146e9e,0.2,0.0,0.4134855422216172
19e58dcc10aa11ec8871b07b25146e9e,0.1,0.02040816326530612,0.08216411437275042
30a8948a10aa11ec8871b07b25146e9e,0.1,0.0,0.08229277823418221
8dc7a7fd10a911ec8871b07b25146e9e,0.1,0.02040816326530612,0.13325411349504315
b16bdbcb10ab11ec8871b07b25146e9e,0.1,0.16326530612244897,0.17019547957356143
63957c3310ab11ec8871b07b25146e9e,0.2,0.04081632653061225,0.15512843384302075
ba2bd10b10ca11ec8216b07b25146e9e,0.1,0.0,0.013504347128179143
b745a73d10a811ec8871b07b25146e9e,0.1,0.0,0.12920161403856945
e68003d26ed511ecb369fa164011f743,0.30000000000000004,0.0,0.19240184507734126
ec7634ad10a911ec8871b07b25146e9e,0.1,0.02040816326530612,0.04782241661496502
80296f7a10ab11ec8871b07b25146e9e,0.2,0.04081632653061225,0.003965391012855689
e6db168c10ab11ec8871b07b25146e9e,0.2,0.0,0.0360872246908169
d026d7f9741411ecb369fa164011f743,0.30000000000000004,0.04081632653061225,0.10535337898812315
a461d48b1cd711efbde5fa164011f743,0.2,0.04081632653061225,0.053862354547066796
246d17e910ab11ec8871b07b25146e9e,0.2,0.0,0.08636463317924886
4e146dba10a811ec8871b07b25146e9e,0.1,0.28571428571428564,0.0970218048423059
932df34710a811ec8871b07b25146e9e,0.2,0.0,0.3124010174086652
bbb2025a661a11ed87c1fa164011f743,0.1,0.04081632653061225,0.029207775671804097
00dc137110ac11ec8871b07b25146e9e,0.1,0.0,0.09953083992170894
f762ac9d10aa11ec8871b07b25146e9e,0.1,0.04081632653061225,0.13458712016447402
1a6ad5f610a811ec8871b07b25146e9e,0.2,0.02040816326530612,0.03055325963541772
19c894ff10bf11ec8216b07b25146e9e,0.1,0.0,0.13144720051333975
3f2d074910a911ec8871b07b25146e9e,0.2,0.0,0.06243898258739378
814ed3bf10ab11ec8871b07b25146e9e,0.1,0.02040816326530612,0.10428759466060403
f202e94f10aa11ec8871b07b25146e9e,0.1,0.0,0.09758123384732371
351473b610a811ec8871b07b25146e9e,0.2,0.04081632653061225,0.105050438190801
ee69825d10aa11ec8871b07b25146e9e,0.2,0.08163265306122448,0.1191321449687921
5ff61f3610cb11ec8216b07b25146e9e,0.1,0.04081632653061225,0.1210661885307526
d95d47b310a911ec8871b07b25146e9e,0.2,0.0,0.14766297875096338
1f6befc010ab11ec8871b07b25146e9e,0.2,0.02040816326530612,0.08962317982158552
48388ae610a911ec8871b07b25146e9e,0.30000000000000004,0.04081632653061225,0.08549118818965584
516cc80310a911ec8871b07b25146e9e,0.2,0.061224489795918366,0.13695584719046738
ed9e07e010a711ec8871b07b25146e9e,0.1,0.0,0.017304609588487858
2f25641e10a911ec8871b07b25146e9e,0.1,0.0,0.10423988979418544
9ce2dfa810ab11ec8871b07b25146e9e,0.1,0.02040816326530612,0.176503877549451
bed92b3910a911ec8871b07b25146e9e,0.1,0.0,0.006976048648001079
72986a3410c611ec8216b07b25146e9e,0.2,0.04081632653061225,0.05388537533556289
adc36be010c911ec8216b07b25146e9e,0.2,0.08163265306122448,0.16975194796945703
be77c88910a811ec8871b07b25146e9e,0.30000000000000004,0.02040816326530612,0.07421394187864742
13aa691d10ac11ec8871b07b25146e9e,0.1,0.0,0.03216111365987204
81ae7f2110a811ec8871b07b25146e9e,0.2,0.08163265306122448,0.19447124180423103
497948b510a911ec8871b07b25146e9e,0.2,0.0,0.008830615775414987
c7a3661d10a911ec8871b07b25146e9e,0.2,0.02040816326530612,0.05742174553079248
8717117910aa11ec8871b07b25146e9e,0.30000000000000004,0.02040816326530612,0.07474823789832663
3cc6fc9110ab11ec8871b07b25146e9e,0.1,0.0,0.007942709554058472
957387c010c011ec8216b07b25146e9e,0.4,0.0,0.11647533714694487
fa096a3310ab11ec8871b07b25146e9e,0.1,0.04081632653061225,0.08986010441088621
35b7b61910ab11ec8871b07b25146e9e,0.2,0.0,0.07676953565306621
fda9c66110a811ec8871b07b25146e9e,0.30000000000000004,0.04081632653061225,0.08931704187066568
6ed5b43e10cb11ec8216b07b25146e9e,0.2,0.061224489795918366,0.10767537416909737
ae879149ed5411eca3e4fa164011f743,0.2,0.02040816326530612,0.10428509010701983
21db03dc10a911ec8871b07b25146e9e,0.30000000000000004,0.08163265306122448,0.10493078162752466
0975401010ac11ec8871b07b25146e9e,0.1,0.0,0.05875368939734067
767453db10ab11ec8871b07b25146e9e,0.2,0.0,0.15487167162690219
b092e18110c111ec8216b07b25146e9e,0.4,0.0,0.1950115887460821
c47fb94510a911ec8871b07b25146e9e,0.2,0.02040816326530612,0.0813144037595462
c0de48dc10a911ec8871b07b25146e9e,0.2,0.04081632653061225,0.12904690655104056
3cb3390210a811ec8871b07b25146e9e,0.1,0.04081632653061225,0.07696241834386489
faa3682f6eba11ecb369fa164011f743,0.1,0.0,0.22897032591912617
8c522a0110c011ec8216b07b25146e9e,0.1,0.02040816326530612,0.10073097640891894
5408380810a811ec8871b07b25146e9e,0.4,0.0,0.07668410973776384
39794b7610ac11ec8871b07b25146e9e,0.2,0.0,0.004858239879763146
26c7770010ac11ec8871b07b25146e9e,0.1,0.0,0.008854186912743365
dd8b2d5610ab11ec8871b07b25146e9e,0.1,0.0,0.04907325165636241
8e2ab4cb10a911ec8871b07b25146e9e,0.2,0.04081632653061225,0.07352008900535147
4287b7df71b511ecb369fa164011f743,0.2,0.061224489795918366,0.02998573863697608
3f15db3410a911ec8871b07b25146e9e,0.1,0.02040816326530612,0.048118540432524594
303de25410a911ec8871b07b25146e9e,0.2,0.061224489795918366,0.10229874475009992
15c2f10010a911ec8871b07b25146e9e,0.1,0.12244897959183673,0.12230745718021259
cb4a474c10a911ec8871b07b25146e9e,0.1,0.02040816326530612,0.08078763247755584
8c9f488d10ab11ec8871b07b25146e9e,0.2,0.04081632653061225,0.15954077456930674
2dedbc8a10ca11ec8216b07b25146e9e,0.2,0.02040816326530612,0.11774138198779714
9cd0983510a911ec8871b07b25146e9e,0.1,0.02040816326530612,0.07239092186565346
d2e8cfa110a711ec8871b07b25146e9e,0.2,0.02040816326530612,0.09895991422286422
a7cc9e5310a911ec8871b07b25146e9e,0.1,0.0,0.09528329718887256
b044f8d810c811ec8216b07b25146e9e,0.1,0.0,0.0808351455380784
8e45903510a911ec8871b07b25146e9e,0.1,0.0,0.08065670717214056
296a7b7b10ab11ec8871b07b25146e9e,0.1,0.02040816326530612,0.09028945112363654
6996ac37a36b11ec93eafa164011f743,0.30000000000000004,0.0,0.1014071499089745
64138e2810a911ec8871b07b25146e9e,0.1,0.02040816326530612,0.08630039452799605
909bee9210a911ec8871b07b25146e9e,0.1,0.0,0.0005600965361756338
60824f3510a911ec8871b07b25146e9e,0.2,0.02040816326530612,0.06192662473144209
c61ca13410a911ec8871b07b25146e9e,0.1,0.0,0.0753790181136585
4fb9352b10aa11ec8871b07b25146e9e,0.1,0.02040816326530612,0.053683021281279844
7e0d927d10ac11ec8871b07b25146e9e,0.30000000000000004,0.02040816326530612,0.07897256453879103
638e661410a911ec8871b07b25146e9e,0.1,0.061224489795918366,0.10085666290648795
c729a2b310ab11ec8871b07b25146e9e,0.2,0.02040816326530612,0.09768703199736681
9150958d10ab11ec8871b07b25146e9e,0.2,0.04081632653061225,0.12452638671641586
a619067910ab11ec8871b07b25146e9e,0.2,0.0,0.005676240139486984
4cda161710c911ec8216b07b25146e9e,0.30000000000000004,0.0,0.17892001036458433
6460c7cd10ab11ec8871b07b25146e9e,0.1,0.0,0.11706007287030136
9638c87f10ab11ec8871b07b25146e9e,0.1,0.0,0.09990623729098287
51bea69710ab11ec8871b07b25146e9e,0.2,0.02040816326530612,0.18185900197122767
c32fa64210ab11ec8871b07b25146e9e,0.1,0.02040816326530612,0.0890857875067281
9af5e64a10a911ec8871b07b25146e9e,0.1,0.0,0.08530347493010278
3c50cf4310a811ec8871b07b25146e9e,0.2,0.02040816326530612,0.11751079398902406
dc70b4cf10a811ec8871b07b25146e9e,0.1,0.02040816326530612,0.1660295598689162
0bf55d0c10ac11ec8871b07b25146e9e,0.2,0.061224489795918366,0.0667755792236504
d6b1fdd410ab11ec8871b07b25146e9e,0.1,0.0,0.02967440968393479
d240711f10ab11ec8871b07b25146e9e,0.1,0.04081632653061225,0.11640479630196648
3210bf0010a811ec8871b07b25146e9e,0.1,0.04081632653061225,0.09461154163738801
8a4282a810aa11ec8871b07b25146e9e,0.1,0.0,0.008514316775980474
41ba7f2c10ab11ec8871b07b25146e9e,0.1,0.0,0.007541535571150524
510fd17510a811ec8871b07b25146e9e,0.4,0.02040816326530612,0.09452512287880031
496ff63810a911ec8871b07b25146e9e,0.1,0.0,0.023947391702716782
70af1eb410c011ec8216b07b25146e9e,0.1,0.04081632653061225,0.10050734647509638
621f3b8c10a811ec8871b07b25146e9e,0.2,0.02040816326530612,0.12957449111334982
5ea5ae3810a911ec8871b07b25146e9e,0.1,0.0,0.00011212133164789095
a3529d4310aa11ec8871b07b25146e9e,0.1,0.0,0.03746560015911239
b9a49197d47311eebde5fa164011f743,0.1,0.04081632653061225,0.06848404039602637
89a5b06a10ac11ec8871b07b25146e9e,0.1,0.0,0.04714289962915403
afce468e10ab11ec8871b07b25146e9e,0.30000000000000004,0.02040816326530612,0.02865043262877981
3478c81b10ac11ec8871b07b25146e9e,0.1,0.0,0.09584341179794416
3cd9dac810ab11ec8871b07b25146e9e,0.2,0.0,0.14992406710650738
1ebc8e3810ab11ec8871b07b25146e9e,0.1,0.08163265306122448,0.30853754761816765
a705fd4d10a811ec8871b07b25146e9e,0.1,0.02040816326530612,0.1144614720164243
81e2677110a911ec8871b07b25146e9e,0.2,0.04081632653061225,0.1250500774441374
f23f513610aa11ec8871b07b25146e9e,0.1,0.02040816326530612,0.10165190414320902
29c108e210ab11ec8871b07b25146e9e,0.2,0.04081632653061225,0.10162118954799722
85d0183710ac11ec8871b07b25146e9e,0.2,0.04081632653061225,0.08371320933141235
3eccd9e710a911ec8871b07b25146e9e,0.4,0.0,0.06320570887524224
ce70dea410a911ec8871b07b25146e9e,0.1,0.02040816326530612,0.0864477067030912
4848a1ee10a911ec8871b07b25146e9e,0.2,0.04081632653061225,0.07019796424696007
3f19e9ce10a911ec8871b07b25146e9e,0.30000000000000004,0.02040816326530612,0.1060353737096727
3d9449cf10ab11ec8871b07b25146e9e,0.2,0.02040816326530612,0.09382329227942283
4366840210a911ec8871b07b25146e9e,0.1,0.04081632653061225,0.07131834387823752
f989459e10ab11ec8871b07b25146e9e,0.2,0.02040816326530612,0.12073376326113827
3e4a854f10a911ec8871b07b25146e9e,0.2,0.08163265306122448,0.10676591339580534
472da3f96dea11ecb369fa164011f743,0.2,0.02040816326530612,0.1103491501082789
343d0cda10ab11ec8871b07b25146e9e,0.1,0.0,0.12094370676573768
56094bef10ab11ec8871b07b25146e9e,0.4,0.02040816326530612,0.12572711960919303
798720fd6dfd11ecb369fa164011f743,0.1,0.02040816326530612,0.10800993728740658
c3c25d2b10c511ec8216b07b25146e9e,0.5,0.0,0.15859492839244313
fed8023410a911ec8871b07b25146e9e,0.2,0.02040816326530612,0.1796103722539738
9298e2f410cb11ec8216b07b25146e9e,0.2,0.02040816326530612,0.17992949179117373
722eb1fd10cb11ec8216b07b25146e9e,0.1,0.0,0.012680326845105575
b351a14410c211ec8216b07b25146e9e,0.2,0.08163265306122448,0.07847835303639188
a05e2ddf10ab11ec8871b07b25146e9e,0.1,0.04081632653061225,0.1885677227549244
3fec056410a911ec8871b07b25146e9e,0.1,0.04081632653061225,0.23375357902150098
4665835110a811ec8871b07b25146e9e,0.1,0.02040816326530612,0.09346087707942566
538c8cc610a811ec8871b07b25146e9e,0.4,0.04081632653061225,0.06223404818996277
c4edcbbe6e9111ecb369fa164011f743,0.2,0.04081632653061225,0.09900285425770837
2492f45a10a911ec8871b07b25146e9e,0.1,0.0,0.010282727493296635
edd4dbb010a711ec8871b07b25146e9e,0.1,0.02040816326530612,0.18579061007753225
2ead51cc10ab11ec8871b07b25146e9e,0.2,0.10204081632653061,0.09627764227358435
6ad8172b10c511ec8216b07b25146e9e,0.1,0.0,0.1316401315928599
ef433e2b10ab11ec8871b07b25146e9e,0.1,0.061224489795918366,0.09463018178909832
bf56acc5702b11ecb369fa164011f743,0.1,0.04081632653061225,0.0690713757014201
1ef25cb010ac11ec8871b07b25146e9e,0.2,0.02040816326530612,0.11598845274637212
d82794cb10a911ec8871b07b25146e9e,0.1,0.02040816326530612,0.06142428800481041
b5dff42310a811ec8871b07b25146e9e,0.2,0.04081632653061225,0.11390447527340677
b4144da610ab11ec8871b07b25146e9e,0.1,0.0,0.005294770277165334
597d072d10ab11ec8871b07b25146e9e,0.2,0.04081632653061225,0.03939461828999844
40b448fb10ab11ec8871b07b25146e9e,0.2,0.14285714285714285,0.29987546276371607
f90171f710a911ec8871b07b25146e9e,0.1,0.0,0.06520762607253318
82d0ce1f10ab11ec8871b07b25146e9e,0.1,0.04081632653061225,0.12307028088852369
5c917f8410c911ec8216b07b25146e9e,0.1,0.061224489795918366,0.09616121726070773
3cb78afb10ab11ec8871b07b25146e9e,0.5,0.0,0.24017114545103468
eb097ee574ff11ecb369fa164011f743,0.2,0.0,0.029091998368199395
85c1785c10bd11ec8216b07b25146e9e,0.4,0.04081632653061225,0.11558757958973269
4bbffc6910ab11ec8871b07b25146e9e,0.1,0.0,0.30017727429653807
abfb68f4710411ecb369fa164011f743,0.1,0.02040816326530612,0.04070786195618196
26e3715a10ab11ec8871b07b25146e9e,0.2,0.10204081632653061,0.11325938598843553
01eca9ee10ac11ec8871b07b25146e9e,0.2,0.04081632653061225,0.11928871571359641
35d41e6710ac11ec8871b07b25146e9e,0.1,0.0,0.007600023543503285
6b012e2472d711ecb369fa164011f743,0.4,0.02040816326530612,0.27909832752551983
a9850e0e10ab11ec8871b07b25146e9e,0.5,0.061224489795918366,0.1433004002862539
b39def0f10aa11ec8871b07b25146e9e,0.2,0.0,0.2222903766028256
8bf426104bf111ecb369fa164011f743,0.1,0.0,0.08168956909615568
8835a68010aa11ec8871b07b25146e9e,0.30000000000000004,0.02040816326530612,0.07800072545653837
155f7ab6160811eca228fa164011f743,0.1,0.02040816326530612,0.09579007168596117
73af131610cb11ec8216b07b25146e9e,0.2,0.10204081632653061,0.09326639697782142
cdf14b768f2c11edb6a3fa164011f743,0.1,0.0,0.11474555870226764
f2b3b3fe10a911ec8871b07b25146e9e,0.2,0.02040816326530612,0.015333099747177153
c4ed829210ab11ec8871b07b25146e9e,0.1,0.0,0.09321620446472134
908c9d7b10ab11ec8871b07b25146e9e,0.2,0.14285714285714285,0.09642640552732729
011a062d10ab11ec8871b07b25146e9e,0.2,0.02040816326530612,0.07369801316824896
6805eec410c511ec8216b07b25146e9e,0.1,0.04081632653061225,0.13740618236541152
4e7b661d10a911ec8871b07b25146e9e,0.1,0.0,0.47158202708072006
393eeee0315811ecb7eafa164011f743,0.2,0.08163265306122448,0.062088480923824234
56b9e1b610a811ec8871b07b25146e9e,0.1,0.0,0.00012572963932069015
603d826c10a811ec8871b07b25146e9e,0.2,0.0,0.0926872731801636
445d167f10a811ec8871b07b25146e9e,0.2,0.04081632653061225,0.09000045677204088
6351776610ab11ec8871b07b25146e9e,0.30000000000000004,0.04081632653061225,0.10091152755469597
a13b05d710ac11ec8871b07b25146e9e,0.30000000000000004,0.061224489795918366,0.08252850010140557
e98ed020a69311edb6a3fa164011f743,0.30000000000000004,0.061224489795918366,0.1117291369792994
4c37d5ee10a811ec8871b07b25146e9e,0.1,0.08163265306122448,0.11300036990728987
b5a778de10a811ec8871b07b25146e9e,0.1,0.061224489795918366,0.13086762372728927
4094c09f10ab11ec8871b07b25146e9e,0.2,0.061224489795918366,0.38725650686766927
f6a61c3c10a911ec8871b07b25146e9e,0.2,0.04081632653061225,0.1145777011424284
fdb581b110c711ec8216b07b25146e9e,0.30000000000000004,0.10204081632653061,0.12185786182801014
66a57fe110c011ec8216b07b25146e9e,0.5,0.061224489795918366,0.10171678234178069
2b333d4c10ab11ec8871b07b25146e9e,0.1,0.0,0.010193976165134813
9d4f01ff10a911ec8871b07b25146e9e,0.1,0.0,0.40150028438080776
4043241610a911ec8871b07b25146e9e,0.30000000000000004,0.0,0.28497059270771863
403ca52f10a911ec8871b07b25146e9e,0.30000000000000004,0.0,0.3143978625351502
50eab2d410a911ec8871b07b25146e9e,0.2,0.0,0.2718242358350059
4efaae1910a911ec8871b07b25146e9e,0.4,0.02040816326530612,0.11490277190937402
c592f42c10ab11ec8871b07b25146e9e,0.2,0.0,0.12481489718079665
fb9bbc3b10a711ec8871b07b25146e9e,0.2,0.0,0.01448367072135217
4890fa7c10ac11ec8871b07b25146e9e,0.30000000000000004,0.0,0.19209521624324677
8b28408210a811ec8871b07b25146e9e,0.2,0.0,0.22093644793281839
d69890f910a711ec8871b07b25146e9e,0.2,0.0,0.12242243461242122
85e0dbe210a811ec8871b07b25146e9e,0.30000000000000004,0.02040816326530612,0.20578122687480047
59cb1fd310c611ec8216b07b25146e9e,0.1,0.0,0.0384344677074687
4cacabcd10ab11ec8871b07b25146e9e,0.30000000000000004,0.02040816326530612,0.2677633435588399
30ed080710a811ec8871b07b25146e9e,0.2,0.10204081632653061,0.066799258215358
043f0b9e10ac11ec8871b07b25146e9e,0.30000000000000004,0.0,0.056298122106185754
875e04cb10a811ec8871b07b25146e9e,0.2,0.0,0.2588135020546688
2c692f3e383d11efbde5fa164011f743,0.2,0.0,0.042260340044371146
1ef7be4f10a811ec8871b07b25146e9e,0.1,0.0,0.012974523275758874
1af6208510c811ec8216b07b25146e9e,0.1,0.0,0.07559264557405367
1afc2f0b10a911ec8871b07b25146e9e,0.1,0.02040816326530612,0.1046093831564419
3765282510ac11ec8871b07b25146e9e,0.2,0.0,0.12973718215692667
8872567b10a911ec8871b07b25146e9e,0.30000000000000004,0.0,0.10121725565897485
37f376b810ac11ec8871b07b25146e9e,0.2,0.0,0.10990420357131864
07586fd010c611ec8216b07b25146e9e,0.30000000000000004,0.0,0.11088530705324691
fd5fc17e10a911ec8871b07b25146e9e,0.30000000000000004,0.02040816326530612,0.2578896272723415
4691024410ca11ec8216b07b25146e9e,0.2,0.0,0.36836711592992455
fec2516b10a911ec8871b07b25146e9e,0.30000000000000004,0.02040816326530612,0.2437618095407575
2204a6c410a811ec8871b07b25146e9e,0.2,0.04081632653061225,0.09148022002076485
9b41664610a811ec8871b07b25146e9e,0.30000000000000004,0.0,0.18362030012948258
3f1c677a10a911ec8871b07b25146e9e,0.1,0.04081632653061225,0.03878589983368266
85e2afa510a811ec8871b07b25146e9e,0.30000000000000004,0.0,0.13434503896985395
c78dc72a10aa11ec8871b07b25146e9e,0.4,0.02040816326530612,0.05385589552724386
4c17ef0910a911ec8871b07b25146e9e,0.1,0.0,0.22924288384632713
8abb793f10a911ec8871b07b25146e9e,0.1,0.08163265306122448,0.14026747392828368
cd28224310ab11ec8871b07b25146e9e,0.1,0.08163265306122448,0.20053838877272198
c601828710aa11ec8871b07b25146e9e,0.30000000000000004,0.0,0.05858898468335418
09b3c65310a811ec8871b07b25146e9e,0.1,0.0,0.12100448649789947
8bbdf55f10a911ec8871b07b25146e9e,0.4,0.12244897959183673,0.13690937885993154
e7a054ec10ab11ec8871b07b25146e9e,0.2,0.0,0.0443044283039323
0428acdb10ac11ec8871b07b25146e9e,0.30000000000000004,0.02040816326530612,0.24187515136305443
2754433310a911ec8871b07b25146e9e,0.5,0.04081632653061225,0.2107214728115501
c05d2c6910ab11ec8871b07b25146e9e,0.2,0.0,0.054318628125830444
8b277c0810a811ec8871b07b25146e9e,0.1,0.0,0.02555905444424875
8e5ec41710ab11ec8871b07b25146e9e,0.2,0.02040816326530612,0.08505608904901557
a4264b9710a911ec8871b07b25146e9e,0.1,0.0,0.014315089079680618
661b001310aa11ec8871b07b25146e9e,0.1,0.02040816326530612,0.21872271581169958
b8d8421f10c811ec8216b07b25146e9e,0.1,0.0,0.022088448019493615
9003599610cb11ec8216b07b25146e9e,0.1,0.02040816326530612,0.04822157459547676
8df9905210a811ec8871b07b25146e9e,0.1,0.0,0.007157954677979622
63bf50db10ac11ec8871b07b25146e9e,0.30000000000000004,0.04081632653061225,0.06722137751870808
407f7f2b10ac11ec8871b07b25146e9e,0.1,0.0,0.19703402159528827
5ad97cb310ac11ec8871b07b25146e9e,0.2,0.0,0.12258901482661268
8a5d273a10ab11ec8871b07b25146e9e,0.1,0.0,0.26170969762663915
a8ea620610ab11ec8871b07b25146e9e,0.1,0.02040816326530612,0.08152783649906216
3e655df110a911ec8871b07b25146e9e,0.1,0.02040816326530612,0.008171225582757456
fe9d303a152411eca228fa164011f743,0.2,0.10204081632653061,0.0625875598652072
7920f5ad10ac11ec8871b07b25146e9e,0.1,0.0,0.15449312957372854
84c0368010ab11ec8871b07b25146e9e,0.2,0.02040816326530612,0.11853837746142111
a0edbca410ab11ec8871b07b25146e9e,0.2,0.061224489795918366,0.15687033861790078
4939fe0f10a811ec8871b07b25146e9e,0.2,0.0,0.1284739426959271
e6e4bc7b10aa11ec8871b07b25146e9e,0.2,0.04081632653061225,0.14083221344973504
5296056510c311ec8216b07b25146e9e,0.1,0.0,0.16676846555689553
2d49d37210aa11ec8871b07b25146e9e,0.2,0.0,0.025208016423766376
d41973e210ab11ec8871b07b25146e9e,0.1,0.02040816326530612,0.024301018811296787
0f9e7c3010a811ec8871b07b25146e9e,0.2,0.0,0.15321667299580458
52ddf2c110ac11ec8871b07b25146e9e,0.2,0.02040816326530612,0.21184100476570664
473ffed510a911ec8871b07b25146e9e,0.2,0.0,0.08880937538871118
9dc8c4dd10a911ec8871b07b25146e9e,0.30000000000000004,0.02040816326530612,0.06892136425186154
5792090610ab11ec8871b07b25146e9e,0.2,0.0,0.08663213361055998
d7af036210c811ec8216b07b25146e9e,0.2,0.10204081632653061,0.13551227695642235
29bd3a0710a811ec8871b07b25146e9e,0.30000000000000004,0.14285714285714285,0.11438369268510946
d32ea0c410ab11ec8871b07b25146e9e,0.1,0.0,0.012272062457008844
41ed6a2010a911ec8871b07b25146e9e,0.1,0.0,0.07942938438541046
52df336a10a811ec8871b07b25146e9e,0.2,0.02040816326530612,0.06861964833048922
483967fe10a811ec8871b07b25146e9e,0.30000000000000004,0.08163265306122448,0.19678026647586133
21417a1b10a811ec8871b07b25146e9e,0.1,0.0,0.022243930892559546
86ce809110a911ec8871b07b25146e9e,0.2,0.10204081632653061,0.08028803117117952
84309e4710a811ec8871b07b25146e9e,0.2,0.0,0.11445252126894336
cf19c7ca10a711ec8871b07b25146e9e,0.1,0.0,0.011282943354217173
83f7a99310a811ec8871b07b25146e9e,0.30000000000000004,0.02040816326530612,0.08004765116076769
b79c0f2510a811ec8871b07b25146e9e,0.1,0.04081632653061225,0.06098697639190477
a32d915c6ba011ed9c97fa164011f743,0.1,0.02040816326530612,0.042363096117923923
21d67dce10ab11ec8871b07b25146e9e,0.2,0.0,0.09454207000825539
a2480f9410a911ec8871b07b25146e9e,0.1,0.02040816326530612,0.10045165688663658
328023f410a811ec8871b07b25146e9e,0.2,0.0,0.04788544729717068
0761931510a811ec8871b07b25146e9e,0.1,0.04081632653061225,0.0614905344965064
e013172a10a911ec8871b07b25146e9e,0.2,0.061224489795918366,0.05129427240152904
62ade9a810a911ec8871b07b25146e9e,0.2,0.0,0.11296013381088228
1dc4690710ac11ec8871b07b25146e9e,0.2,0.02040816326530612,0.0671166713213799
4872606b10a911ec8871b07b25146e9e,0.1,0.02040816326530612,0.12150070117676866
9a3d9b8d10a911ec8871b07b25146e9e,0.2,0.0,0.0416638901694394
56a97f666def11ecb369fa164011f743,0.2,0.02040816326530612,0.13685039300844448
65b79c5c10ac11ec8871b07b25146e9e,0.4,0.0,0.12315455072148024
fca7fcee10c211ec8216b07b25146e9e,0.1,0.0,0.0035640380499779227
47502d7f10a911ec8871b07b25146e9e,0.2,0.0,0.08185221932996745
fd11b33810a911ec8871b07b25146e9e,0.1,0.0,0.16027817729193686
75432cad10ab11ec8871b07b25146e9e,0.1,0.0,0.0003157760514445194
0feffa7310ac11ec8871b07b25146e9e,0.2,0.02040816326530612,0.07650117763369124
104bb82d10ab11ec8871b07b25146e9e,0.1,0.0,0.07518255232548357
2ff9bab410ab11ec8871b07b25146e9e,0.2,0.0,0.11643863984016857
3b34571710a911ec8871b07b25146e9e,0.1,0.02040816326530612,0.05942629962190587
59111a5d10a811ec8871b07b25146e9e,0.1,0.0,0.07365348563354222
2fe3e22910ab11ec8871b07b25146e9e,0.4,0.0,0.31353049120459814
2da3552510ab11ec8871b07b25146e9e,0.4,0.0,0.4072129973733628
cc16db3410aa11ec8871b07b25146e9e,0.2,0.12244897959183673,0.14497793873361606
36b1eb0b10a811ec8871b07b25146e9e,0.1,0.04081632653061225,0.04135679727001607
c5a5d00610a811ec8871b07b25146e9e,0.2,0.02040816326530612,0.09053511366664298
30d6209710ab11ec8871b07b25146e9e,0.30000000000000004,0.02040816326530612,0.3699395499932504
794b875f10a811ec8871b07b25146e9e,0.30000000000000004,0.04081632653061225,0.12446265119126715
47bb5d3210a911ec8871b07b25146e9e,0.2,0.02040816326530612,0.012328810767374822
c301366e10ab11ec8871b07b25146e9e,0.2,0.0,0.16076888032053016
8a2a073c775e11ecb369fa164011f743,0.2,0.04081632653061225,0.01364579085905208
a2d233cd10a911ec8871b07b25146e9e,0.1,0.02040816326530612,0.057883763958489716
0f73dde010ac11ec8871b07b25146e9e,0.30000000000000004,0.04081632653061225,0.09515164138866189
b8d22a3c10ab11ec8871b07b25146e9e,0.1,0.0,0.10713104011319546
80c4567c10ac11ec8871b07b25146e9e,0.30000000000000004,0.0,0.3201106623942053
c311a52110ab11ec8871b07b25146e9e,0.2,0.0,0.14640490522322955
452eafa110c711ec8216b07b25146e9e,0.1,0.0,0.08616128919666367
018611da10a811ec8871b07b25146e9e,0.1,0.02040816326530612,0.06354518374028026
c714d2676df811ecb369fa164011f743,0.1,0.10204081632653061,0.11824929624332545
2a4fa31110a811ec8871b07b25146e9e,0.2,0.0,0.06196670166976577
488ecdb310ab11ec8871b07b25146e9e,0.2,0.0,0.09798701991668525
7d29d1dc10ab11ec8871b07b25146e9e,0.1,0.0,0.00792115383612967
99f33f0110a911ec8871b07b25146e9e,0.2,0.02040816326530612,0.11156850099889391
2ae1671c12f911eca228fa164011f743,0.1,0.0,0.0018392407286301623
fea40c4710a711ec8871b07b25146e9e,0.2,0.04081632653061225,0.0569241065911211
920843e310ca11ec8216b07b25146e9e,0.30000000000000004,0.0,0.11885888802861451
857035f710a911ec8871b07b25146e9e,0.1,0.0,0.004098008757529567
cdf77822ab5911eda9defa164011f743,0.2,0.04081632653061225,0.1424240443944156
2efd21ad10ab11ec8871b07b25146e9e,0.30000000000000004,0.2040816326530612,0.26491210169212337
d2cef44310a811ec8871b07b25146e9e,0.1,0.02040816326530612,0.07963022789538796
5063295110ab11ec8871b07b25146e9e,0.1,0.14285714285714285,0.10099985446130069
24bc515f67a911ed87c1fa164011f743,0.1,0.12244897959183673,0.04904306234112719
593fad5110a911ec8871b07b25146e9e,0.1,0.0,0.0001549039573980706
93999f1610a811ec8871b07b25146e9e,0.4,0.04081632653061225,0.11812898205983428
04ebd8cb10a811ec8871b07b25146e9e,0.4,0.04081632653061225,0.11564746908601847
6692e63810ab11ec8871b07b25146e9e,0.4,0.04081632653061225,0.09392449583291168
f0bbc44610a811ec8871b07b25146e9e,0.2,0.0,0.01352029208640256
9432af0e10ab11ec8871b07b25146e9e,0.1,0.0,0.12113884681954334
4a25f29e10a911ec8871b07b25146e9e,0.1,0.0,0.09677341562399373
50736c6210ac11ec8871b07b25146e9e,0.2,0.0,0.049489672167513835
8f8fc1e110a911ec8871b07b25146e9e,0.2,0.0,0.006343250098286384
e99a69d610a711ec8871b07b25146e9e,0.2,0.0,0.133492837794985
414ffa5b10a911ec8871b07b25146e9e,0.30000000000000004,0.02040816326530612,0.1150987450653845
1aa7bea010ab11ec8871b07b25146e9e,0.2,0.12244897959183673,0.1455182745985309
7e1fab3210ab11ec8871b07b25146e9e,0.2,0.0,0.09231624478774254
0fbf190610ac11ec8871b07b25146e9e,0.2,0.02040816326530612,0.08570904354171595
51bc621d10a911ec8871b07b25146e9e,0.2,0.02040816326530612,0.09561893826797724
a1ca6ace10a811ec8871b07b25146e9e,0.1,0.061224489795918366,0.08370510859303888
f7361f8e10ab11ec8871b07b25146e9e,0.2,0.02040816326530612,0.08574485644258271
c529551610ab11ec8871b07b25146e9e,0.2,0.04081632653061225,0.11520048672477608
c5f85d81588e11ecb369fa164011f743,0.1,0.04081632653061225,0.0625425892530507
ee4aa0c16ee011ecb369fa164011f743,0.30000000000000004,0.04081632653061225,0.008709682449487501
25f7ff5a10a811ec8871b07b25146e9e,0.30000000000000004,0.0,0.09118377963602738
8adb76fb10ab11ec8871b07b25146e9e,0.1,0.10204081632653061,0.07128814989902914
07e03a2d10a811ec8871b07b25146e9e,0.1,0.04081632653061225,0.14931309770014767
46c178286e3211ecb369fa164011f743,0.1,0.0,0.2842425517452037
973be587bc1e11ed82a1fa164011f743,0.2,0.061224489795918366,0.06787608449932142
6f0cea7610a811ec8871b07b25146e9e,0.1,0.0,0.08864494934712068
c55535c810a811ec8871b07b25146e9e,0.1,0.0,0.2065921268183925
d497626110a811ec8871b07b25146e9e,0.1,0.0,0.4129213198181893
4d24600510a811ec8871b07b25146e9e,0.2,0.02040816326530612,0.059067946742526634
ca744d8f10a811ec8871b07b25146e9e,0.30000000000000004,0.0,0.06619706290849602
776fd37510a811ec8871b07b25146e9e,0.30000000000000004,0.02040816326530612,0.060405200542511736
25c6228410ab11ec8871b07b25146e9e,0.2,0.0,0.12364639234252003
00334ecf10a911ec8871b07b25146e9e,0.2,0.02040816326530612,0.11995164644487517
8318eca710a911ec8871b07b25146e9e,0.1,0.08163265306122448,0.14700665803563845
1f9a0aed10ac11ec8871b07b25146e9e,0.2,0.02040816326530612,0.05327688891191156
014f14b110ac11ec8871b07b25146e9e,0.2,0.061224489795918366,0.13310869780803214
1f9f0eea10ac11ec8871b07b25146e9e,0.1,0.12244897959183673,0.10669449164289731
6a95ea8b137711eca228fa164011f743,0.2,0.08163265306122448,0.1365761852007399
07cb4b2210a811ec8871b07b25146e9e,0.1,0.0,0.00026235956690109756
622b52a610a911ec8871b07b25146e9e,0.1,0.02040816326530612,0.05624591592267603
4bf0fd0c10a911ec8871b07b25146e9e,0.1,0.02040816326530612,0.06304557718693414
9e925936740e11ecb369fa164011f743,0.30000000000000004,0.24489795918367344,0.07140389921879493
5c6b828410cb11ec8216b07b25146e9e,0.30000000000000004,0.14285714285714285,0.0630795501503913
28dfb93e10ab11ec8871b07b25146e9e,0.30000000000000004,0.12244897959183673,0.11769993209237596
d2ba541fab3c11eda9defa164011f743,0.1,0.0,0.11299219337935264
effdb97510a911ec8871b07b25146e9e,0.1,0.04081632653061225,0.21183043795152748
14b0c48e10a911ec8871b07b25146e9e,0.1,0.04081632653061225,0.11548035309791087
e1d67dae10a911ec8871b07b25146e9e,0.1,0.04081632653061225,0.13127396947342937
e573ca3110a811ec8871b07b25146e9e,0.2,0.0,0.09648375257524702
021facb010a811ec8871b07b25146e9e,0.1,0.0,0.11786794181433942
0177b03610a811ec8871b07b25146e9e,0.2,0.0,0.07946219718554534
f49b308e10a911ec8871b07b25146e9e,0.1,0.08163265306122448,0.04050935451375845
3fb7d83110a911ec8871b07b25146e9e,0.1,0.04081632653061225,0.11594287931568535
5fd333f510a911ec8871b07b25146e9e,0.2,0.0,0.10496655896559615
b4e168aa10aa11ec8871b07b25146e9e,0.1,0.04081632653061225,0.24241163128816337
e82afb3810ab11ec8871b07b25146e9e,0.2,0.0,0.013484054763978678
ace4f24110aa11ec8871b07b25146e9e,0.1,0.0,0.002832009390415567
2ad7f05510ab11ec8871b07b25146e9e,0.2,0.0,0.07771591235687615
90c4023a10ab11ec8871b07b25146e9e,0.2,0.0,0.12951077949106352
577a2daf10ab11ec8871b07b25146e9e,0.30000000000000004,0.02040816326530612,0.15415382610970396
734bf0b710cb11ec8216b07b25146e9e,0.1,0.02040816326530612,0.08645051907890362
d69ea27b10aa11ec8871b07b25146e9e,0.2,0.04081632653061225,0.15425459882867265
984818566f0711ecb369fa164011f743,0.1,0.02040816326530612,0.14384892200705232
ff2444b610a811ec8871b07b25146e9e,0.2,0.02040816326530612,0.10017499641204917
9a42b91328dd11ecb7eafa164011f743,0.1,0.0,0.09335023306127457
9c80ca1310ac11ec8871b07b25146e9e,0.2,0.02040816326530612,0.041772088516667354
9144fed710a811ec8871b07b25146e9e,0.1,0.02040816326530612,0.07456042844432723
9d8eaf9510ac11ec8871b07b25146e9e,0.1,0.04081632653061225,0.09009372399220997
f5a6a2dd10a711ec8871b07b25146e9e,0.2,0.0,0.2582547277548826
ded26df210a711ec8871b07b25146e9e,0.1,0.04081632653061225,0.07920266748435599
85f0d56910a811ec8871b07b25146e9e,0.1,0.02040816326530612,0.11628450660433436
6172105e10a811ec8871b07b25146e9e,0.1,0.061224489795918366,0.005259189991959654
ec7953e810a911ec8871b07b25146e9e,0.1,0.0,0.0
04f45ade10a811ec8871b07b25146e9e,0.2,0.061224489795918366,0.10356921803346279
8a43a8ba10a911ec8871b07b25146e9e,0.1,0.02040816326530612,0.1254298542842038
6a1c00a310a911ec8871b07b25146e9e,0.2,0.061224489795918366,0.06532625597871876
244fa46410ac11ec8871b07b25146e9e,0.2,0.02040816326530612,0.05090700638656908
237508b710a911ec8871b07b25146e9e,0.2,0.0,0.016690343919100927
2b9d518e10a911ec8871b07b25146e9e,0.2,0.10204081632653061,0.3588214151264225
81dbc0a010a811ec8871b07b25146e9e,0.1,0.061224489795918366,0.11549963512892664
df06d17f10a911ec8871b07b25146e9e,0.1,0.0,0.26029412289145665
b8555f9710ab11ec8871b07b25146e9e,0.1,0.04081632653061225,0.0912629278434632
01bdc85c10a811ec8871b07b25146e9e,0.1,0.0,0.07160586033333967
be54427710aa11ec8871b07b25146e9e,0.2,0.04081632653061225,0.12280062803360156
73f98fae10a811ec8871b07b25146e9e,0.1,0.02040816326530612,0.17437582378118158
c3de1b1110c411ec8216b07b25146e9e,0.2,0.02040816326530612,0.10297914497582711
304e6a8d10bf11ec8216b07b25146e9e,0.30000000000000004,0.3061224489795918,0.11021391004469865
a28bc84d10a911ec8871b07b25146e9e,0.1,0.0,0.10745558909814443
a6c11e2110a811ec8871b07b25146e9e,0.2,0.0,0.05901792154946348
881384fbec4111eca3e4fa164011f743,0.1,0.02040816326530612,0.10324188815452019
081351b510a811ec8871b07b25146e9e,0.2,0.02040816326530612,0.02917612828196132
7e35865510ac11ec8871b07b25146e9e,0.30000000000000004,0.02040816326530612,0.08597149522208684
2d42934110ac11ec8871b07b25146e9e,0.1,0.0,0.018862217464150816
16d5d91c10aa11ec8871b07b25146e9e,0.1,0.0,0.003149660359068368
53591cbf10c711ec8216b07b25146e9e,0.1,0.02040816326530612,0.06340770905056216
252e968c10ab11ec8871b07b25146e9e,0.2,0.0,0.1709293120247415
5a87371110a811ec8871b07b25146e9e,0.5,0.0,0.042295083729392155
410526c310ab11ec8871b07b25146e9e,0.2,0.0,0.0736073163802849
7308b5d310a911ec8871b07b25146e9e,0.1,0.0,0.12704231339915198
a52173e010a811ec8871b07b25146e9e,0.1,0.061224489795918366,0.10755789801327097
689c9f2a10aa11ec8871b07b25146e9e,0.2,0.08163265306122448,0.07137533937918072
9dc8034c10a911ec8871b07b25146e9e,0.2,0.16326530612244897,0.11227229513096962
bd5c5d8f10ab11ec8871b07b25146e9e,0.30000000000000004,0.02040816326530612,0.07123274831091166
cc5e5591e6fb11eca3e4fa164011f743,0.2,0.061224489795918366,0.06388068023621711
846f702710a811ec8871b07b25146e9e,0.2,0.04081632653061225,0.13223699131443262
012fad7f10ac11ec8871b07b25146e9e,0.2,0.12244897959183673,0.0775611110068875
67c2a36110a911ec8871b07b25146e9e,0.2,0.0,0.17574080256958619
663e8c1b314211ecb7eafa164011f743,0.30000000000000004,0.08163265306122448,0.050845826718709276
d4d657a910aa11ec8871b07b25146e9e,0.30000000000000004,0.02040816326530612,0.09119171538635047
0c12c77110a811ec8871b07b25146e9e,0.1,0.04081632653061225,0.12759876270832046
2751e28110ab11ec8871b07b25146e9e,0.2,0.02040816326530612,0.1319278077890426
265ba54510ac11ec8871b07b25146e9e,0.1,0.14285714285714285,0.10974093536106383
c70b0d1710ab11ec8871b07b25146e9e,0.1,0.02040816326530612,0.11982885219365888
b231892c10ab11ec8871b07b25146e9e,0.2,0.14285714285714285,0.06735309336757313
8af6842710ab11ec8871b07b25146e9e,0.1,0.0,0.06367289848317502
b317a9d910c611ec8216b07b25146e9e,0.1,0.0,0.06244443244002531
3f143be610a911ec8871b07b25146e9e,0.1,0.04081632653061225,0.05018584886543423
12ab795010a811ec8871b07b25146e9e,0.30000000000000004,0.061224489795918366,0.022571226374700097
4d52a35d10a811ec8871b07b25146e9e,0.2,0.04081632653061225,0.05168499442059678
4855189e10aa11ec8871b07b25146e9e,0.2,0.3061224489795918,0.10742738605247655
4430ca0710c111ec8216b07b25146e9e,0.2,0.18367346938775508,0.12087604300919923
339ba46410c411ec8216b07b25146e9e,0.6000000000000001,0.0,0.09206135807182894
496148c610a811ec8871b07b25146e9e,0.2,0.04081632653061225,0.031950428583540996
316f6ca910ab11ec8871b07b25146e9e,0.30000000000000004,0.0,0.08084371442275731
d2cbdbe410a711ec8871b07b25146e9e,0.1,0.0,0.12599699050486016
8465706410a811ec8871b07b25146e9e,0.5,0.0,0.16621272692063652
28f2674b10a911ec8871b07b25146e9e,0.1,0.02040816326530612,0.10073473498828517
d17f6b3f10a711ec8871b07b25146e9e,0.2,0.0,0.2808415207229839
0a704b9b6edb11ecb369fa164011f743,0.30000000000000004,0.02040816326530612,0.1351655082203667
de4a2e9b10a711ec8871b07b25146e9e,0.1,0.02040816326530612,0.10768349181437352
5317467610c211ec8216b07b25146e9e,0.1,0.0,0.002180490818450269
ad2cb22f699f11eeb806fa164011f743,0.1,0.0,0.07200584267110653
d513975010a811ec8871b07b25146e9e,0.1,0.02040816326530612,0.07593623989338079
4e727bff10c311ec8216b07b25146e9e,0.1,0.0,0.01581812788643424
e3a9468910a911ec8871b07b25146e9e,0.2,0.02040816326530612,0.07580281586434774
c992b4d610a811ec8871b07b25146e9e,0.2,0.0,0.025774671672191125
6164e7e710cb11ec8216b07b25146e9e,0.1,0.08163265306122448,0.030743727554115422
2458ee0a10ab11ec8871b07b25146e9e,0.1,0.02040816326530612,0.07620997372481349
d94c60e910a911ec8871b07b25146e9e,0.1,0.02040816326530612,0.04926599326197315
3b2e785510a811ec8871b07b25146e9e,0.1,0.02040816326530612,0.048497389724929826
45825d8010ac11ec8871b07b25146e9e,0.1,0.02040816326530612,0.08114918717450594
b22901d010a911ec8871b07b25146e9e,0.1,0.02040816326530612,0.09113251207711509
4fe5389010a811ec8871b07b25146e9e,0.1,0.02040816326530612,0.06397572851113473
13cc4ae410aa11ec8871b07b25146e9e,0.2,0.0,0.144569273243828
e6ed581d10aa11ec8871b07b25146e9e,0.1,0.0,0.1028446972046866
a09bfed210a811ec8871b07b25146e9e,0.2,0.10204081632653061,0.16625361655628243
ba10a89b10c011ec8216b07b25146e9e,0.2,0.10204081632653061,0.09622667029397072
b5ca888010a911ec8871b07b25146e9e,0.1,0.0,0.11314394274190807
b9ee730910a911ec8871b07b25146e9e,0.1,0.02040816326530612,0.05681413651709092
8b592ef010ab11ec8871b07b25146e9e,0.30000000000000004,0.10204081632653061,0.10401830967656449
3a1f9f0e10ab11ec8871b07b25146e9e,0.1,0.0,0.24068130249465391
8140805610a811ec8871b07b25146e9e,0.2,0.14285714285714285,0.09539814286383957
53e636df10a911ec8871b07b25146e9e,0.1,0.02040816326530612,0.08636730563586661
a86ef5641f1911efbde5fa164011f743,0.2,0.14285714285714285,0.27242147450439747
20ff14a410a811ec8871b07b25146e9e,0.1,0.02040816326530612,0.09406233547852916
9147370110ab11ec8871b07b25146e9e,0.1,0.02040816326530612,0.14020069632664467
235fcb5e10a811ec8871b07b25146e9e,0.1,0.0,0.06448283298432404
8ba60c4310ab11ec8871b07b25146e9e,0.5,0.04081632653061225,0.3131167250771685
6c2fbd1110a811ec8871b07b25146e9e,0.2,0.0,0.06361965806361819
01e8556b10a811ec8871b07b25146e9e,0.1,0.061224489795918366,0.011721407551488722
64dedebe10ab11ec8871b07b25146e9e,0.1,0.0,0.0013148515709286786
253ff30f10ab11ec8871b07b25146e9e,0.1,0.0,0.13060948972006653
6cc6cbd310aa11ec8871b07b25146e9e,0.2,0.0,0.1036267539722953
2546d62210ab11ec8871b07b25146e9e,0.1,0.0,0.0827789338889495
b8adede610a811ec8871b07b25146e9e,0.1,0.0,0.009362622950268407
58834a986ded11ecb369fa164011f743,0.2,0.0,0.1271458914979733
6c54b41f10ac11ec8871b07b25146e9e,0.1,0.02040816326530612,0.06529018947431167
a891e48c10a911ec8871b07b25146e9e,0.2,0.0,0.12372565714928474
d997f7a310ab11ec8871b07b25146e9e,0.1,0.04081632653061225,0.09321793421576516
411bead710bd11ec8216b07b25146e9e,0.30000000000000004,0.02040816326530612,0.09688345624061792
8b1b14c110ab11ec8871b07b25146e9e,0.2,0.061224489795918366,0.14564335186460656
8d9f41e310cb11ec8216b07b25146e9e,0.1,0.02040816326530612,0.2362807132317284
34272c4e10a911ec8871b07b25146e9e,0.5,0.08163265306122448,0.13833233724761498
8d2b173b10ab11ec8871b07b25146e9e,0.1,0.0,0.0021201436697986203
4c263f8110ab11ec8871b07b25146e9e,0.2,0.02040816326530612,0.1703270788230976
9fec359710a811ec8871b07b25146e9e,0.1,0.0,0.11909731441727107
0427d4a310ac11ec8871b07b25146e9e,0.1,0.04081632653061225,0.17578468297801772
8bb18cf810ab11ec8871b07b25146e9e,0.2,0.0,0.14143569309820456
6d06ad8710c311ec8216b07b25146e9e,0.2,0.0,0.01882414428529383
97fbc84210ab11ec8871b07b25146e9e,0.2,0.0,0.02742315764777455
61ed5c0310a811ec8871b07b25146e9e,0.1,0.0,0.09267215316219195
f53fb77510ca11ec8216b07b25146e9e,0.2,0.04081632653061225,0.1043885597684653
50e1e8e710c111ec8216b07b25146e9e,0.1,0.0,0.2990587550075528
ce94601310ab11ec8871b07b25146e9e,0.1,0.08163265306122448,0.10676753470947332
18fee0c110ab11ec8871b07b25146e9e,0.2,0.0,0.01636433219557127
cdb022b36f6811ecb369fa164011f743,0.1,0.0,0.02350564173635759
b7defbba10be11ec8216b07b25146e9e,0.1,0.061224489795918366,0.06441306577589273
2c10945010a911ec8871b07b25146e9e,0.2,0.04081632653061225,0.06156593286952566
90b4045e10a911ec8871b07b25146e9e,0.1,0.0,0.17642573850920654
869ae0ac10ab11ec8871b07b25146e9e,0.1,0.02040816326530612,0.03845795664227021
06f4c13c10a811ec8871b07b25146e9e,0.1,0.10204081632653061,0.19735938094557287
c700291b23f111ecb7eafa164011f743,0.30000000000000004,0.02040816326530612,0.022433473012585994
01193ca410ab11ec8871b07b25146e9e,0.1,0.0,0.00010540287831821321
819314c068ab11ecb369fa164011f743,0.2,0.12244897959183673,0.10088317059791399
3e873f1810a811ec8871b07b25146e9e,0.2,0.04081632653061225,0.12465931111732467
09c3a2c710a911ec8871b07b25146e9e,0.4,0.10204081632653061,0.05365727906444784
f717405910a711ec8871b07b25146e9e,0.2,0.0,0.005259241295664359
e3028cc210ab11ec8871b07b25146e9e,0.1,0.0,0.09697020439230968
e18023a310a711ec8871b07b25146e9e,0.30000000000000004,0.0,0.10132601076799816
66e269ef10a911ec8871b07b25146e9e,0.4,0.10204081632653061,0.18519578268226178
3cf7ca91120d426cb1bf39b9cc653b0c,0.2,0.0,0.15691234585811395
ebd0735910a911ec8871b07b25146e9e,0.1,0.02040816326530612,0.12538293821224505
356e25b010c111ec8216b07b25146e9e,0.2,0.0,0.01237464129958175
6eb10d36a76b11edb6a3fa164011f743,0.30000000000000004,0.08163265306122448,0.09533475363869762
2f4f499010a811ec8871b07b25146e9e,0.2,0.08163265306122448,0.19844804614239342
70b2acb210c311ec8216b07b25146e9e,0.2,0.02040816326530612,0.10665113651444237
70a7a29710c011ec8216b07b25146e9e,0.1,0.061224489795918366,0.0531408390659923
4f94a6a610aa11ec8871b07b25146e9e,0.1,0.0,0.11069614096605608
561ca7ac826711edb6a3fa164011f743,0.2,0.061224489795918366,0.11812646934429707
4b7776bca6eb11edb6a3fa164011f743,0.30000000000000004,0.061224489795918366,0.16638044339528782
d4f3a70410ab11ec8871b07b25146e9e,0.2,0.02040816326530612,0.0181415164293885
4b5693a410a811ec8871b07b25146e9e,0.30000000000000004,0.04081632653061225,0.08145530588653653
7eb7505d10c011ec8216b07b25146e9e,0.2,0.04081632653061225,0.08901099136924247
a881d6e510a911ec8871b07b25146e9e,0.2,0.0,0.2955378622072378
303da3f410ab11ec8871b07b25146e9e,0.1,0.0,0.1112949770462532
43b145b20c1b11efbde5fa164011f743,0.2,0.02040816326530612,0.14557920299483695
621404a810c011ec8216b07b25146e9e,0.2,0.0,0.12071222270112224
69287c1010c611ec8216b07b25146e9e,0.30000000000000004,0.24489795918367344,0.11488964865490937
7b8764ae10bf11ec8216b07b25146e9e,0.2,0.0,0.03186443599550031
eb15bf7310c111ec8216b07b25146e9e,0.2,0.04081632653061225,0.15920448053396039
e3cb76b910a811ec8871b07b25146e9e,0.1,0.0,0.01003706669928012
785d40135c0f11ecb369fa164011f743,0.2,0.061224489795918366,0.09405766684140107
4cbbe26410a811ec8871b07b25146e9e,0.1,0.0,0.05382883806998218
4dc027b110a811ec8871b07b25146e9e,0.2,0.04081632653061225,0.3034857341965822
3c4976ae10a811ec8871b07b25146e9e,0.1,0.08163265306122448,0.06695205522288332
41a6ef6410ca11ec8216b07b25146e9e,0.1,0.0,0.09862125438713498
439287f210a911ec8871b07b25146e9e,0.4,0.0,0.10315289721473755
6614495110a811ec8871b07b25146e9e,0.2,0.0,0.09170016366680506
7b163c76492a11eda93afa164011f743,0.1,0.02040816326530612,0.0787985138055987
