"_id",uniqueClientIdsCount,uniqueTrainingPersonIdsCount,uniqueClientIds.0,uniqueClientIds.1,uniqueClientIds.2,uniqueClientIds.3
47.104.203.201,1,3144,009,,,
218.78.23.50,1,867,12100000717800718J,,,
47.96.17.4,1,531,ZYJY_JXJY@ANHUI,,,
121.196.193.131,1,495,ZYJY_JXJY@ANHUI,,,
47.99.99.5,1,134,010,,,
183.166.187.4,4,95,dc001,004,dongao123,ZHKJAH
112.26.233.230,2,21,dongao123,004,,
110.249.158.114,2,20,dongao123,ZHKJAH,,
60.172.158.14,2,20,ZHKJAH,dongao123,,
60.175.184.229,3,18,004,ZHKJAH,dongao123,
61.132.251.158,3,18,004,dongao123,ZHKJAH,
60.173.87.6,3,16,004,dongao123,ZHKJAH,
106.8.149.248,3,16,004,ZHKJAH,dongao123,
60.173.163.99,3,15,004,ZHKJAH,dongao123,
183.60.174.140,3,14,004,ZHKJAH,dongao123,
112.26.19.110,2,14,ZHKJAH,dongao123,,
61.190.204.158,3,13,004,ZHKJAH,dongao123,
220.180.83.2,4,13,dc001,004,ZHKJAH,dongao123
183.167.252.133,2,13,ZHKJAH,dongao123,,
58.242.87.162,2,12,ZHKJAH,dongao123,,
112.26.242.243,2,12,ZHKJAH,dongao123,,
220.179.174.212,3,12,004,ZHKJAH,dongao123,
112.122.139.14,3,11,004,ZHKJAH,dongao123,
223.215.191.10,3,11,004,ZHKJAH,dongao123,
60.175.3.67,3,11,004,dongao123,ZHKJAH,
218.23.56.46,2,11,ZHKJAH,dongao123,,
60.174.128.52,3,11,004,ZHKJAH,dongao123,
211.141.203.70,3,11,004,ZHKJAH,dongao123,
218.22.66.34,2,11,ZHKJAH,dongao123,,
220.178.74.10,3,10,004,ZHKJAH,dongao123,
61.132.139.122,2,10,ZHKJAH,dongao123,,
220.180.184.4,2,10,dongao123,ZHKJAH,,
218.22.173.89,3,10,004,ZHKJAH,dongao123,
60.173.87.4,3,10,004,ZHKJAH,dongao123,
218.22.185.132,1,10,ZHKJAH,,,
60.173.78.70,3,10,004,ZHKJAH,dongao123,
220.180.238.73,2,10,004,dongao123,,
220.180.207.207,2,10,ZHKJAH,dongao123,,
60.171.153.98,2,9,dongao123,ZHKJAH,,
218.22.147.83,2,9,dongao123,ZHKJAH,,
60.172.160.47,3,9,004,ZHKJAH,dongao123,
60.174.128.58,3,9,004,ZHKJAH,dongao123,
60.174.128.50,2,9,ZHKJAH,dongao123,,
60.173.82.156,3,9,004,ZHKJAH,dongao123,
60.170.181.82,1,9,dongao123,,,
218.22.116.43,2,9,ZHKJAH,dongao123,,
218.22.169.6,2,9,ZHKJAH,dongao123,,
220.179.251.130,3,9,004,dongao123,ZHKJAH,
60.169.22.205,3,9,004,ZHKJAH,dongao123,
220.178.148.44,2,9,ZHKJAH,dongao123,,
220.180.203.7,3,9,004,ZHKJAH,dongao123,
112.31.177.93,1,9,dongao123,,,
124.65.129.74,1,8,dongao123,,,
112.53.233.13,2,8,dongao123,ZHKJAH,,
218.22.173.92,2,8,ZHKJAH,dongao123,,
112.123.239.85,2,8,ZHKJAH,dongao123,,
60.173.82.22,2,8,004,dongao123,,
36.4.201.35,1,8,ZHKJAH,,,
58.242.245.178,3,8,004,dongao123,ZHKJAH,
114.105.148.121,1,8,ZHKJAH,,,
112.26.19.106,3,8,004,dongao123,ZHKJAH,
218.22.176.230,3,8,ZHKJAH,dongao123,004,
220.180.50.224,2,8,dongao123,ZHKJAH,,
220.179.122.70,2,8,ZHKJAH,dongao123,,
218.23.216.252,2,8,ZHKJAH,dongao123,,
117.71.48.30,2,8,ZHKJAH,dongao123,,
58.242.244.242,3,8,004,ZHKJAH,dongao123,
223.214.124.100,2,8,ZHKJAH,dongao123,,
111.39.9.225,2,8,ZHKJAH,dongao123,,
60.175.184.227,2,8,dongao123,ZHKJAH,,
58.242.184.110,2,7,dongao123,ZHKJAH,,
112.132.249.161,3,7,004,dongao123,ZHKJAH,
114.104.157.234,3,7,004,ZHKJAH,dongao123,
220.178.74.11,3,7,ZHKJAH,dongao123,004,
60.173.87.7,2,7,ZHKJAH,dongao123,,
112.53.236.74,2,7,ZHKJAH,dongao123,,
60.168.146.39,1,7,ZHKJAH,,,
220.179.157.46,2,7,dongao123,ZHKJAH,,
36.148.183.21,2,7,dongao123,ZHKJAH,,
220.178.74.9,3,7,004,dongao123,ZHKJAH,
112.26.19.108,2,7,ZHKJAH,dongao123,,
117.57.64.73,3,7,004,ZHKJAH,dongao123,
36.56.153.41,1,7,dongao123,,,
218.23.216.253,3,7,004,ZHKJAH,dongao123,
114.99.127.224,2,7,ZHKJAH,dongao123,,
60.170.38.113,2,7,ZHKJAH,dongao123,,
114.105.105.46,1,7,ZHKJAH,,,
218.23.241.122,3,7,004,dongao123,ZHKJAH,
220.178.246.85,3,7,004,ZHKJAH,dongao123,
220.180.7.194,2,7,ZHKJAH,dongao123,,
39.107.180.20,1,7,BJNAI,,,
218.23.237.240,2,7,ZHKJAH,dongao123,,
60.172.160.56,2,6,ZHKJAH,dongao123,,
60.170.155.171,2,6,ZHKJAH,dongao123,,
211.141.185.18,3,6,004,ZHKJAH,dongao123,
58.242.131.172,2,6,ZHKJAH,dongao123,,
58.242.87.132,2,6,ZHKJAH,dongao123,,
223.241.247.138,3,6,004,ZHKJAH,dongao123,
183.167.205.51,1,6,dongao123,,,
220.180.150.245,2,6,ZHKJAH,dongao123,,
58.242.245.181,2,6,ZHKJAH,dongao123,,
60.174.165.241,2,6,ZHKJAH,dongao123,,
124.112.195.188,3,6,004,dongao123,ZHKJAH,
61.191.79.24,1,6,dongao123,,,
114.104.171.128,3,6,ZHKJAH,dongao123,004,
58.242.114.66,3,6,004,ZHKJAH,dongao123,
60.171.132.201,2,6,dongao123,ZHKJAH,,
111.38.38.136,2,6,ZHKJAH,dongao123,,
60.173.1.224,2,6,dongao123,ZHKJAH,,
60.172.160.58,2,6,ZHKJAH,dongao123,,
60.170.236.212,2,6,ZHKJAH,dongao123,,
218.22.201.174,1,6,dongao123,,,
112.27.239.12,2,6,dongao123,ZHKJAH,,
60.173.130.195,1,6,dongao123,,,
218.22.182.38,1,6,ZHKJAH,,,
60.172.0.128,3,6,004,ZHKJAH,dongao123,
103.202.192.245,2,6,dongao123,ZHKJAH,,
218.23.208.135,1,6,dongao123,,,
114.99.43.204,3,6,004,dongao123,ZHKJAH,
60.171.236.250,3,6,ZHKJAH,dongao123,004,
223.244.226.15,2,6,dongao123,ZHKJAH,,
36.32.162.45,2,6,dongao123,ZHKJAH,,
58.242.131.170,2,6,ZHKJAH,dongao123,,
120.242.255.186,1,5,dongao123,,,
112.26.112.206,1,5,dongao123,,,
220.179.229.7,2,5,dongao123,ZHKJAH,,
218.22.181.6,3,5,004,dongao123,ZHKJAH,
112.29.99.205,1,5,dongao123,,,
60.172.2.58,3,5,004,ZHKJAH,dongao123,
58.242.136.165,3,5,dongao123,ZHKJAH,004,
220.178.150.46,1,5,dongao123,,,
117.71.52.238,2,5,ZHKJAH,dongao123,,
183.166.61.2,2,5,004,dongao123,,
36.33.43.95,3,5,004,dongao123,ZHKJAH,
58.242.131.173,2,5,ZHKJAH,dongao123,,
223.215.191.227,3,5,004,ZHKJAH,dongao123,
60.171.208.139,2,5,ZHKJAH,dongao123,,
60.174.128.53,2,5,ZHKJAH,dongao123,,
218.22.173.88,2,5,dongao123,ZHKJAH,,
218.22.77.218,2,5,ZHKJAH,dongao123,,
220.180.213.251,2,5,ZHKJAH,dongao123,,
114.104.174.233,2,5,004,dongao123,,
60.173.219.127,2,5,dongao123,ZHKJAH,,
60.174.128.55,2,5,ZHKJAH,dongao123,,
117.71.48.32,2,5,dongao123,ZHKJAH,,
112.132.249.130,2,5,ZHKJAH,dongao123,,
220.179.1.238,1,5,ZHKJAH,,,
61.191.253.250,2,5,dongao123,ZHKJAH,,
60.173.85.67,1,5,dongao123,,,
58.242.120.74,1,5,dongao123,,,
60.172.144.74,3,5,dc001,ZHKJAH,dongao123,
60.174.93.89,2,5,ZHKJAH,dongao123,,
183.161.35.14,2,5,dongao123,ZHKJAH,,
60.173.82.155,3,5,004,ZHKJAH,dongao123,
60.174.50.202,2,5,dongao123,ZHKJAH,,
60.173.219.123,2,5,ZHKJAH,dongao123,,
112.26.19.107,2,5,ZHKJAH,dongao123,,
220.178.221.2,3,5,004,ZHKJAH,dongao123,
117.71.48.31,3,5,ZHKJAH,dongao123,004,
218.22.206.54,2,5,ZHKJAH,dongao123,,
112.27.82.17,2,5,ZHKJAH,dongao123,,
112.26.19.109,3,5,004,dongao123,ZHKJAH,
60.174.128.56,3,5,004,ZHKJAH,dongao123,
39.146.97.163,2,5,dongao123,004,,
112.26.95.3,2,5,ZHKJAH,dongao123,,
211.141.223.22,3,5,ZHKJAH,dongao123,004,
112.26.19.105,1,5,ZHKJAH,,,
60.169.88.131,3,5,ZHKJAH,dongao123,004,
60.172.168.246,1,5,dongao123,,,
60.173.3.56,3,5,dongao123,ZHKJAH,004,
218.23.51.174,2,5,dongao123,ZHKJAH,,
114.99.121.96,2,5,004,ZHKJAH,,
218.23.86.11,1,5,dongao123,,,
36.7.89.95,2,5,ZHKJAH,dongao123,,
218.23.112.5,2,5,ZHKJAH,dongao123,,
61.191.65.110,1,5,dongao123,,,
218.23.216.255,4,5,dc001,004,ZHKJAH,dongao123
112.122.255.122,2,5,dongao123,ZHKJAH,,
60.172.160.57,2,5,ZHKJAH,dongao123,,
218.22.49.167,2,5,dongao123,ZHKJAH,,
112.32.177.228,2,4,dc001,dongao123,,
112.32.181.213,2,4,dc001,dongao123,,
112.32.179.153,1,4,dongao123,,,
112.32.177.201,2,4,dc001,dongao123,,
60.173.155.51,1,4,ZHKJAH,,,
112.26.233.231,2,4,ZHKJAH,dongao123,,
220.179.16.102,2,4,dongao123,ZHKJAH,,
60.174.128.59,2,4,004,dongao123,,
114.105.33.115,1,4,dongao123,,,
220.180.184.202,1,4,dongao123,,,
60.173.161.141,2,4,dongao123,ZHKJAH,,
220.179.26.167,2,4,ZHKJAH,dongao123,,
218.22.135.138,1,4,dongao123,,,
36.63.1.244,1,4,dongao123,,,
60.173.105.206,2,4,ZHKJAH,dongao123,,
117.66.200.99,1,4,dongao123,,,
60.169.86.125,2,4,dongao123,ZHKJAH,,
58.242.44.34,2,4,004,ZHKJAH,,
114.104.163.167,1,4,dongao123,,,
60.174.192.209,1,4,dongao123,,,
60.173.71.197,2,4,dongao123,ZHKJAH,,
114.104.101.78,2,4,ZHKJAH,dongao123,,
183.166.61.11,2,4,ZHKJAH,dongao123,,
112.30.85.28,3,4,ZHKJAH,dongao123,004,
112.123.239.91,2,4,ZHKJAH,dongao123,,
36.34.135.242,2,4,ZHKJAH,dongao123,,
60.175.184.228,2,4,ZHKJAH,dongao123,,
58.242.244.244,3,4,004,dongao123,ZHKJAH,
114.104.196.73,2,4,ZHKJAH,dongao123,,
60.169.88.194,3,4,ZHKJAH,dongao123,004,
123.185.78.41,1,4,dc001,,,
220.180.76.52,1,4,dongao123,,,
211.141.223.4,2,4,ZHKJAH,dongao123,,
112.32.94.68,1,4,ZHKJAH,,,
61.191.248.170,2,4,ZHKJAH,dongao123,,
220.178.101.66,1,4,dongao123,,,
112.27.32.232,1,4,ZHKJAH,,,
211.141.181.190,2,4,ZHKJAH,dongao123,,
60.172.0.144,3,4,004,ZHKJAH,dongao123,
60.175.72.118,1,4,dongao123,,,
60.172.149.3,2,4,ZHKJAH,dongao123,,
60.170.26.22,1,4,dongao123,,,
117.71.179.60,3,4,ZHKJAH,dongao123,004,
36.63.75.44,2,4,ZHKJAH,dongao123,,
112.31.20.203,2,4,ZHKJAH,dongao123,,
183.161.35.12,2,4,ZHKJAH,dongao123,,
220.178.83.43,2,4,dongao123,ZHKJAH,,
112.26.58.179,2,4,ZHKJAH,dongao123,,
112.28.106.45,2,4,004,dongao123,,
218.22.98.226,2,4,ZHKJAH,dongao123,,
36.7.141.26,2,4,dongao123,ZHKJAH,,
183.162.249.210,2,4,004,dongao123,,
112.122.139.10,2,4,dongao123,ZHKJAH,,
218.22.191.82,1,4,dongao123,,,
220.179.229.22,2,4,ZHKJAH,dongao123,,
220.180.208.244,2,4,004,dongao123,,
112.132.162.50,2,4,ZHKJAH,dongao123,,
112.26.19.103,2,4,ZHKJAH,dongao123,,
112.132.249.171,2,4,dongao123,ZHKJAH,,
58.242.39.98,2,4,ZHKJAH,dongao123,,
112.27.103.33,2,4,ZHKJAH,dongao123,,
112.28.121.157,2,4,ZHKJAH,dongao123,,
114.105.38.119,1,4,dongao123,,,
220.178.164.22,3,4,ZHKJAH,dongao123,004,
120.243.42.192,2,4,dongao123,004,,
60.172.160.46,3,4,ZHKJAH,dongao123,004,
218.23.49.11,2,4,004,ZHKJAH,,
60.171.173.7,2,4,dongao123,ZHKJAH,,
112.32.177.145,1,4,dongao123,,,
220.178.83.35,2,4,dongao123,ZHKJAH,,
36.35.112.70,2,4,ZHKJAH,dongao123,,
218.22.134.126,2,4,ZHKJAH,dongao123,,
117.71.110.160,3,4,004,dongao123,ZHKJAH,
183.166.61.14,2,4,dongao123,ZHKJAH,,
60.172.160.45,2,4,ZHKJAH,dongao123,,
220.178.150.42,1,4,dongao123,,,
223.241.100.153,1,4,dongao123,,,
111.39.156.4,2,4,dongao123,ZHKJAH,,
112.27.211.31,2,4,004,dongao123,,
218.22.105.134,1,4,dongao123,,,
111.39.156.27,3,4,004,dongao123,ZHKJAH,
117.65.189.28,1,4,dongao123,,,
220.178.1.34,1,4,ZHKJAH,,,
220.179.124.54,2,4,dongao123,ZHKJAH,,
60.173.128.173,2,4,ZHKJAH,004,,
60.170.110.145,1,4,dongao123,,,
223.243.99.200,3,4,004,dongao123,ZHKJAH,
60.170.236.211,1,4,dongao123,,,
220.178.83.45,2,4,dongao123,ZHKJAH,,
60.170.29.46,1,4,dongao123,,,
60.173.225.80,2,4,dongao123,ZHKJAH,,
27.186.4.144,2,4,ZHKJAH,004,,
60.167.77.184,2,4,ZHKJAH,dongao123,,
220.180.213.18,3,4,004,dongao123,ZHKJAH,
183.164.250.205,2,4,ZHKJAH,dongao123,,
60.175.44.252,1,4,ZHKJAH,,,
112.32.181.98,1,4,dongao123,,,
27.186.0.88,1,3,ZHKJAH,,,
114.104.89.231,2,3,004,dongao123,,
112.32.178.130,2,3,dc001,dongao123,,
183.164.21.15,2,3,dongao123,004,,
218.23.218.148,1,3,dongao123,,,
218.22.88.141,3,3,004,ZHKJAH,dongao123,
112.32.181.244,1,3,dongao123,,,
60.167.74.130,3,3,004,ZHKJAH,dongao123,
60.170.30.207,1,3,dongao123,,,
124.113.226.75,2,3,ZHKJAH,dongao123,,
218.23.57.135,2,3,dongao123,004,,
58.242.44.35,2,3,ZHKJAH,dongao123,,
112.26.82.51,3,3,004,dongao123,ZHKJAH,
36.6.24.113,1,3,dongao123,,,
223.215.91.153,1,3,dongao123,,,
61.191.104.90,1,3,dongao123,,,
60.173.195.80,2,3,dc001,dongao123,,
112.122.139.8,2,3,dongao123,ZHKJAH,,
114.103.190.86,1,3,dongao123,,,
60.175.166.6,3,3,ZHKJAH,dongao123,004,
112.32.32.93,1,3,dongao123,,,
112.26.6.109,1,3,ZHKJAH,,,
61.190.8.254,1,3,ZHKJAH,,,
60.175.115.33,2,3,dongao123,ZHKJAH,,
60.171.244.139,3,3,dongao123,ZHKJAH,004,
220.180.150.242,2,3,004,ZHKJAH,,
112.27.156.150,2,3,dongao123,ZHKJAH,,
60.173.220.91,2,3,ZHKJAH,dongao123,,
60.171.244.179,1,3,dongao123,,,
183.167.205.82,3,3,ZHKJAH,dongao123,004,
36.33.8.138,2,3,004,ZHKJAH,,
220.178.213.114,2,3,ZHKJAH,dongao123,,
114.104.196.72,2,3,dongao123,ZHKJAH,,
223.241.214.82,2,3,dongao123,ZHKJAH,,
114.98.95.247,2,3,dongao123,ZHKJAH,,
58.242.44.39,3,3,004,dongao123,ZHKJAH,
58.242.239.162,2,3,dongao123,ZHKJAH,,
60.172.42.67,3,3,004,ZHKJAH,dongao123,
183.167.254.70,1,3,dongao123,,,
112.53.225.71,2,3,dongao123,ZHKJAH,,
36.56.93.4,1,3,ZHKJAH,,,
36.7.122.180,2,3,dongao123,ZHKJAH,,
112.27.58.167,3,3,004,dongao123,ZHKJAH,
124.73.199.73,1,3,dongao123,,,
117.65.190.124,1,3,dongao123,,,
117.65.167.251,2,3,dongao123,ZHKJAH,,
218.22.185.196,2,3,dongao123,ZHKJAH,,
220.178.83.38,2,3,dongao123,ZHKJAH,,
183.162.217.92,2,3,dongao123,ZHKJAH,,
36.7.144.218,1,3,dongao123,,,
220.178.83.39,2,3,dongao123,ZHKJAH,,
112.32.180.218,1,3,dongao123,,,
58.20.168.128,2,3,dongao123,ZHKJAH,,
211.141.223.23,1,3,dongao123,,,
111.39.155.70,1,3,ZHKJAH,,,
112.27.238.132,2,3,ZHKJAH,dongao123,,
223.243.126.107,3,3,004,ZHKJAH,dongao123,
61.133.143.39,2,3,dongao123,ZHKJAH,,
60.174.151.87,2,3,ZHKJAH,dongao123,,
60.170.103.239,2,3,ZHKJAH,dongao123,,
60.171.156.67,3,3,ZHKJAH,dongao123,004,
60.175.245.3,2,3,004,dongao123,,
60.171.17.28,3,3,004,ZHKJAH,dongao123,
112.29.106.27,2,3,ZHKJAH,dongao123,,
223.241.214.114,1,3,dongao123,,,
112.122.139.9,2,3,dongao123,ZHKJAH,,
36.33.35.18,2,3,dongao123,ZHKJAH,,
60.168.146.11,2,3,ZHKJAH,dongao123,,
223.241.223.138,2,3,dc001,dongao123,,
112.31.208.19,2,3,ZHKJAH,dongao123,,
61.190.59.115,2,3,ZHKJAH,dongao123,,
220.178.168.145,2,3,004,ZHKJAH,,
36.56.93.240,1,3,ZHKJAH,,,
60.174.154.66,3,3,dongao123,ZHKJAH,004,
223.243.96.10,2,3,ZHKJAH,dongao123,,
60.172.69.58,1,3,dongao123,,,
220.179.124.179,2,3,ZHKJAH,dongao123,,
112.123.239.82,3,3,004,ZHKJAH,dongao123,
112.29.118.88,1,3,dongao123,,,
60.170.236.215,2,3,ZHKJAH,dongao123,,
60.174.148.43,1,3,ZHKJAH,,,
60.166.52.250,2,3,dongao123,ZHKJAH,,
218.22.142.230,2,3,dongao123,ZHKJAH,,
58.242.238.198,1,3,dongao123,,,
183.166.61.4,2,3,ZHKJAH,dongao123,,
60.173.76.114,1,3,dongao123,,,
36.7.153.103,2,3,ZHKJAH,dongao123,,
112.27.88.252,1,3,dongao123,,,
223.247.33.12,1,3,dongao123,,,
114.99.103.32,1,3,dongao123,,,
220.180.150.241,2,3,004,ZHKJAH,,
60.175.203.82,3,3,004,ZHKJAH,dongao123,
61.191.156.225,2,3,dongao123,ZHKJAH,,
218.23.208.93,2,3,ZHKJAH,dongao123,,
60.170.180.157,2,3,004,dongao123,,
60.173.3.128,1,3,dongao123,,,
112.132.249.148,1,3,dongao123,,,
112.32.92.164,1,3,ZHKJAH,,,
60.173.87.5,3,3,004,ZHKJAH,dongao123,
220.180.50.167,2,3,ZHKJAH,dongao123,,
112.123.170.26,1,3,ZHKJAH,,,
36.7.82.193,2,3,dongao123,ZHKJAH,,
60.175.116.134,1,3,dongao123,,,
220.178.37.14,2,3,dongao123,ZHKJAH,,
60.172.0.134,2,3,dongao123,ZHKJAH,,
60.173.1.225,2,3,dongao123,ZHKJAH,,
60.170.104.232,2,3,ZHKJAH,dongao123,,
60.173.70.102,2,3,dongao123,004,,
117.69.165.66,3,3,004,ZHKJAH,dongao123,
112.123.239.86,1,3,dongao123,,,
36.6.208.122,2,3,dongao123,ZHKJAH,,
112.28.180.67,1,3,dongao123,,,
112.53.225.226,2,3,ZHKJAH,dongao123,,
36.7.149.46,2,3,ZHKJAH,dongao123,,
112.53.225.248,2,3,ZHKJAH,dongao123,,
112.122.189.230,2,3,dongao123,ZHKJAH,,
112.32.3.142,1,3,dongao123,,,
218.23.216.254,1,3,dongao123,,,
183.164.22.138,2,3,dongao123,ZHKJAH,,
183.161.35.10,1,3,ZHKJAH,,,
220.248.235.186,2,3,dongao123,ZHKJAH,,
112.26.1.84,1,3,dongao123,,,
218.23.211.29,2,3,ZHKJAH,dongao123,,
60.169.174.48,2,3,dongao123,ZHKJAH,,
223.244.154.158,1,3,dongao123,,,
36.57.8.187,2,3,dongao123,ZHKJAH,,
218.22.10.252,1,3,dongao123,,,
60.170.112.2,2,3,ZHKJAH,dongao123,,
183.161.30.226,2,3,dongao123,ZHKJAH,,
220.180.231.46,1,3,dongao123,,,
117.71.48.34,1,3,dongao123,,,
60.172.0.158,3,3,004,ZHKJAH,dongao123,
123.60.189.211,2,3,004,dongao123,,
111.38.21.198,2,3,ZHKJAH,dongao123,,
114.99.121.122,1,3,dongao123,,,
218.23.45.78,2,3,dongao123,ZHKJAH,,
58.242.244.245,2,3,dongao123,ZHKJAH,,
60.170.156.175,3,3,004,ZHKJAH,dongao123,
218.22.8.230,1,3,dongao123,,,
61.190.16.82,2,3,ZHKJAH,dongao123,,
36.35.40.121,1,3,dongao123,,,
218.22.104.50,1,3,dongao123,,,
218.22.40.50,2,3,004,ZHKJAH,,
220.179.1.202,2,3,ZHKJAH,dongao123,,
114.99.238.175,1,3,dongao123,,,
112.27.184.204,2,3,ZHKJAH,dongao123,,
58.242.44.42,2,3,dongao123,ZHKJAH,,
60.171.137.114,2,3,ZHKJAH,dongao123,,
58.242.131.171,2,3,dongao123,ZHKJAH,,
112.132.249.154,2,3,ZHKJAH,dongao123,,
60.173.76.184,3,3,dongao123,ZHKJAH,004,
58.243.9.156,1,3,dongao123,,,
60.174.3.154,1,3,dongao123,,,
36.34.158.194,2,3,dongao123,ZHKJAH,,
36.32.191.187,1,3,ZHKJAH,,,
111.39.63.61,1,3,dongao123,,,
112.53.235.41,2,3,ZHKJAH,dongao123,,
60.170.184.115,1,3,ZHKJAH,,,
112.122.139.3,2,3,ZHKJAH,dongao123,,
60.169.120.109,2,3,004,dongao123,,
112.32.181.100,1,3,dongao123,,,
112.27.49.186,1,3,dongao123,,,
183.166.61.12,2,3,ZHKJAH,dongao123,,
60.172.22.43,3,3,004,ZHKJAH,dongao123,
36.7.122.9,2,3,dongao123,ZHKJAH,,
112.26.94.93,1,3,ZHKJAH,,,
36.7.120.162,2,3,ZHKJAH,dongao123,,
60.171.156.81,1,3,dongao123,,,
120.210.19.206,1,3,dongao123,,,
218.23.208.129,2,3,dongao123,ZHKJAH,,
60.173.67.238,2,3,ZHKJAH,dongao123,,
220.180.203.123,1,3,ZHKJAH,,,
220.178.83.41,1,3,dongao123,,,
60.173.68.158,3,3,004,dongao123,ZHKJAH,
111.38.254.25,3,3,dongao123,ZHKJAH,004,
120.209.32.20,1,3,dongao123,,,
60.172.160.53,1,3,dongao123,,,
183.166.61.13,1,3,dongao123,,,
60.171.162.134,1,3,ZHKJAH,,,
60.174.39.52,1,3,dongao123,,,
211.141.223.21,1,3,dongao123,,,
218.22.56.38,2,3,dongao123,ZHKJAH,,
117.65.165.29,1,3,dongao123,,,
61.190.204.162,2,3,ZHKJAH,dongao123,,
61.190.142.227,3,3,004,dongao123,ZHKJAH,
183.167.156.12,2,3,ZHKJAH,dongao123,,
223.241.254.107,2,3,ZHKJAH,dongao123,,
112.30.39.8,1,3,ZHKJAH,,,
112.27.105.58,1,3,ZHKJAH,,,
218.22.205.222,1,3,dongao123,,,
60.175.69.183,1,3,dongao123,,,
36.56.95.19,1,3,ZHKJAH,,,
120.243.218.212,1,3,dongao123,,,
223.215.54.255,2,3,004,ZHKJAH,,
112.27.167.123,1,3,dongao123,,,
220.180.222.122,1,3,dongao123,,,
112.32.179.230,1,3,dongao123,,,
223.241.107.90,2,3,dongao123,ZHKJAH,,
61.191.102.47,2,3,004,ZHKJAH,,
112.27.163.31,2,3,004,dongao123,,
112.122.139.7,2,3,dongao123,ZHKJAH,,
220.179.174.213,2,3,dongao123,ZHKJAH,,
36.32.8.221,3,3,ZHKJAH,dongao123,004,
117.70.214.227,1,3,ZHKJAH,,,
220.178.150.45,1,3,dongao123,,,
60.173.85.84,2,3,dongao123,ZHKJAH,,
61.190.70.1,2,3,dongao123,ZHKJAH,,
60.173.172.105,2,3,ZHKJAH,dongao123,,
112.27.238.179,2,3,dongao123,ZHKJAH,,
36.57.8.127,2,3,ZHKJAH,dongao123,,
223.247.252.52,1,3,dongao123,,,
61.190.181.66,3,3,004,ZHKJAH,dongao123,
112.123.103.89,2,3,004,dongao123,,
220.179.14.26,1,3,dongao123,,,
117.70.62.171,1,3,ZHKJAH,,,
112.32.177.137,1,3,dongao123,,,
112.26.84.17,1,3,dongao123,,,
60.170.110.38,3,3,004,dongao123,ZHKJAH,
114.97.3.245,2,3,dongao123,ZHKJAH,,
60.172.144.22,2,3,dongao123,ZHKJAH,,
60.173.195.82,2,2,ZHKJAH,dongao123,,
111.39.105.214,1,2,dongao123,,,
36.5.244.88,1,2,dongao123,,,
223.244.122.9,1,2,dongao123,,,
58.242.73.247,2,2,dongao123,ZHKJAH,,
36.6.6.82,2,2,dongao123,004,,
183.167.174.54,2,2,dc001,dongao123,,
36.4.151.88,1,2,ZHKJAH,,,
114.101.168.199,2,2,ZHKJAH,004,,
120.243.109.201,2,2,ZHKJAH,dongao123,,
113.248.28.95,1,2,dongao123,,,
36.6.7.195,2,2,004,dongao123,,
218.22.177.45,2,2,dongao123,ZHKJAH,,
220.179.228.9,2,2,dc001,dongao123,,
183.167.145.47,1,2,dongao123,,,
222.95.83.53,1,2,ZHKJAH,,,
58.242.74.195,2,2,ZHKJAH,dongao123,,
36.6.6.113,1,2,dongao123,,,
218.23.217.187,1,2,dongao123,,,
183.162.209.185,1,2,dongao123,,,
60.172.135.3,2,2,004,ZHKJAH,,
58.242.236.233,1,2,ZHKJAH,,,
183.165.216.3,3,2,004,dongao123,ZHKJAH,
58.243.187.235,2,2,dongao123,ZHKJAH,,
60.174.153.83,2,2,ZHKJAH,dongao123,,
218.23.17.208,1,2,dongao123,,,
60.172.8.238,1,2,dongao123,,,
220.179.249.206,1,2,dongao123,,,
36.63.91.155,1,2,dongao123,,,
112.28.154.20,2,2,ZHKJAH,dongao123,,
117.71.68.31,2,2,ZHKJAH,dongao123,,
114.98.209.116,1,2,ZHKJAH,,,
112.26.224.30,1,2,dongao123,,,
120.242.31.232,1,2,dongao123,,,
114.104.153.149,1,2,ZHKJAH,,,
218.22.117.114,1,2,dongao123,,,
60.170.190.38,2,2,ZHKJAH,dongao123,,
220.180.121.210,1,2,dongao123,,,
114.103.254.33,3,2,004,dongao123,ZHKJAH,
220.180.137.185,2,2,ZHKJAH,004,,
36.4.200.246,1,2,ZHKJAH,,,
36.63.171.136,1,2,dongao123,,,
112.32.147.141,1,2,dongao123,,,
114.103.118.78,1,2,dongao123,,,
60.173.223.135,2,2,dongao123,004,,
60.174.199.32,1,2,ZHKJAH,,,
36.59.112.118,1,2,dongao123,,,
61.190.39.9,2,2,ZHKJAH,dongao123,,
116.149.2.181,1,2,dongao123,,,
36.7.146.173,3,2,004,dongao123,ZHKJAH,
223.243.96.107,2,2,004,dongao123,,
211.141.184.86,2,2,ZHKJAH,dongao123,,
60.171.106.226,1,2,dongao123,,,
60.169.69.88,2,2,ZHKJAH,dongao123,,
117.65.187.99,1,2,dongao123,,,
60.166.153.7,2,2,ZHKJAH,dongao123,,
114.103.154.249,1,2,dongao123,,,
60.174.230.41,1,2,dongao123,,,
58.242.81.58,1,2,004,,,
114.97.249.86,2,2,004,dongao123,,
60.173.192.123,1,2,dongao123,,,
112.26.58.107,2,2,dongao123,ZHKJAH,,
60.174.35.217,1,2,dongao123,,,
58.242.244.243,2,2,dongao123,ZHKJAH,,
61.190.70.6,2,2,dongao123,004,,
60.172.59.48,2,2,dongao123,004,,
218.23.254.31,2,2,dongao123,ZHKJAH,,
220.178.74.8,2,2,dongao123,ZHKJAH,,
112.122.255.71,2,2,ZHKJAH,dongao123,,
112.26.128.213,2,2,004,ZHKJAH,,
36.63.115.182,2,2,dongao123,ZHKJAH,,
36.7.146.33,1,2,dongao123,,,
211.141.225.95,1,2,dongao123,,,
36.4.232.187,1,2,dongao123,,,
183.164.121.180,2,2,ZHKJAH,dongao123,,
220.178.171.40,1,2,dongao123,,,
220.180.168.124,2,2,dongao123,ZHKJAH,,
112.32.147.242,1,2,dongao123,,,
114.103.215.191,1,2,dongao123,,,
117.70.51.127,1,2,ZHKJAH,,,
36.35.129.21,2,2,dongao123,ZHKJAH,,
36.35.129.96,2,2,dongao123,ZHKJAH,,
114.104.157.3,1,2,dongao123,,,
61.190.132.55,2,2,dongao123,ZHKJAH,,
220.180.158.17,1,2,ZHKJAH,,,
218.23.170.24,1,2,ZHKJAH,,,
60.172.168.225,1,2,dongao123,,,
114.103.189.58,2,2,004,ZHKJAH,,
223.240.138.186,1,2,dongao123,,,
61.191.99.86,1,2,ZHKJAH,,,
60.170.203.52,1,2,dongao123,,,
60.170.162.8,1,2,dongao123,,,
36.7.184.126,1,2,dongao123,,,
36.63.37.182,1,2,dongao123,,,
220.178.83.44,1,2,dongao123,,,
183.162.245.242,2,2,004,ZHKJAH,,
60.172.149.2,3,2,004,dongao123,ZHKJAH,
60.173.233.147,2,2,004,ZHKJAH,,
36.161.43.65,1,2,dongao123,,,
112.26.233.227,2,2,dongao123,004,,
218.22.140.130,2,2,dongao123,004,,
36.7.82.214,2,2,dongao123,ZHKJAH,,
183.165.140.147,1,2,dongao123,,,
223.241.221.28,1,2,ZHKJAH,,,
36.63.99.50,1,2,dongao123,,,
223.214.125.177,1,2,dongao123,,,
111.39.221.166,2,2,ZHKJAH,dongao123,,
220.248.229.68,2,2,dongao123,004,,
60.173.223.139,1,2,dongao123,,,
114.99.238.101,1,2,dongao123,,,
36.5.9.4,1,2,dongao123,,,
223.242.145.149,1,2,dongao123,,,
60.175.72.157,1,2,dongao123,,,
117.71.100.73,2,2,ZHKJAH,dongao123,,
112.32.139.248,2,2,dongao123,ZHKJAH,,
60.174.34.66,2,2,dongao123,ZHKJAH,,
60.172.0.153,3,2,ZHKJAH,dongao123,004,
222.72.47.2,1,2,dongao123,,,
112.123.165.163,1,2,ZHKJAH,,,
114.104.19.193,2,2,dongao123,ZHKJAH,,
114.104.196.68,2,2,ZHKJAH,dongao123,,
61.190.150.139,3,2,004,dongao123,ZHKJAH,
183.166.61.10,2,2,dongao123,ZHKJAH,,
60.171.37.162,1,2,dongao123,,,
223.247.84.12,1,2,dongao123,,,
36.7.71.60,2,2,dongao123,ZHKJAH,,
60.175.52.186,2,2,ZHKJAH,dongao123,,
112.32.181.212,1,2,dongao123,,,
183.167.213.4,2,2,dongao123,ZHKJAH,,
114.105.143.14,3,2,004,dongao123,ZHKJAH,
36.161.3.216,1,2,ZHKJAH,,,
36.57.10.10,1,2,dongao123,,,
36.7.138.100,1,2,dongao123,,,
183.167.205.80,1,2,dongao123,,,
218.23.57.99,1,2,ZHKJAH,,,
60.167.19.56,1,2,ZHKJAH,,,
112.31.84.9,2,2,dongao123,ZHKJAH,,
117.71.48.29,2,2,dongao123,ZHKJAH,,
60.174.167.222,1,2,ZHKJAH,,,
223.244.8.8,1,2,004,,,
60.173.71.195,2,2,dongao123,ZHKJAH,,
111.39.68.31,1,2,dongao123,,,
36.159.153.83,2,2,ZHKJAH,dongao123,,
112.123.239.88,1,2,ZHKJAH,,,
183.162.252.31,3,2,ZHKJAH,dongao123,004,
112.29.106.226,2,2,dongao123,ZHKJAH,,
60.174.37.179,1,2,ZHKJAH,,,
114.100.50.107,1,2,dongao123,,,
61.164.90.106,1,2,dongao123,,,
60.173.210.246,3,2,004,ZHKJAH,dongao123,
183.162.93.182,2,2,ZHKJAH,dongao123,,
60.173.138.24,2,2,ZHKJAH,dongao123,,
120.242.15.147,1,2,dongao123,,,
60.167.60.12,1,2,dongao123,,,
36.33.208.57,1,2,dongao123,,,
36.4.83.147,1,2,dongao123,,,
220.180.133.16,2,2,ZHKJAH,dongao123,,
60.166.159.41,1,2,dongao123,,,
220.178.63.42,2,2,dongao123,ZHKJAH,,
114.98.56.232,2,2,dongao123,ZHKJAH,,
60.171.250.75,1,2,ZHKJAH,,,
223.241.197.247,1,2,dongao123,,,
36.56.14.128,3,2,ZHKJAH,dongao123,004,
211.141.239.2,1,2,ZHKJAH,,,
60.174.159.64,2,2,ZHKJAH,004,,
218.22.169.50,2,2,dongao123,ZHKJAH,,
36.7.184.130,2,2,ZHKJAH,dongao123,,
220.178.150.43,2,2,ZHKJAH,dongao123,,
111.38.172.38,1,2,dongao123,,,
60.172.160.54,2,2,ZHKJAH,dongao123,,
183.167.179.89,1,2,dongao123,,,
117.67.236.245,1,2,dongao123,,,
114.106.100.107,2,2,ZHKJAH,dongao123,,
183.165.96.166,2,2,dc001,dongao123,,
60.173.5.126,1,2,dongao123,,,
117.65.163.63,1,2,dongao123,,,
112.27.186.55,1,2,dongao123,,,
120.243.222.196,2,2,dongao123,ZHKJAH,,
111.38.109.201,1,2,dongao123,,,
117.71.112.111,1,2,dongao123,,,
36.4.210.70,2,2,dongao123,ZHKJAH,,
60.171.103.179,1,2,dongao123,,,
112.32.177.179,1,2,dongao123,,,
218.22.49.242,2,2,ZHKJAH,dongao123,,
218.23.188.239,1,2,dongao123,,,
120.209.42.210,1,2,dongao123,,,
60.173.180.166,3,2,ZHKJAH,dongao123,004,
60.171.244.162,1,2,dongao123,,,
218.23.233.226,1,2,ZHKJAH,,,
218.23.178.250,1,2,dongao123,,,
60.170.104.215,1,2,dongao123,,,
124.112.115.144,1,2,dongao123,,,
220.179.75.17,2,2,ZHKJAH,dongao123,,
36.56.43.174,2,2,ZHKJAH,dongao123,,
60.174.36.21,1,2,dongao123,,,
36.159.243.200,1,2,004,,,
117.71.171.98,2,2,dongao123,ZHKJAH,,
111.39.74.254,1,2,dongao123,,,
183.160.248.190,2,2,ZHKJAH,dongao123,,
60.173.85.45,1,2,dongao123,,,
112.28.199.253,1,2,ZHKJAH,,,
36.7.188.38,1,2,ZHKJAH,,,
223.214.122.182,2,2,dongao123,ZHKJAH,,
220.180.208.56,1,2,dongao123,,,
117.69.166.107,1,2,dongao123,,,
112.28.24.140,1,2,dongao123,,,
114.101.33.127,1,2,dongao123,,,
60.171.128.43,2,2,ZHKJAH,dongao123,,
36.4.208.89,3,2,004,dongao123,ZHKJAH,
60.169.22.21,1,2,dongao123,,,
60.168.154.13,1,2,dongao123,,,
223.240.172.153,2,2,004,ZHKJAH,,
223.215.141.193,2,2,ZHKJAH,dongao123,,
220.178.83.40,2,2,dongao123,ZHKJAH,,
60.174.207.118,2,2,dongao123,ZHKJAH,,
60.169.109.104,1,2,ZHKJAH,,,
114.101.170.213,1,2,dongao123,,,
220.179.64.25,2,2,004,dongao123,,
112.26.63.207,2,2,ZHKJAH,dongao123,,
60.173.152.105,2,2,dongao123,ZHKJAH,,
60.170.127.202,2,2,dongao123,004,,
210.22.108.120,2,2,ZHKJAH,dongao123,,
60.173.45.164,3,2,004,dongao123,ZHKJAH,
111.39.200.232,2,2,ZHKJAH,004,,
60.173.219.129,2,2,dongao123,ZHKJAH,,
183.162.78.240,1,2,dongao123,,,
39.146.208.66,1,2,dongao123,,,
60.171.150.11,1,2,dongao123,,,
220.179.142.4,2,2,ZHKJAH,dongao123,,
114.104.203.4,1,2,dongao123,,,
114.104.158.45,2,2,ZHKJAH,dongao123,,
223.247.227.95,2,2,ZHKJAH,dongao123,,
36.63.249.60,1,2,dongao123,,,
220.179.83.187,1,2,dongao123,,,
60.173.176.23,1,2,dongao123,,,
223.241.228.168,1,2,dongao123,,,
218.22.14.74,1,2,dongao123,,,
111.39.93.211,1,2,ZHKJAH,,,
117.67.196.37,2,2,ZHKJAH,dongao123,,
183.161.7.60,1,2,dongao123,,,
36.7.90.82,2,2,ZHKJAH,dongao123,,
60.175.91.220,2,2,dongao123,004,,
114.104.210.251,1,2,dongao123,,,
60.174.210.234,1,2,dongao123,,,
218.23.41.18,1,2,dongao123,,,
60.172.42.71,1,2,dongao123,,,
112.28.56.83,3,2,004,dongao123,ZHKJAH,
223.241.215.26,2,2,ZHKJAH,dongao123,,
60.174.193.109,1,2,dongao123,,,
112.26.237.33,2,2,ZHKJAH,dongao123,,
117.64.67.59,1,2,dongao123,,,
112.26.19.101,1,2,ZHKJAH,,,
60.169.87.131,1,2,ZHKJAH,,,
223.245.206.16,2,2,ZHKJAH,dongao123,,
223.241.96.63,1,2,dongao123,,,
60.175.65.15,1,2,dongao123,,,
60.171.75.85,2,2,dongao123,ZHKJAH,,
117.71.197.4,1,2,dongao123,,,
183.167.252.92,2,2,dongao123,004,,
223.244.234.182,2,2,dongao123,004,,
218.23.2.123,2,2,dongao123,ZHKJAH,,
60.174.141.73,2,2,ZHKJAH,dongao123,,
220.178.251.146,1,2,dongao123,,,
60.175.60.165,1,2,ZHKJAH,,,
60.170.213.42,2,2,ZHKJAH,dongao123,,
114.99.238.54,1,2,dongao123,,,
36.7.81.152,2,2,ZHKJAH,dongao123,,
60.170.109.224,2,2,ZHKJAH,dongao123,,
61.190.162.208,3,2,ZHKJAH,dongao123,004,
60.167.54.241,2,2,004,ZHKJAH,,
112.30.22.128,1,2,dongao123,,,
223.244.238.243,2,2,dongao123,ZHKJAH,,
112.26.128.176,2,2,ZHKJAH,dongao123,,
112.123.7.104,1,2,dongao123,,,
60.172.50.159,3,2,004,ZHKJAH,dongao123,
183.166.57.247,2,2,dongao123,004,,
60.171.117.155,2,2,ZHKJAH,dongao123,,
223.243.102.26,1,2,dongao123,,,
61.191.250.26,3,2,dongao123,ZHKJAH,004,
61.133.143.40,2,2,dongao123,004,,
183.167.251.49,1,2,ZHKJAH,,,
114.104.60.150,1,2,dongao123,,,
60.174.4.92,1,2,dongao123,,,
223.243.34.23,1,2,dongao123,,,
218.22.11.2,1,2,dongao123,,,
60.175.7.193,3,2,dc001,ZHKJAH,dongao123,
114.97.42.145,2,2,ZHKJAH,dongao123,,
223.241.107.5,3,2,ZHKJAH,dongao123,004,
218.23.162.145,1,2,ZHKJAH,,,
183.165.209.160,1,2,ZHKJAH,,,
220.179.238.38,1,2,dongao123,,,
112.26.92.91,2,2,dongao123,ZHKJAH,,
36.57.112.8,3,2,004,ZHKJAH,dongao123,
36.59.100.208,1,2,dongao123,,,
124.112.125.7,2,2,ZHKJAH,dongao123,,
211.141.181.210,1,2,dongao123,,,
222.95.202.45,1,2,ZHKJAH,,,
60.173.78.90,1,2,004,,,
220.180.150.231,2,2,ZHKJAH,dongao123,,
120.243.116.213,1,2,dongao123,,,
220.178.251.151,1,2,dongao123,,,
220.179.226.230,1,2,dongao123,,,
36.62.172.127,2,2,004,dongao123,,
60.173.1.223,2,2,ZHKJAH,dongao123,,
60.170.111.10,1,2,dongao123,,,
114.106.121.114,1,2,dongao123,,,
223.243.130.170,2,2,ZHKJAH,dongao123,,
36.32.188.222,1,2,dongao123,,,
183.164.101.105,2,2,dongao123,ZHKJAH,,
60.173.214.136,1,2,dongao123,,,
60.173.22.133,2,2,dongao123,ZHKJAH,,
117.186.13.86,1,2,dongao123,,,
112.27.161.130,3,2,004,ZHKJAH,dongao123,
183.162.219.162,1,2,dongao123,,,
114.105.116.83,2,2,dongao123,ZHKJAH,,
112.26.0.53,3,2,dc001,004,dongao123,
112.32.153.235,1,2,dongao123,,,
60.175.198.225,1,2,dongao123,,,
220.179.241.122,1,2,dongao123,,,
60.169.109.207,1,2,ZHKJAH,,,
111.38.106.50,2,2,004,ZHKJAH,,
120.210.132.157,3,2,004,ZHKJAH,dongao123,
112.27.164.132,2,2,004,dongao123,,
114.103.191.48,2,2,ZHKJAH,004,,
183.166.59.156,1,2,dongao123,,,
220.180.57.252,1,2,ZHKJAH,,,
61.191.101.71,2,2,dongao123,ZHKJAH,,
183.165.219.13,3,2,ZHKJAH,dongao123,004,
60.168.137.246,2,2,004,dongao123,,
36.7.152.74,1,2,dongao123,,,
220.178.83.37,2,2,dongao123,ZHKJAH,,
114.101.44.123,2,2,ZHKJAH,dongao123,,
112.32.3.96,1,2,dongao123,,,
117.71.99.232,2,2,dongao123,004,,
36.7.189.145,1,2,dongao123,,,
223.242.180.211,2,2,dongao123,ZHKJAH,,
112.27.66.176,1,2,dongao123,,,
114.103.222.111,2,2,ZHKJAH,004,,
183.167.204.26,1,2,dongao123,,,
220.178.83.36,1,2,dongao123,,,
112.26.81.70,3,2,004,dongao123,ZHKJAH,
112.31.25.159,1,2,dongao123,,,
36.7.48.74,1,2,dongao123,,,
112.26.19.111,1,2,ZHKJAH,,,
112.27.87.17,1,2,ZHKJAH,,,
112.27.238.134,1,2,dongao123,,,
60.174.39.63,2,2,ZHKJAH,dongao123,,
211.141.219.116,1,2,ZHKJAH,,,
36.4.184.196,1,2,dongao123,,,
223.242.212.149,2,2,dongao123,004,,
36.63.144.202,1,2,dongao123,,,
220.180.111.220,2,2,ZHKJAH,dongao123,,
117.71.73.3,2,2,004,dongao123,,
218.23.51.30,1,2,ZHKJAH,,,
36.32.166.44,1,2,dongao123,,,
120.242.19.182,1,2,dongao123,,,
183.166.62.113,1,2,dongao123,,,
114.104.160.163,1,2,dongao123,,,
36.57.50.198,1,2,dongao123,,,
60.169.16.38,2,2,ZHKJAH,dongao123,,
220.178.74.12,2,2,dongao123,004,,
112.26.35.64,2,2,ZHKJAH,dongao123,,
112.27.133.228,2,2,ZHKJAH,dongao123,,
218.22.0.146,2,2,ZHKJAH,dongao123,,
114.104.91.198,1,2,dongao123,,,
36.62.80.212,2,2,dongao123,ZHKJAH,,
111.39.95.192,2,2,dongao123,ZHKJAH,,
220.178.108.187,2,2,ZHKJAH,dongao123,,
61.148.115.158,1,2,dongao123,,,
112.132.161.75,1,2,dongao123,,,
112.26.243.222,2,2,ZHKJAH,dongao123,,
223.214.118.2,2,2,dongao123,ZHKJAH,,
60.170.30.113,1,2,dongao123,,,
220.178.85.90,1,2,dongao123,,,
120.243.212.239,2,2,ZHKJAH,dongao123,,
112.31.73.235,2,2,dongao123,004,,
218.22.79.86,1,2,ZHKJAH,,,
36.57.121.166,1,2,ZHKJAH,,,
223.215.191.234,2,2,004,ZHKJAH,,
36.63.182.20,2,2,ZHKJAH,dongao123,,
223.240.137.94,1,2,dongao123,,,
60.173.180.57,2,2,004,dongao123,,
60.170.204.132,1,2,dongao123,,,
223.215.76.226,2,2,ZHKJAH,dongao123,,
220.180.151.219,2,2,ZHKJAH,dongao123,,
60.172.7.57,3,2,004,dongao123,ZHKJAH,
114.105.36.71,1,2,dongao123,,,
60.166.58.50,1,2,ZHKJAH,,,
220.180.45.41,1,2,dongao123,,,
60.168.146.12,2,2,dongao123,004,,
61.191.99.105,2,2,ZHKJAH,dongao123,,
111.39.50.75,1,2,dongao123,,,
114.101.35.94,1,2,dongao123,,,
183.167.249.38,3,2,dc001,ZHKJAH,dongao123,
223.241.102.145,2,2,ZHKJAH,dongao123,,
112.27.238.133,2,2,dongao123,ZHKJAH,,
183.167.61.20,2,2,dongao123,ZHKJAH,,
112.29.106.21,2,2,ZHKJAH,dongao123,,
112.132.249.170,1,2,dongao123,,,
124.113.214.251,1,2,dongao123,,,
114.96.20.247,1,2,ZHKJAH,,,
36.6.7.52,2,2,dongao123,004,,
114.103.190.251,1,2,ZHKJAH,,,
183.160.219.168,1,2,dongao123,,,
183.167.178.162,2,2,ZHKJAH,dongao123,,
60.172.0.146,2,2,ZHKJAH,dongao123,,
114.104.160.182,2,2,ZHKJAH,dongao123,,
218.104.69.170,1,2,dongao123,,,
223.244.81.49,1,2,dongao123,,,
112.27.204.44,1,2,ZHKJAH,,,
223.240.206.226,1,2,dongao123,,,
112.27.64.5,1,2,dongao123,,,
60.174.2.166,1,2,dongao123,,,
60.174.207.185,2,2,ZHKJAH,dongao123,,
218.23.114.4,3,2,004,dongao123,ZHKJAH,
36.6.1.133,3,2,004,dongao123,ZHKJAH,
220.180.100.187,1,2,dongao123,,,
60.170.183.167,2,2,dongao123,ZHKJAH,,
114.101.171.45,1,2,dongao123,,,
223.241.233.176,1,2,dongao123,,,
112.32.145.166,1,2,dongao123,,,
60.171.81.122,1,2,dongao123,,,
223.242.135.243,2,2,004,dongao123,,
60.175.229.161,2,2,ZHKJAH,dongao123,,
183.161.191.80,1,2,dongao123,,,
124.112.102.174,1,2,dongao123,,,
220.180.219.28,1,2,ZHKJAH,,,
61.190.105.145,2,2,dongao123,ZHKJAH,,
60.174.128.60,3,2,004,dongao123,ZHKJAH,
60.172.4.131,1,2,dongao123,,,
60.169.181.34,1,2,dongao123,,,
60.166.9.83,2,2,dongao123,004,,
112.31.71.181,2,2,ZHKJAH,dongao123,,
111.38.171.85,2,2,dongao123,ZHKJAH,,
223.241.240.101,1,2,dongao123,,,
114.104.177.82,1,2,ZHKJAH,,,
183.166.61.3,2,2,dongao123,ZHKJAH,,
183.166.94.156,2,2,dongao123,004,,
112.123.170.22,1,2,ZHKJAH,,,
36.161.127.27,1,2,dongao123,,,
60.175.49.7,2,2,ZHKJAH,dongao123,,
60.174.215.222,2,2,004,dongao123,,
218.23.124.113,3,2,dc001,004,ZHKJAH,
60.173.139.10,1,2,ZHKJAH,,,
60.172.206.142,2,2,dongao123,ZHKJAH,,
60.170.204.69,2,2,ZHKJAH,dongao123,,
60.172.24.12,1,2,dongao123,,,
112.28.8.121,3,2,ZHKJAH,dongao123,004,
223.214.118.10,2,2,dongao123,ZHKJAH,,
220.179.255.35,1,2,ZHKJAH,,,
117.71.68.248,2,2,ZHKJAH,004,,
183.164.119.146,2,2,dongao123,ZHKJAH,,
114.103.27.155,3,2,004,dongao123,ZHKJAH,
114.104.111.136,1,2,dongao123,,,
60.173.121.249,2,2,dongao123,ZHKJAH,,
220.180.103.28,2,2,ZHKJAH,dongao123,,
60.173.219.120,2,2,dongao123,ZHKJAH,,
218.104.69.18,1,2,ZHKJAH,,,
114.104.77.94,1,2,dongao123,,,
114.96.146.247,2,2,dc001,dongao123,,
117.71.160.58,2,2,dongao123,ZHKJAH,,
117.71.65.243,2,2,ZHKJAH,dongao123,,
60.174.6.104,1,2,ZHKJAH,,,
60.175.255.30,1,2,dongao123,,,
36.4.235.171,1,2,dongao123,,,
112.26.204.158,4,2,dc001,004,ZHKJAH,dongao123
114.103.219.107,2,2,ZHKJAH,dongao123,,
117.64.115.18,2,2,ZHKJAH,dongao123,,
218.106.82.171,1,2,dongao123,,,
111.39.147.228,1,2,ZHKJAH,,,
114.98.62.24,2,2,ZHKJAH,dongao123,,
183.161.129.227,1,2,dongao123,,,
114.103.180.101,1,2,dongao123,,,
36.32.16.20,2,2,ZHKJAH,dongao123,,
218.22.81.234,1,2,dongao123,,,
114.104.165.190,2,2,dongao123,ZHKJAH,,
36.4.147.167,1,2,dongao123,,,
111.39.220.176,1,2,dongao123,,,
60.170.122.22,3,2,ZHKJAH,dongao123,004,
220.180.9.58,2,2,dongao123,ZHKJAH,,
220.180.216.74,1,2,dongao123,,,
220.180.150.236,3,2,004,ZHKJAH,dongao123,
60.174.128.54,2,2,ZHKJAH,dongao123,,
60.173.223.140,1,2,dongao123,,,
114.107.212.86,1,2,dongao123,,,
60.174.39.22,2,2,ZHKJAH,dongao123,,
183.164.113.200,1,2,ZHKJAH,,,
58.242.244.246,2,2,dongao123,ZHKJAH,,
223.245.215.69,2,2,ZHKJAH,dongao123,,
220.180.228.101,2,2,dongao123,ZHKJAH,,
183.161.54.2,1,2,dongao123,,,
183.161.30.180,2,2,ZHKJAH,dongao123,,
1.204.40.103,2,2,dongao123,ZHKJAH,,
60.166.61.136,2,2,dongao123,ZHKJAH,,
124.112.111.139,3,2,004,dongao123,ZHKJAH,
117.67.239.8,1,2,ZHKJAH,,,
218.106.82.165,2,2,ZHKJAH,004,,
36.57.182.160,3,2,004,dongao123,ZHKJAH,
36.57.99.85,2,2,dongao123,ZHKJAH,,
114.104.155.2,2,2,ZHKJAH,dongao123,,
60.170.183.133,2,2,ZHKJAH,dongao123,,
36.5.10.179,1,2,dongao123,,,
60.168.154.8,1,2,dongao123,,,
218.22.170.42,2,2,dongao123,004,,
60.173.152.102,1,2,dongao123,,,
117.71.78.18,2,2,004,dongao123,,
112.27.184.23,1,2,dongao123,,,
114.105.34.207,1,2,dongao123,,,
36.33.16.21,1,2,ZHKJAH,,,
183.162.245.90,3,2,004,dongao123,ZHKJAH,
112.26.51.52,2,2,dongao123,ZHKJAH,,
36.62.199.222,1,2,ZHKJAH,,,
112.253.29.119,2,2,ZHKJAH,dongao123,,
112.29.87.212,1,2,dongao123,,,
112.27.238.150,1,2,dongao123,,,
220.180.157.131,2,2,dongao123,004,,
60.168.138.171,1,2,dongao123,,,
111.38.172.212,3,2,dongao123,ZHKJAH,004,
117.65.191.190,1,2,dongao123,,,
218.22.57.51,2,2,dongao123,ZHKJAH,,
60.170.10.223,2,2,dongao123,ZHKJAH,,
60.170.1.4,1,2,ZHKJAH,,,
117.71.103.167,1,2,dongao123,,,
60.166.5.146,1,2,ZHKJAH,,,
60.172.0.135,2,2,ZHKJAH,dongao123,,
183.165.143.28,1,2,dongao123,,,
117.69.28.141,2,2,dongao123,ZHKJAH,,
60.173.233.37,1,2,dongao123,,,
60.175.198.211,1,2,dongao123,,,
61.191.71.26,1,2,dongao123,,,
112.28.178.41,3,2,004,dongao123,ZHKJAH,
60.168.154.10,1,2,dongao123,,,
112.53.236.6,2,2,ZHKJAH,dongao123,,
60.174.90.4,2,2,ZHKJAH,dongao123,,
60.173.102.51,2,2,dongao123,ZHKJAH,,
218.23.188.107,1,2,004,,,
112.28.127.193,1,2,dongao123,,,
61.190.7.248,2,2,ZHKJAH,dongao123,,
112.32.34.210,1,2,ZHKJAH,,,
114.98.56.10,3,2,dongao123,ZHKJAH,004,
36.57.42.218,1,2,ZHKJAH,,,
36.161.11.144,3,2,004,ZHKJAH,dongao123,
220.180.95.194,1,2,dongao123,,,
39.146.177.172,2,2,ZHKJAH,004,,
117.69.175.253,2,2,dongao123,ZHKJAH,,
60.170.126.134,1,2,dongao123,,,
60.175.62.166,1,2,ZHKJAH,,,
112.26.148.243,2,2,dongao123,ZHKJAH,,
36.62.148.212,1,2,ZHKJAH,,,
114.99.52.108,2,2,ZHKJAH,dongao123,,
223.241.197.101,1,2,dongao123,,,
112.132.249.137,2,2,dongao123,ZHKJAH,,
183.161.163.112,1,2,dongao123,,,
114.99.121.104,2,2,dongao123,ZHKJAH,,
111.39.182.145,2,2,004,dongao123,,
112.31.41.204,1,2,ZHKJAH,,,
36.6.4.131,1,2,dongao123,,,
60.172.40.141,2,2,dongao123,ZHKJAH,,
117.65.142.90,1,2,dongao123,,,
220.179.124.184,1,2,dongao123,,,
183.161.84.240,1,2,dongao123,,,
114.103.231.248,3,2,004,dongao123,ZHKJAH,
120.209.42.201,2,2,ZHKJAH,dongao123,,
218.22.125.203,2,2,dongao123,ZHKJAH,,
183.165.98.142,2,2,dongao123,004,,
36.63.191.86,1,2,dongao123,,,
120.242.4.168,2,2,004,dongao123,,
60.174.195.200,1,2,ZHKJAH,,,
60.175.17.73,2,2,ZHKJAH,dongao123,,
60.171.22.199,2,2,dongao123,ZHKJAH,,
114.100.14.114,1,2,dongao123,,,
223.245.227.150,1,2,dongao123,,,
183.165.104.99,1,2,dongao123,,,
112.27.238.152,1,2,dongao123,,,
60.175.230.115,1,2,dongao123,,,
60.171.222.18,2,2,ZHKJAH,dongao123,,
61.191.136.8,1,2,ZHKJAH,,,
114.98.63.226,1,2,dongao123,,,
36.7.86.140,2,2,004,dongao123,,
220.180.30.194,2,2,ZHKJAH,dongao123,,
36.56.91.169,1,2,ZHKJAH,,,
211.141.185.9,2,2,dongao123,ZHKJAH,,
218.23.194.102,2,2,dongao123,ZHKJAH,,
60.169.86.20,1,2,ZHKJAH,,,
112.123.239.81,2,2,dongao123,ZHKJAH,,
114.103.219.32,1,2,dongao123,,,
183.161.80.99,1,2,dongao123,,,
60.169.17.223,1,2,dongao123,,,
220.180.157.138,2,2,dongao123,ZHKJAH,,
60.174.220.88,1,2,ZHKJAH,,,
60.175.123.21,2,2,ZHKJAH,dongao123,,
112.27.70.85,2,2,dongao123,ZHKJAH,,
183.166.59.251,2,2,dongao123,ZHKJAH,,
183.162.167.115,1,2,ZHKJAH,,,
61.191.219.47,1,2,dongao123,,,
60.171.239.24,2,2,ZHKJAH,004,,
36.4.79.241,1,2,ZHKJAH,,,
112.26.107.59,2,2,ZHKJAH,dongao123,,
36.4.232.134,1,2,dongao123,,,
117.70.66.4,1,2,dongao123,,,
60.166.5.139,1,2,ZHKJAH,,,
124.113.228.188,1,2,004,,,
220.179.157.97,1,2,dongao123,,,
220.178.181.93,1,2,ZHKJAH,,,
112.29.114.37,1,2,ZHKJAH,,,
223.243.26.73,1,2,dongao123,,,
223.214.239.104,1,2,dongao123,,,
183.164.103.137,1,2,dongao123,,,
112.26.19.104,2,2,dongao123,ZHKJAH,,
36.63.73.100,1,2,dongao123,,,
223.240.139.153,1,2,ZHKJAH,,,
223.214.124.68,1,2,dongao123,,,
223.242.140.83,1,2,dongao123,,,
112.28.26.64,1,2,004,,,
222.95.81.46,2,2,004,ZHKJAH,,
223.240.149.193,2,2,004,dongao123,,
36.4.237.100,2,2,dongao123,004,,
36.63.180.2,1,2,dongao123,,,
60.174.37.244,1,2,ZHKJAH,,,
120.242.39.247,1,2,dongao123,,,
220.248.239.82,2,2,dongao123,ZHKJAH,,
112.27.238.153,1,2,dongao123,,,
220.179.226.32,1,2,dongao123,,,
36.6.231.56,2,2,dongao123,ZHKJAH,,
223.215.81.39,2,2,ZHKJAH,dongao123,,
180.175.198.2,1,2,dongao123,,,
60.175.91.87,1,2,dongao123,,,
218.23.88.146,1,2,ZHKJAH,,,
124.112.211.197,1,2,dongao123,,,
60.174.128.57,2,2,004,dongao123,,
36.7.120.54,2,2,ZHKJAH,dongao123,,
60.173.16.248,2,2,004,ZHKJAH,,
61.191.92.20,1,2,ZHKJAH,,,
183.167.52.142,2,2,ZHKJAH,dongao123,,
114.105.14.62,1,2,dongao123,,,
220.178.166.103,2,2,dongao123,ZHKJAH,,
223.244.82.233,2,2,dongao123,ZHKJAH,,
60.173.182.113,2,2,dongao123,004,,
220.179.122.102,2,2,ZHKJAH,dongao123,,
36.62.198.1,1,2,ZHKJAH,,,
114.101.68.11,2,2,ZHKJAH,dongao123,,
112.53.225.245,2,2,dongao123,ZHKJAH,,
218.22.150.110,1,2,dongao123,,,
60.174.141.93,1,2,dongao123,,,
183.167.186.23,2,2,ZHKJAH,dongao123,,
36.6.5.169,2,2,004,dongao123,,
223.240.133.39,2,2,dongao123,ZHKJAH,,
117.65.166.214,1,2,dongao123,,,
60.166.5.159,1,2,ZHKJAH,,,
112.31.57.173,1,2,ZHKJAH,,,
60.171.156.66,2,2,dongao123,ZHKJAH,,
60.175.166.137,2,2,dongao123,ZHKJAH,,
183.165.130.165,2,2,004,dongao123,,
36.33.94.172,2,2,dongao123,004,,
223.241.220.196,1,2,dongao123,,,
111.39.68.81,1,2,ZHKJAH,,,
60.169.236.131,2,2,ZHKJAH,dongao123,,
60.166.5.134,1,2,ZHKJAH,,,
60.174.167.7,1,2,ZHKJAH,,,
211.141.192.2,2,2,004,dongao123,,
218.23.118.35,1,2,dongao123,,,
112.30.75.48,1,2,ZHKJAH,,,
60.171.147.65,2,2,004,dongao123,,
60.171.132.5,2,2,dongao123,ZHKJAH,,
223.244.122.10,1,2,dongao123,,,
183.160.124.114,2,2,dongao123,ZHKJAH,,
36.33.156.118,2,2,dongao123,004,,
114.99.238.116,1,2,dongao123,,,
60.170.119.57,1,2,dongao123,,,
61.190.202.170,1,2,dongao123,,,
113.248.33.130,1,2,dongao123,,,
220.180.137.187,2,2,004,dongao123,,
120.242.8.209,2,2,ZHKJAH,dongao123,,
60.173.87.150,3,2,004,ZHKJAH,dongao123,
220.180.150.232,2,2,ZHKJAH,004,,
218.23.114.7,1,2,ZHKJAH,,,
218.23.123.52,2,2,dongao123,ZHKJAH,,
117.65.191.231,1,2,dongao123,,,
117.64.67.69,1,2,dongao123,,,
223.215.131.235,2,2,ZHKJAH,dongao123,,
112.32.177.221,1,2,dongao123,,,
220.178.181.46,1,2,dongao123,,,
36.4.236.160,1,2,dongao123,,,
220.180.150.230,1,2,ZHKJAH,,,
36.57.118.40,1,2,ZHKJAH,,,
117.67.69.69,2,2,ZHKJAH,dongao123,,
183.167.192.144,2,2,004,ZHKJAH,,
183.162.228.98,2,2,dongao123,ZHKJAH,,
114.104.92.179,1,2,dongao123,,,
218.23.217.178,1,2,dongao123,,,
183.162.205.134,1,2,dongao123,,,
120.209.49.108,1,2,dongao123,,,
60.166.60.81,1,2,dongao123,,,
111.39.134.3,1,2,dongao123,,,
36.62.206.29,2,2,ZHKJAH,dongao123,,
112.27.238.181,1,2,dongao123,,,
218.23.124.75,2,2,dongao123,004,,
60.175.91.100,2,2,ZHKJAH,dongao123,,
42.49.236.108,2,2,ZHKJAH,dongao123,,
58.242.44.38,1,2,dongao123,,,
36.57.7.140,3,2,004,dongao123,ZHKJAH,
60.173.88.61,1,2,dongao123,,,
117.64.75.61,2,2,dongao123,ZHKJAH,,
218.22.170.13,3,2,dongao123,ZHKJAH,004,
36.33.24.209,2,2,dongao123,004,,
114.99.215.150,1,2,ZHKJAH,,,
60.173.66.170,1,2,dongao123,,,
218.22.52.171,2,2,004,ZHKJAH,,
220.179.59.21,2,2,dongao123,ZHKJAH,,
60.170.224.158,1,2,dongao123,,,
117.71.69.124,2,2,ZHKJAH,dongao123,,
211.141.218.174,1,2,dongao123,,,
36.63.46.119,1,2,ZHKJAH,,,
183.165.120.102,1,2,ZHKJAH,,,
114.105.90.125,1,2,ZHKJAH,,,
60.172.4.132,2,2,ZHKJAH,dongao123,,
112.132.11.65,3,2,004,ZHKJAH,dongao123,
120.242.13.23,1,2,dongao123,,,
36.7.67.235,1,2,dongao123,,,
58.243.57.18,1,2,ZHKJAH,,,
